1	Jackson & Austin Terminal	41.87632969	-87.77411061	126
2	5900 W Jackson	41.87707463	-87.77132373	126
4	5700 W Jackson	41.8769922	-87.76826417	126
6	Jackson & Lotus	41.87652085	-87.76145179	126
7	5351 W Jackson	41.87655982	-87.75893123	126
8	Jackson & Lockwood	41.87657185	-87.75731879	126
9	Jackson & Laramie	41.87660248	-87.75462104	126
10	Jackson & Leamington	41.8766342	-87.75317419	126
11	5047 W Jackson	41.87665915	-87.75128834	126
12	Jackson & Lavergne	41.87667615	-87.74884301	126
13	4849 W Jackson	41.87669677	-87.74702316	126
14	Jackson & Cicero	41.87677098	-87.74483644	126
15	Jackson & Kilpatrick	41.8768376	-87.74255479	126
16	Jackson & Kenton	41.87684143	-87.74059103	126
18	Jackson & Kilbourn	41.87689357	-87.73761999	126
19	Jackson & Kostner	41.87692282	-87.7351646	126
20	Jackson & Kildare	41.87694085	-87.73265578	126
21	Jackson & Keeler	41.87697085	-87.73020578	126
22	Jackson & Karlov	41.87701444	-87.72781365	126
23	Jackson & Pulaski	41.87704788	-87.725335	126
24	Jackson & Springfield	41.8770764	-87.72296018	126
25	Jackson & Hamlin	41.8770885	-87.72083241	126
26	Jackson & Central Park	41.87714967	-87.71548297	126
27	Jackson & St. Louis	41.87718885	-87.71324677	126
29	Jackson & Spaulding	41.87723901	-87.70828241	126
30	Jackson & Kedzie	41.87726589	-87.7057797	126
31	Jackson & Albany	41.87729585	-87.70332877	126
32	Jackson & Sacramento	41.87732585	-87.70087277	126
34	Jackson & California	41.87737867	-87.69596091	126
36	2609 W Jackson	41.87743145	-87.6916633	126
38	Jackson & Western	41.87749727	-87.68603149	126
39	Jackson & Oakley	41.87750385	-87.68365776	126
40	Jackson & Leavitt	41.87755181	-87.6812767	126
41	Jackson & Hoyne	41.87740287	-87.67874163	126
42	Jackson & Damen	41.87742885	-87.67667812	126
44	Damen & Congress	41.87514532	-87.67664815	50, 126
48	Harrison & Wood	41.87406685	-87.67133976	126
51	Ashland & Van Buren	41.87655943	-87.66652097	9, 126, X9
52	Malcolm X College	41.87744033	-87.67484661	126
53	Jackson & Ogden	41.87749518	-87.67104307	126
54	Jackson & Paulina	41.87753226	-87.66899623	126
55	Jackson & Ashland	41.87756252	-87.66689641	126
56	Jackson & Laflin	41.87759785	-87.66407376	126
57	Jackson & Loomis	41.87764185	-87.66165776	126
59	Jackson & Racine	41.87773716	-87.65678492	126
60	Jackson & Aberdeen	41.87775885	-87.65434376	126
61	Jackson & Morgan	41.87781483	-87.65170444	126
63	Jackson & Peoria	41.87785604	-87.64946649	126
64	Jackson & Halsted	41.87789765	-87.64697233	126
65	Jackson & Desplaines	41.87793472	-87.6437564	126
67	Jackson & Canal	41.87800485	-87.63978175	1
68	Jackson & Franklin	41.87805885	-87.63540675	1, 7, 28, 126, 130, 151, 156
69	Jackson & Financial Place	41.87808885	-87.63287375	1, 7, 28, 126, 130, 151
70	Jackson & Dearborn	41.87812885	-87.62947275	1, 7, 28, 126
71	Jackson & State	41.87814885	-87.62790475	1, 7, 28, 126
72	Jackson & Wabash	41.87821585	-87.62575775	1, 7, 28, 126
73	Michigan & Van Buren/Ida B. Wells	41.87627885	-87.62440175	1, 3, 4, 7, 26, 28, 126, 143, 147, J14, X4
74	Congress Plaza & Michigan	41.87486595	-87.62355688	7, 126, 143, 147
75	Michigan & Van Buren	41.87669785	-87.62416575	1, 7, 28, 126
76	Michigan & Jackson	41.87814285	-87.62419875	3, 4, 6, 26, 143, J14, X4
77	Adams & Wabash	41.87958285	-87.62588975	1, 7, 28, 126, 148, 151
80	Adams & Wells	41.87943385	-87.63402975	1, 7, 28, 126, 130, 134, 135, 136, 151, 156
84	Van Buren & Canal	41.87683533	-87.63938621	37
88	Van Buren & Halsted	41.87673385	-87.64705376	126
89	Van Buren & Peoria	41.87668985	-87.64940675	126
92	Van Buren & Aberdeen	41.87662473	-87.65441295	126
93	Van Buren & Racine	41.87658368	-87.65680927	126
96	Van Buren & Laflin	41.8764545	-87.66410593	126
97	Van Buren & Ashland	41.87641733	-87.66647663	126
99	Van Buren & Ogden	41.87633688	-87.67188223	126
100	1900 W Van Buren	41.87624985	-87.67406276	126
101	Van Buren & Damen	41.87624785	-87.67607776	126
103	Harrison & Paulina	41.87421785	-87.66897576	126
107	Harrison & Ogden	41.87414935	-87.67455277	7, 126
108	Harrison & Damen	41.87411719	-87.67632629	7, 126
111	Damen & Jackson	41.87741727	-87.67635712	50
118	Jackson & Rockwell	41.87756679	-87.69097654	126
119	Jackson & Washtenaw	41.87753288	-87.69403808	126
120	Jackson & California	41.8775037	-87.69648924	126
122	Jackson & Sacramento	41.87745114	-87.70134023	126
123	Jackson & Albany	41.87741767	-87.70378846	126
124	Jackson & Kedzie	41.87740304	-87.70628389	126
126	Jackson & Homan	41.877361	-87.7111231	126
127	Jackson & St. Louis	41.87731351	-87.71366145	126
128	Central Park & Jackson	41.87702457	-87.71587528	126
129	Jackson & Hamlin	41.87721835	-87.7210538	126
130	Jackson & Springfield	41.87717625	-87.72333069	126
131	Jackson & Pulaski	41.87714451	-87.72580051	126
132	Jackson & Karlov	41.87711549	-87.72820129	126
133	Jackson & Keeler	41.87708512	-87.73065451	126
134	Jackson & Kildare	41.87710235	-87.73311192	126
135	Jackson & Kostner	41.87702535	-87.73556149	126
136	Jackson & Kilbourn	41.87699504	-87.73799678	126
138	Jackson & Kenton	41.87697331	-87.74070166	126
139	Jackson & Kilpatrick	41.8769345	-87.7428132	126
140	Jackson & Cicero	41.87686678	-87.74542476	126
141	4900 W Jackson	41.87682886	-87.74714481	126
142	Jackson & Lavergne	41.87677894	-87.74973704	126
143	5056 W Jackson	41.87676513	-87.75161796	126
144	Jackson & Leamington	41.87673642	-87.75354107	126
145	Jackson & Laramie	41.87673823	-87.75524578	126
146	Jackson & Lockwood	41.87668465	-87.75783513	126
147	5400 W Jackson	41.87665683	-87.75968403	126
148	Jackson & Lotus	41.87661996	-87.76155127	126
149	Jackson & Central	41.87661149	-87.76460404	126
150	5700 W Jackson	41.87717765	-87.76801871	126
152	Jackson & Mayfield	41.87724593	-87.77130849	126
153	Harrison & Central Terminal	41.87269084	-87.76480578	7
154	Harrison & Lotus	41.87281085	-87.76165979	7
155	5400 W Harrison	41.87290785	-87.75937279	7
156	Harrison & Lockwood	41.87286285	-87.75752579	7
157	Harrison & Laramie	41.87289038	-87.75449681	7
158	Harrison & Leamington	41.87290094	-87.75319089	7
159	Harrison & Lavergne	41.8730097	-87.7492141	7
160	Harrison & Cicero	41.87307247	-87.74515134	7
161	Harrison & Kilpatrick	41.87310685	-87.74266678	7
162	4630 W Harrison	41.87320585	-87.74089878	7
163	Harrison & Kolmar	41.87321285	-87.73949378	7
164	Harrison & Kilbourn	41.87322127	-87.73795427	7
165	Harrison & Kostner	41.87377219	-87.73550165	7
166	Kostner & Lexington	41.87163685	-87.73522878	7
167	Fifth Avenue & Kostner	41.8702706	-87.73495763	7
168	Fifth Avenue & Kildare	41.87090772	-87.73270669	7
169	Fifth Avenue & Keeler	41.87160785	-87.73010778	7
170	Fifth Avenue & Karlov	41.87230485	-87.72760878	7
171	Fifth Avenue & Pulaski	41.87290333	-87.72557642	7
172	Harrison & Springfield	41.87342685	-87.72309278	7
174	Harrison & Independence	41.87346485	-87.71957078	7
175	Harrison & Lawndale	41.87347685	-87.71822178	7
177	Harrison & St. Louis	41.87354885	-87.71333277	7
178	Harrison & Homan	41.87357385	-87.71088577	7
179	Harrison & Spaulding	41.87360985	-87.70846677	7
181	Harrison & Albany	41.87365961	-87.70351956	7
182	Harrison & Sacramento	41.8736976	-87.70105456	7
183	Harrison & Francisco	41.87372385	-87.69866677	7
185	Harrison & Washtenaw	41.87376285	-87.69378477	7
186	Harrison & Maplewood	41.87379285	-87.69071077	7
187	Harrison & Campbell	41.87381185	-87.68880277	7
188	Harrison & Western	41.87383119	-87.68641377	7
189	Harrison & Oakley	41.87388985	-87.68391877	7
190	Harrison & Leavitt	41.87391885	-87.68145476	7
191	Harrison & Hoyne	41.87395785	-87.67899576	7
193	Harrison & Ashland	41.87411343	-87.66679946	7
198	Harrison & Racine	41.87419885	-87.65717276	7
200	Harrison & Morgan	41.87429085	-87.65194376	7, 60
201	900 W Harrison	41.87434885	-87.64913776	7, 60
205	UIC-Halsted Blue Line Station	41.87550785	-87.64725975	8
206	Harrison & Halsted	41.87444885	-87.64775575	7, 60
207	900 W Harrison	41.87448546	-87.64986857	7, 60
208	Harrison & Morgan	41.87447085	-87.65158876	7, 60
210	Harrison & Racine	41.87433785	-87.65745276	7
216	Harrison & Hoyne	41.87404485	-87.67873476	7
217	Harrison & Leavitt	41.87401685	-87.68121076	7
218	Harrison & Oakley	41.87399537	-87.68359471	7
220	Harrison & Campbell	41.87392985	-87.68854877	7
221	Harrison & Maplewood	41.87392085	-87.69049877	7
222	Harrison & Washtenaw	41.87385785	-87.69358477	7
224	Harrison & Francisco	41.87381685	-87.69841077	7
225	Harrison & Sacramento	41.87386648	-87.70085674	7
226	Harrison & Albany	41.87383048	-87.70329775	7
227	Harrison & Kedzie	41.87376025	-87.70572473	7
228	Congress & Kedzie	41.87497523	-87.70608926	7
229	Congress & Spaulding	41.87460959	-87.70824509	7
230	Congress & Homan	41.87460259	-87.71054309	7
231	Congress & St. Louis	41.87438451	-87.71239605	7
233	3700 W Congress	41.87453781	-87.71791086	7, 126
234	Congress & Hamlin/Independence	41.87451733	-87.71961994	7, 126
235	Congress & Springfield	41.87450385	-87.72259378	7
237	Congress & Karlov	41.87440653	-87.72775279	7
239	Congress & Kildare	41.87435429	-87.73270879	7
240	Harrison & Kostner	41.87378259	-87.7357051	7
241	Harrison & Kilbourn	41.87335215	-87.73747524	7
242	Harrison & Kolmar	41.87331008	-87.73914453	7
243	4630 W Harrison	41.87325648	-87.74083009	7
244	Harrison & Kilpatrick	41.87320602	-87.74242219	7
246	Harrison & Lavergne	41.87308181	-87.74899335	7, 57
247	Harrison & Leamington	41.87306137	-87.75320701	7, 57
248	Harrison & Laramie	41.87302624	-87.75465645	7, 57
249	Harrison & Lockwood	41.87296136	-87.75730902	7
250	5400 W Harrison	41.87296047	-87.75948602	7
252	Harrison & Central	41.8729318	-87.76448301	7
257	5500W Roosevelt	41.86555861	-87.76277863	12
258	Roosevelt & 54th Avenue	41.86560082	-87.75946501	12
259	5300 W. Roosevelt	41.86565722	-87.75705856	12
260	Roosevelt & Laramie	41.86565643	-87.7546797	12
261	Roosevelt & 51st Avenue	41.86574288	-87.75214404	12
262	Roosevelt & 50th Avenue	41.86575762	-87.74976505	12
263	Roosevelt & 49th Avenue	41.86579576	-87.74733325	12
265	Roosevelt & 47th Avenue	41.86586623	-87.74241643	12
268	Roosevelt & Kilbourn	41.86593515	-87.73750567	12
270	Roosevelt & Kildare	41.8660058	-87.732603	12
272	Roosevelt & Karlov	41.86608285	-87.72772678	12
274	Roosevelt & Springfield	41.86612293	-87.72282704	12
275	Roosevelt & Independence	41.86615631	-87.72026823	12
277	Roosevelt & Lawndale	41.86618561	-87.71794769	12
278	Roosevelt & Central Park	41.86621189	-87.71564039	12
279	Roosevelt & St. Louis	41.86626585	-87.71308677	12
283	Roosevelt & Albany	41.86635347	-87.70325277	12
284	Roosevelt & Sacramento	41.86637815	-87.70095927	12
285	Roosevelt & Francisco	41.86642685	-87.69843277	12
287	Roosevelt & Washtenaw	41.86648285	-87.69353277	12
288	Roosevelt & Talman	41.86649285	-87.69230777	12
296	Roosevelt & Wolcott	41.8666326	-87.67357317	12
297	Roosevelt & Wood	41.86665128	-87.67147397	12
298	Roosevelt & Paulina	41.86669842	-87.6690135	12
300	Roosevelt & Laflin	41.86677527	-87.66410565	12
302	Roosevelt & Throop	41.86685398	-87.65926234	12
303	Roosevelt & Racine	41.86689478	-87.6568219	12
305	Roosevelt & Blue Island	41.8669458	-87.65361104	12
306	Roosevelt & Morgan	41.86703739	-87.65122947	12
307	900 W Roosevelt	41.86701396	-87.6494113	12
310	Roosevelt & Jefferson	41.86712646	-87.64227639	12, 18, 62
312	Roosevelt & Canal	41.86714676	-87.63883173	12, 18, 62
315	Roosevelt & Clark	41.86724646	-87.63061186	12, 18, 62
316	Roosevelt & State	41.86729484	-87.6271163	12, 18, 130, 146, 192
326	327 W Roosevelt	41.86742411	-87.63554935	12, 18, 62
327	Roosevelt & Canal	41.86740804	-87.63906117	12, 18, 62
332	900 W Roosevelt	41.86722706	-87.6494372	12
333	Roosevelt & Morgan	41.86719657	-87.65089924	12
334	Roosevelt & Blue Island	41.86717505	-87.65308541	12
335	Roosevelt & May	41.86712126	-87.65499687	12
336	Roosevelt & Racine	41.86711318	-87.65652081	12
337	Roosevelt & Throop	41.86707394	-87.65904044	12
341	Roosevelt & Paulina	41.86703661	-87.66879849	12
342	Roosevelt & Wood	41.86701154	-87.67112898	12
343	Roosevelt & Wolcott	41.86696721	-87.67354398	12
344	Roosevelt & Damen	41.86694318	-87.67595854	12
348	Roosevelt & Western	41.8667238	-87.68586026	12
349	Roosevelt & Campbell	41.86669193	-87.68878149	12
350	Roosevelt & Talman	41.86660486	-87.69217277	12
351	Roosevelt & Washtenaw	41.86664268	-87.69330786	12
353	Roosevelt & Francisco	41.86657293	-87.69825689	12
354	Roosevelt & Sacramento	41.8665476	-87.70065175	12
355	Roosevelt & Albany	41.86651976	-87.70315054	12
356	Roosevelt & Kedzie	41.86650842	-87.70540846	12
357	Roosevelt & Spaulding	41.86645756	-87.70793171	12
358	Roosevelt & Homan	41.86642578	-87.71027553	12
359	Roosevelt & St. Louis	41.86641244	-87.7128794	12
361	Roosevelt & Lawndale	41.86635319	-87.71777095	12
362	Roosevelt & Independence	41.86633338	-87.71939103	12
364	Roosevelt & Springfield	41.86629257	-87.72266503	12
365	Roosevelt & Pulaski	41.86626185	-87.72504652	12
366	Roosevelt & Karlov	41.86621702	-87.72754883	12
367	Roosevelt & Keeler	41.86619221	-87.72995813	12
368	Roosevelt & Kildare	41.86613089	-87.73236299	12
369	Roosevelt & Kostner	41.86611191	-87.73480342	12
370	Roosevelt & Kilbourn	41.86607645	-87.73720821	12
373	Roosevelt & 47th Avenue	41.86602601	-87.74225929	12
375	Roosevelt & 49th Avenue	41.86594089	-87.74703541	12
376	Roosevelt & 50th Avenue	41.8659103	-87.74946854	12
377	Roosevelt & 51st Avenue	41.8658569	-87.7520362	12
379	5300 W Roosevelt	41.86582258	-87.75701849	12
380	Roosevelt & 54th Avenue	41.86577556	-87.75926685	12
381	5500 W Roosevelt	41.86572287	-87.76210458	12
382	Roosevelt & Central	41.86567416	-87.7641751	12
386	Madison & Austin Terminal	41.88032085	-87.77404879	20
388	Madison & Mayfield	41.880017	-87.77147809	20
389	Madison & Menard	41.88009561	-87.7699277	20
390	Madison & Waller	41.88011261	-87.7682207	20
391	Madison & Parkside	41.88015461	-87.7666227	20
394	Madison & Lotus	41.8802106	-87.7619247	20
395	Madison & Long	41.88020766	-87.75997294	20
396	Madison & Lockwood	41.88025972	-87.75779544	20
397	Madison & Laramie	41.88027785	-87.75526579	20
402	Madison & Kilpatrick	41.88045085	-87.74300378	20
403	Madison & Kenton	41.88048285	-87.74071078	20
409	Madison & Pulaski	41.88062207	-87.72582924	20
412	Madison & Central Park	41.88081505	-87.71598028	20
413	Madison & St. Louis	41.88082173	-87.71382541	20
415	Madison & Spaulding	41.88089485	-87.70872777	20
416	Madison & Kedzie	41.88090985	-87.70633877	20
417	Madison & Albany	41.88095985	-87.70315277	20
420	Madison & California	41.88101643	-87.69601342	20
421	Madison & Washtenaw	41.8810403	-87.69405377	20
423	Madison & Campbell	41.88107037	-87.68898223	20
425	Madison & Oakley	41.88113582	-87.68411573	20
427	Madison & Hoyne	41.88123985	-87.67929877	20
428	Madison & Damen	41.88126985	-87.67685576	20
429	Madison & United Center (1900 W)	41.88130459	-87.6742524	20
430	Madison & Wood	41.88133626	-87.67186882	20
431	Madison & Paulina	41.88137785	-87.66951876	20
432	Madison & Ashland	41.88140246	-87.66700553	20
435	Madison & Throop	41.88153285	-87.65977076	20
436	Madison & Racine	41.88155285	-87.65733876	20
437	Madison & Aberdeen	41.88161585	-87.65490276	20
439	Madison & Peoria	41.8816856	-87.64984351	20
440	Halsted & Madison	41.88200785	-87.64728576	8, 20
442	Washington & Jefferson	41.88311785	-87.64285375	20, 56, J14
443	Washington & Canal	41.88309185	-87.63998175	20, 56, 60, 124, 125, 157, J14
445	Washington & Franklin	41.88313585	-87.63552175	20, 56, 60, 124, 157, J14
446	Washington & Lasalle	41.88314485	-87.63263075	20, 56, 60, 124, 157, J14
448	Washington & State	41.88317743	-87.6275027	20, 56, 60, 124, 151, 157, J14
449	Washington & Wabash	41.88316685	-87.62597175	4, 20, 56, 66, 147, J14
450	Madison & Wabash	41.88214785	-87.62597875	20, 56, 60, 66, 124, 157, J14
455	Madison & Clinton	41.8819552	-87.64104917	20, 56, J14
456	Madison & Jefferson	41.88192248	-87.64284114	20, J14
458	Madison & Peoria	41.88180785	-87.64948276	20
459	Madison & Morgan	41.88177485	-87.65183876	20
460	Madison & Aberdeen	41.88172985	-87.65420076	20
462	Madison & Throop	41.88164785	-87.65948876	20
463	Madison & Loomis	41.88159485	-87.66204576	20
464	Madison & Laflin	41.88155585	-87.66449576	20
465	Madison & Ashland	41.88153085	-87.66657276	20
466	Madison & Paulina	41.88149785	-87.66911876	20
468	Madison & United Center (1900 W)	41.88142657	-87.67424314	20
469	Madison & Damen	41.88140585	-87.67645376	20
470	Madison & Hoyne	41.88134485	-87.67892876	20
473	Madison & Western	41.88124285	-87.68619877	20
478	Madison & Francisco	41.88111085	-87.69855777	20
479	Madison & Sacramento	41.88109585	-87.70106777	20
480	Madison & Albany	41.88105985	-87.70346277	20
482	Madison & Spaulding	41.88099985	-87.70857777	20
484	Madison & St. Louis	41.88095085	-87.71377777	20
485	Madison & Central Park	41.88093349	-87.71582539	20
486	Madison & Hamlin	41.88087339	-87.72098393	20
487	Madison & Springfield	41.88081346	-87.72310928	20
494	Madison & Kenton	41.88065785	-87.74060378	20
495	Madison & Kilpatrick	41.88063985	-87.74259578	20
496	Madison & Cicero	41.88061719	-87.7451286	20
497	Madison & Lamon	41.88057844	-87.74752428	20
498	Madison & Lavergne	41.88055987	-87.75004459	20
499	Madison & Leclaire	41.88050135	-87.75246815	20
502	Madison & Long	41.88041895	-87.75996977	20
505	Madison & Central	41.88036488	-87.76469751	20
506	Madison & Parkside	41.88031841	-87.76639465	20
507	Madison & Waller	41.88029141	-87.76804165	20
508	Madison & Menard	41.88027341	-87.76966665	20
509	Madison & Mayfield	41.88023441	-87.7716668	20
510	Chicago & Austin Terminal	41.89493338	-87.774849	66
515	Chicago & Central	41.89479828	-87.76552971	66
516	Chicago & Pine	41.89482085	-87.76368679	66
518	Chicago & Lockwood	41.89486485	-87.75815779	66
520	Chicago & Leclaire	41.89489985	-87.75325579	66
522	Chicago & Lamon	41.89492476	-87.74831155	66
523	Chicago & Cicero	41.89491352	-87.74594268	66
524	Chicago & Kilpatrick	41.89498576	-87.74358055	66
525	Chicago & Kilbourn	41.89507405	-87.73840331	66
527	Chicago & Kildare	41.89516721	-87.73356787	66
528	Chicago & Keeler	41.89518804	-87.7310432	66
529	Chicago & Karlov	41.89523854	-87.72860506	66
530	Chicago & Pulaski	41.89529755	-87.72621657	66
531	Chicago & Springfield	41.89535802	-87.7237095	66
535	Chicago & St. Louis	41.8954139	-87.71398902	66
537	Chicago & Spaulding	41.89541688	-87.70906678	66
538	Chicago & Kedzie	41.89548208	-87.70669667	66
540	Chicago & Sacramento	41.8955223	-87.70256275	66
543	Chicago & Grand	41.8955674	-87.6991223	66, 94
544	Chicago & California	41.89558089	-87.69681202	66
545	Chicago & Washtenaw	41.89559929	-87.6943615	66
547	Chicago & Campbell	41.89563598	-87.68941975	66
550	Chicago & Leavitt	41.89575645	-87.68207532	66
551	Chicago & Hoyne	41.89579526	-87.6796031	66
552	Chicago & Damen	41.89583864	-87.67719745	66
553	Chicago & Wolcott	41.89587789	-87.67474831	66
556	Chicago & Ashland	41.8960009	-87.66747986	66
557	Chicago & Bishop	41.89605199	-87.6641516	66
559	Chicago & Elizabeth	41.89612957	-87.65956623	66
561	Chicago & Milwaukee (Blue Line)	41.89620469	-87.65554887	66
572	Chicago & Franklin (Brown line)	41.89648162	-87.63591812	37, 66
574	Chicago & LaSalle	41.89652555	-87.63295789	66
580	Chicago & Michigan	41.8966687	-87.62453585	66
582	Chicago & Fairbanks	41.89672386	-87.62053575	3, 26, 66, 157
584	Fairbanks & Huron	41.89513486	-87.62038075	3, 66, 120, 121, 157
587	Fairbanks & Ohio	41.89234786	-87.62038575	2, 66, 120, 121
589	Grand & McClurg	41.8919258	-87.61799011	2, 29, 65, 66, 120, 121, 124
590	Grand & Fairbanks/Columbus	41.89186986	-87.62001475	2, 29, 65, 66, 120, 121
593	Fairbanks & Erie	41.89408886	-87.62022975	3, 66, 120, 121, 157
595	Fairbanks & Superior	41.89569686	-87.62029075	3, 66, 120, 121, 157
596	Fairbanks & Chicago	41.89665286	-87.62031675	120, 121
597	Chicago & Mies Van Der Rohe	41.89684602	-87.62171442	3, 26, 66, 157
599	Chicago & Michigan	41.89680823	-87.62449911	66
601	Chicago & State (Red Line)	41.89674889	-87.62802819	66
618	Chicago & Racine	41.89631654	-87.65740396	66
621	Chicago & Greenview	41.89620485	-87.66469676	66
622	Chicago & Ashland	41.89615926	-87.66708492	66
625	Chicago & Wolcott	41.8960386	-87.67449577	66
631	Chicago & Campbell	41.89580432	-87.689164	66
633	Chicago & Washtenaw	41.89575737	-87.69416359	66
634	Chicago & California	41.895738	-87.69658078	66
636	Chicago & Grand	41.89571406	-87.69975158	66, 94
638	Chicago & Sacramento	41.89567444	-87.7026472	66
641	Chicago & Spaulding	41.89561861	-87.7087673	66
643	Chicago & St. Louis	41.89556983	-87.71376902	66
644	Chicago & Central Park	41.89554786	-87.71621107	66
647	Chicago & Springfield	41.89549515	-87.72350651	66
648	Chicago & Pulaski	41.89545248	-87.72590695	66
649	Chicago & Karlov	41.89538584	-87.72843492	66
650	Chicago & Keeler	41.89536187	-87.73090956	66
651	Chicago & Kildare	41.89532077	-87.73335446	66
653	Chicago & Kilbourn	41.89522801	-87.73830492	66
654	Chicago & Kilpatrick	41.89513797	-87.74342006	66
656	Chicago & Lamon	41.89505781	-87.74809623	66
658	Chicago & Leclaire	41.89504289	-87.75310502	66
659	Chicago & Laramie	41.89503003	-87.75543937	66
660	Chicago & Lockwood	41.8950092	-87.75797067	66
662	Chicago & Pine	41.89490718	-87.76346686	66
668	Grand & Nordica Terminal	41.92385977	-87.8019919	65, 74
669	Grand & Sayre	41.92350485	-87.8008568	65, 74
670	Grand & Newland	41.92351985	-87.7990238	65, 74
671	Grand & Newcastle	41.92353385	-87.7971948	65, 74
672	Grand & Oak Park	41.92352604	-87.79541961	65, 74
677	Grand & Mobile	41.92187085	-87.7830658	65
680	Grand & Austin	41.92049885	-87.7757188	65
681	Grand & Marmora	41.92007137	-87.77326221	65
683	Grand & Major	41.91917204	-87.76835591	65
685	5500 W Grand	41.91822189	-87.7632038	65
686	Grand & Long	41.91781292	-87.76097389	65
688	Grand & Latrobe	41.91720257	-87.75765645	65
689	Grand & Laramie	41.91690181	-87.75609452	57, 65, 73
690	Grand & Leclaire/Armitage	41.9167917	-87.75352115	65
691	Grand & Lamon	41.91523178	-87.74946202	65
692	Grand & Cicero	41.91389809	-87.74616743	65
693	Grand & Kilpatrick	41.91293462	-87.74366304	65
694	Grand & Kenton	41.91167532	-87.74053898	65
695	Grand & Kilbourn	41.91097385	-87.73871678	65
696	Grand & Kostner	41.91004385	-87.73636678	65
698	Grand & Kildare	41.90911385	-87.73399978	65
700	Grand & Karlov	41.90709085	-87.72900178	65
702	Grand & Springfield	41.90515422	-87.72413076	65
703	Grand & Hamlin	41.90419607	-87.72160019	65
704	Grand & Lawndale	41.90343767	-87.71962375	65
708	Grand & Thomas	41.90104665	-87.71369291	65
714	Grand & Sacramento Blvd.	41.89640674	-87.70205453	65
717	Grand & Washtenaw	41.89329085	-87.69426077	65
723	Grand & Leavitt	41.89069986	-87.68179483	65
724	Grand & Hoyne	41.89070817	-87.67951386	65
725	Grand & Damen	41.89076764	-87.67702648	65
726	Grand & Wolcott	41.89081364	-87.67458148	65
727	Grand & Wood	41.89084864	-87.67214748	65
728	Grand & Paulina	41.89088464	-87.66972048	65
729	Grand & Ashland	41.89091134	-87.66731693	65
730	Grand & Armour	41.89092438	-87.66559917	65
731	Grand & Noble	41.89096638	-87.66234816	65
735	Grand & Aberdeen	41.89103651	-87.65473629	65
736	Grand & Morgan	41.89106665	-87.65242966	65
737	Grand & Peoria	41.89109625	-87.6498526	65
738	Grand & Halsted/Milwaukee (Blue Line)	41.89112305	-87.6477829	65
739	Grand & Union	41.89112225	-87.6458926	65, 66
741	530 W Grand	41.89117333	-87.64337122	65, 66
742	Grand & Kingsbury	41.89143524	-87.63997323	65, 66
744	Grand & Franklin	41.89151524	-87.63563923	65
747	Illinois & Clark	41.89076586	-87.63128475	65
751	Illinois (Lower) & Michigan	41.89088891	-87.62433173	29, 65
754	Illinois & McClurg	41.89100986	-87.61786575	2, 29, 65, 66, 124
755	Illinois & Peshtigo	41.89104986	-87.61538175	2, 29, 65, 66, 124
756	Illinois & Lake Shore	41.89103297	-87.61315337	2, 29, 65, 66
758	Navy Pier Terminal	41.89229697	-87.61017288	29
759	Grand & Streeter	41.89201886	-87.61213075	2, 29, 65, 66, 124
760	Grand & Peshtigo	41.89195686	-87.61539675	2, 29, 65, 66, 124
761	Grand & St. Clair	41.89183186	-87.62253175	29, 65
764	Grand & State (Red Line)	41.89174401	-87.62790657	65
765	Grand & Dearborn	41.89172186	-87.62947275	65
766	Grand & Clark	41.89170086	-87.63095075	65
769	Grand & Franklin	41.8916728	-87.63546687	65, 66
771	Grand & Kingsbury	41.89158686	-87.63976275	65, 66
772	530 W Grand	41.89133986	-87.64279475	65, 66
776	Grand & Peoria	41.89124477	-87.64986028	65
778	Grand & Aberdeen	41.89119842	-87.65450541	65
780	Grand & Racine	41.89116736	-87.65726321	65
781	Grand & Ogden	41.8911561	-87.65869272	65
782	Grand & Noble	41.89108901	-87.66210566	65
783	Grand & Armour	41.89108927	-87.66541172	65
784	Grand & Ashland	41.89107175	-87.66696443	65
785	Grand & Paulina	41.89102588	-87.66948357	65
786	Grand & Wood	41.89099455	-87.67186777	65
787	Grand & Wolcott	41.89095569	-87.67435929	65
789	Grand & Hoyne	41.89087579	-87.6791861	65
790	Grand & Leavitt	41.89078351	-87.68161628	65
791	Grand & Oakley	41.89078215	-87.68413527	65
794	Grand & Rockwell	41.89239465	-87.69160604	65
796	Grand & Washtenaw	41.8934173	-87.69405971	65
797	Grand & California	41.89424385	-87.69624477	65
798	Grand & Chicago	41.89539966	-87.69907581	65
800	Grand & Sacramento	41.89687148	-87.70280633	52, 65
802	Grand & Kedzie	41.89821039	-87.70622389	65
805	Grand & Thomas	41.90112643	-87.71344401	65
808	Grand & Division	41.90262869	-87.71730531	65
809	Grand & Lawndale	41.90350585	-87.71949678	65
811	Grand & Springfield	41.90517814	-87.72376262	65
812	Grand & Pulaski	41.9061676	-87.72627138	65
813	Grand & Karlov	41.90720237	-87.72875964	65
814	Grand & Keeler	41.90815607	-87.73122157	65
815	Grand & Kildare	41.909109	-87.73364843	65
817	Grand & Kostner	41.91026285	-87.73658178	65
818	Grand & Kilbourn	41.91099985	-87.73844979	65
819	Grand & Kenton	41.91170486	-87.74018546	65
820	4700 W Grand	41.91293572	-87.74327101	65
821	Grand & Cicero	41.91398504	-87.74579179	65
822	Grand & Lamon	41.91532189	-87.74920043	65
823	Grand & Leclaire/Armitage	41.91669536	-87.7528236	65
826	Grand & Lockwood	41.91744634	-87.75830298	65
828	5500 W Grand	41.91832336	-87.76309023	65
829	Grand & Central	41.91895179	-87.76629909	65
830	Grand & Major	41.91925849	-87.7681679	65
832	Grand & Marmora	41.92016031	-87.7730639	65
833	Grand & Austin	41.92062026	-87.77547941	65
834	Grand & Meade	41.92106456	-87.77797814	65
836	Grand & Mobile	41.92196052	-87.78288124	65
837	Grand & Narragansett	41.92266895	-87.78528291	65
838	Grand & Natchez	41.92328298	-87.78769863	65
840	Grand & Normandy	41.92370555	-87.79269284	65, 74
842	Grand & New England	41.92367135	-87.79751132	65, 74
844	Grand & Sayre	41.92360689	-87.80052154	65, 74
845	Neva & North Ave	41.90903385	-87.8040158	72
846	North Ave & Forest	41.90884724	-87.80129633	72
847	North Ave & Kenilworth	41.90890785	-87.7981088	72
848	North Ave & Oak Park	41.90897814	-87.79517612	72
849	North Ave & Linden	41.9090038	-87.7924564	72
850	North Ave & East	41.90900385	-87.7901028	72
851	North Ave & Elmwood	41.90900864	-87.78748255	72
852	North Ave & Narragansett	41.90907058	-87.78511338	72
854	North Ave & Ridgeland	41.90910585	-87.78351072	72, 86
856	North Ave & Lombard	41.90911768	-87.78091112	72
860	North Ave & Menard	41.90921511	-87.77086667	72
861	North Ave & Major	41.9092691	-87.76781071	72
863	North Ave & Linder	41.90935385	-87.76318379	72
865	North Ave & Lockwood	41.90942434	-87.75801881	72
867	North Ave & Leclaire	41.90944254	-87.75276528	72
868	North Ave & Lavergne	41.90946205	-87.75114843	72
870	North Ave & Cicero	41.90951871	-87.74637544	72
871	North Ave & Kilpatrick	41.90955855	-87.74378138	72
874	North Ave & Kostner	41.90965385	-87.73650878	72
875	North Ave & Grand	41.90968585	-87.73446878	72
879	North Ave & Springfield	41.90980706	-87.7242429	72
880	North Ave & Hamlin	41.90988785	-87.72176878	72
881	North Ave & Lawndale	41.90988822	-87.71936989	72
882	North Ave & Central Park	41.90993089	-87.71680303	72
883	North Ave & St. Louis	41.90991631	-87.71452706	72
885	North Ave & Spaulding	41.90998841	-87.70958137	72
887	North Ave & Albany	41.91004211	-87.7047561	72
888	North Ave & Humboldt	41.91007093	-87.70201119	72
889	North Ave & Francisco	41.9101033	-87.69893145	72
890	North Ave & California	41.91012159	-87.69722928	72
891	North Ave & Washtenaw	41.91019102	-87.69464226	72
893	North Ave & Campbell	41.91023151	-87.68976133	72
894	North Ave & Western	41.91021288	-87.68743993	72
895	North Ave & Oakley	41.91029451	-87.68486233	72
896	North Ave & Leavitt	41.9103345	-87.68242733	72
897	North Ave & Hoyne	41.91036199	-87.68004555	72
898	North Ave & Milwaukee/Damen (Blue Line)	41.91042118	-87.67767664	72
899	North Ave & Wolcott	41.91047152	-87.67513974	72
900	North Ave & Wood	41.91050752	-87.67268674	72
901	North Ave & Paulina	41.91054352	-87.67025074	72
902	North Ave & Ashland	41.91056442	-87.6678835	72
903	North Ave & Bosworth	41.91057765	-87.66629267	9, 72
910	North Ave & Sheffield	41.91077612	-87.65315265	9, 72
913	North Ave & Clybourn/Halsted (Red Line)	41.91084571	-87.64898165	9, 72
915	North Ave & Orchard	41.9109109	-87.645936	9, 72
916	North Ave & Larrabee	41.91093	-87.64362808	9, 72
918	North Ave & Sedgwick (Brown Line)	41.91100629	-87.63878333	9, 72
919	North Ave & North Park	41.91103594	-87.63679637	9, 72
920	North Ave & Wells	41.91105777	-87.63487966	9, 72
923	North Ave & Clark Terminal	41.91128786	-87.63120075	9, 72
924	North Ave & Clark	41.91124235	-87.6320275	9, 72
926	North Ave & Wells	41.91119444	-87.63453312	9, 72
927	North Ave & Sedgwick (Brown Line)	41.91123097	-87.63842484	9, 72
928	North Ave & Cleveland	41.91120497	-87.6407641	9, 72
929	North Ave & Larrabee	41.91107624	-87.64383664	9, 72
933	North Ave & Fremont	41.91095093	-87.65101951	9, 72
934	North Ave & Kingsbury	41.91087431	-87.6540524	9, 72, 73
939	North Ave & Bosworth	41.91070508	-87.66624828	9, 72
941	North Ave & Paulina	41.91069153	-87.67009975	72
942	North Ave & Wood	41.91062375	-87.67246631	72
943	North Ave & Wolcott	41.91058852	-87.67509676	72
945	North Ave & Milwaukee/Damen (Blue Line)	41.91055215	-87.67811477	72
946	North Ave & Hoyne	41.91054293	-87.67976602	72
947	North Ave & Leavitt	41.91050474	-87.68223346	72
949	North Ave & Western	41.91039776	-87.68703494	72
950	North Ave & Campbell	41.91037535	-87.68953613	72
951	North Ave & Rockwell	41.91038731	-87.69196898	72
954	North Ave & Francisco	41.91031109	-87.69891452	72
957	North Ave & Albany	41.91028019	-87.7044776	72
959	North Ave & Spaulding	41.91018821	-87.70986121	72
961	North Ave & Drake	41.91012195	-87.71471738	72
963	North Ave & Lawndale	41.91010238	-87.71885991	72
964	North Ave & Hamlin	41.91010438	-87.72125891	72
965	North Ave & Springfield	41.91002836	-87.72370125	72
967	North Ave & Karlov	41.90995711	-87.72868003	72
968	North Ave & Keeler	41.9099418	-87.73111576	72
971	North Ave & Kostner/Grand	41.90985285	-87.73680778	72
974	North Ave & Kilpatrick	41.90977586	-87.74330852	72
975	North Ave & Cicero	41.90975067	-87.745867	72
976	North Ave & Lamon	41.9096982	-87.7491015	72
977	North Ave & Lavergne	41.90964103	-87.75104355	72
978	North Ave & Leclaire	41.90965449	-87.75252651	72
981	North Ave & Long	41.90951704	-87.76040555	72
984	North Ave & Major	41.9094635	-87.76781948	72
985	North Ave & Menard	41.9094339	-87.77010949	72
986	North Ave & Mayfield	41.90939523	-87.77314765	72
987	North Ave & Austin	41.90937271	-87.77509831	72
988	North Ave & Meade	41.90930361	-87.77747584	72
989	North Ave & Melvina	41.90931877	-87.78000969	72
990	North Ave & Merrimac	41.9092872	-87.78156899	72
992	North Ave & Narragansett	41.90927977	-87.78440626	72
993	North Ave & Nagle	41.90922984	-87.78655993	72
996	North Ave & Natoma	41.90917066	-87.79181556	72
997	North Ave & Oak Park	41.90910866	-87.79450355	72
998	North Ave & New England	41.90912418	-87.79711518	72
999	North Ave & Sayre	41.90906605	-87.80013274	72
1000	North Ave & Nordica	41.90904623	-87.80200123	72
1001	North Ave & Neva	41.90900991	-87.80372982	72
1002	Harlem & North Ave	41.90914582	-87.8056297	72, 90
1004	Harlem & Wabansia	41.91056973	-87.80571282	72, 90
1005	Wabansia & Neva	41.91068885	-87.8041108	72
1011	Howard & Sheridan	42.0192029	-87.6661827	147
1012	Sheridan & Birchwood	42.01802888	-87.66580777	147
1014	Sheridan & Jarvis	42.01580855	-87.66511946	147
1015	Sheridan & Sherwin	42.01483191	-87.66469976	147
1016	Sheridan & Chase	42.01376488	-87.66415077	147
1017	Sheridan & Touhy	42.01265687	-87.66353177	147
1018	Sheridan & Estes	42.01142187	-87.66295777	147
1020	Sheridan & Lunt	42.00900987	-87.66215177	147
1021	Sheridan & Morse	42.00778487	-87.66175477	147
1023	Sheridan & Pratt	42.00537187	-87.66100377	147, 155
1025	Sheridan & North Shore	42.00334945	-87.66092516	147, 155
1027	Sheridan & Loyola (Red Line)	42.00143087	-87.66086577	147, 155
1028	Sheridan & Arthur	42.00025487	-87.66081377	147, 155
1029	Sheridan & Broadway/Devon	41.99813835	-87.66023127	136, 147, 151
1030	Sheridan & Winthrop	41.99812855	-87.65845202	136, 147, 151
1031	Sheridan & Kenmore	41.99817586	-87.65688608	136, 147, 151
1032	Sheridan & Rosemont	41.99624387	-87.65565977	136, 147, 151
1033	Sheridan & Granville	41.99442687	-87.65560377	136, 147, 151
1034	Sheridan & Glenlake	41.99217487	-87.65553377	136, 147, 151
1035	Sheridan & Thorndale	41.98992387	-87.65546477	136, 147, 151
1036	Sheridan & Ardmore	41.98746657	-87.6553847	136, 147, 151
1037	Sheridan & Hollywood	41.98534687	-87.65532477	136, 147, 151
1038	Sheridan & Bryn Mawr	41.98348887	-87.65525177	136, 147, 151
1039	Sheridan & Catalpa	41.98169187	-87.65522777	136, 147, 151
1040	Sheridan & Balmoral	41.97979032	-87.65516098	136, 147, 151
1041	Sheridan & Berwyn	41.97801981	-87.65513486	92, 136, 146, 147, 151
1042	Sheridan & Foster	41.97622087	-87.65507477	151
1043	Sheridan & Winona	41.97510287	-87.65505377	151
1044	Sheridan & Argyle	41.97312787	-87.65500677	151
1045	Sheridan & Ainslie	41.97144721	-87.65496145	151
1047	Sheridan & Lawrence	41.96893552	-87.65489967	151
1048	Sheridan & Leland	41.96709487	-87.65488777	151
1049	Sheridan & Wilson	41.96525387	-87.65486377	151
1050	Sheridan & Sunnyside	41.96342887	-87.65484376	151
1051	Sheridan & Montrose	41.96186587	-87.65480777	151
1052	Sheridan & Broadway/Montrose	41.96083568	-87.65479933	151
1053	4242 N Sheridan	41.95934887	-87.65472376	151
1054	Sheridan & Buena	41.95820987	-87.65472949	151
1055	Sheridan & Cuyler	41.95563487	-87.65469428	151
1056	Sheridan & Irving Park	41.95430598	-87.65461685	151, X9
1057	Sheridan & Sheffield	41.95263284	-87.65417389	151
1058	Sheridan & Fremont	41.95267033	-87.65174415	151
1060	Sheridan & Pine Grove	41.95281553	-87.64766469	151
1061	Lake Shore & Grace	41.95206563	-87.64511955	135, 146, 151, 152
1062	Lake Shore & Waveland	41.9502855	-87.64455019	135, 146, 151, 152
1063	Lake Shore & Addison	41.94859864	-87.64344051	135, 146, 151
1064	Lake Shore & Brompton	41.94756697	-87.64294996	135, 146, 151
1065	Lake Shore & Cornelia	41.9466264	-87.64238392	135, 146, 151
1067	Lake Shore & Hawthorne	41.94466256	-87.64129768	135, 146, 151
1068	Lake Shore & Roscoe	41.94322398	-87.64058447	135, 146, 151
1070	Lake Shore & Melrose	41.94129193	-87.6396757	151
1072	Sheridan & Briar	41.93857809	-87.63957448	134, 143, 151, 156
1073	Sheridan & Barry	41.93757324	-87.63954075	134, 143, 151, 156
1074	Sheridan & Wellington	41.93643247	-87.6395066	134, 143, 151, 156
1075	Sheridan & Oakdale	41.93539039	-87.63947109	134, 143, 151, 156
1076	Sheridan & Surf	41.93419414	-87.63943174	134, 143, 151, 156
1077	Sheridan & Diversey	41.93302333	-87.63940339	134, 143, 151, 156
1078	Stockton & Wrightwood	41.93131186	-87.63903655	134, 143, 151, 156
1079	Stockton & Roslyn	41.92830034	-87.63900749	134, 143, 151, 156
1080	Stockton & Arlington	41.92649591	-87.63778048	134, 143, 151, 156
1081	Stockton & Fullerton	41.92548386	-87.63616676	151, 156
1082	Stockton & Webster	41.92212396	-87.63581172	151, 156
1083	Stockton & Dickens	41.92031105	-87.6356968	151, 156
1084	Stockton & Armitage	41.91880269	-87.63463893	151, 156
1085	Stockton & Lincoln	41.91574686	-87.63308975	151, 156
1086	Stockton & LaSalle	41.91362314	-87.63185634	151, 156
1087	Lake Shore & North Ave	41.91050486	-87.62632275	151
1088	Lake Shore & Burton	41.90934986	-87.62624575	151
1089	Lake Shore & Schiller	41.90757286	-87.62578775	151
1090	Lake Shore & Banks	41.90660286	-87.62554775	151
1091	Lake Shore & Goethe	41.90566186	-87.62531575	151
1092	Lake Shore & Scott	41.90470986	-87.62515375	151
1093	Lake Shore & Division	41.90382986	-87.62503675	151
1094	Lake Shore & Elm	41.90298186	-87.62475775	151
1095	Lake Shore & Cedar	41.90223286	-87.62451875	151
1096	Lake Shore & Oak	41.90095486	-87.62428975	151
1097	Michigan & Delaware	41.89935286	-87.62425175	143, 146, 147, 148, 151
1098	Michigan & Pearson	41.89773886	-87.62423975	10, 125, 143, 146, 147, 148, 151
1100	Michigan & Erie	41.89429086	-87.62436975	3, 10, 26, 125, 143, 146, 147, 148, 151
1101	Michigan & Ohio	41.89269886	-87.62433375	2, 3, 10, 26, 143, 146, 147, 148, 151, 157
1102	Michigan & Illinois	41.89104012	-87.62429915	2, 3, 10, 26, 143, 146, 147, 148, 151, 157
1103	Michigan & Hubbard (Wrigley Bldg.)	41.88990186	-87.62424975	2, 3, 10, 26, 66, 143, 146, 147, 148, 151, 157
1104	Michigan & South Water	41.88691229	-87.62468635	3, 4, 26, 66, 143, 147, 148, 151, 157, X4
1105	Michigan & Lake/Randolph	41.88511186	-87.62462075	3, 4, 26, 66, 143, 147, 148, 151, 157, X4
1106	Michigan & Washington	41.88342185	-87.62459375	3, 4, 20, 26, 60, 66, 124, 143, 147, 148, 151, 157, X4
1108	Adams & S. Wacker	41.87940785	-87.63654775	1, 7, 28, 126, 130, 134, 135, 136, 151, 156
1110	Michigan & Jackson	41.87843685	-87.62445175	3, 4, 26, 143, 147, J14, X4
1111	Ida B Wells Drive & Wabash	41.87577585	-87.62579375	147
1113	State & Van Buren	41.87685552	-87.62754829	2, 10, 29, 130, 146, 147, 148
1115	State & Adams	41.87940926	-87.62761545	2, 10, 29, 146, 147, 148
1117	State & Madison	41.88193285	-87.62768075	2, 10, 29, 146, 147, 148
1119	Michigan & Randolph	41.88469579	-87.6243233	3, 6, 20, 26, 66, 143, 147, 151, 157
1120	Michigan & South Water	41.8867076	-87.62438975	3, 6, 20, 26, 66, 143, 147, 151, 157
1121	Michigan & E. Wacker	41.88808386	-87.62443075	2, 3, 6, 10, 20, 26, 66, 151, 157
1122	Michigan & Hubbard (Tribune Bldg.)	41.89021286	-87.62397475	2, 3, 10, 26, 66, 143, 146, 147, 148, 151, 157
1123	Michigan & Grand	41.89177686	-87.62403975	2, 3, 10, 26, 143, 146, 147, 148, 151, 157
1124	Michigan & Ontario	41.89320186	-87.62409475	3, 10, 26, 125, 143, 146, 147, 148, 151
1125	Michigan & Huron	41.89480586	-87.62410975	3, 10, 26, 125, 143, 146, 147, 148, 151
1126	Michigan & Chicago	41.89654286	-87.62413875	3, 10, 26, 125
1127	Michigan & Chestnut	41.89807686	-87.62396575	143, 146, 147, 148, 151
1128	Michigan & Delaware/Walton	41.89944286	-87.62400975	143, 146, 147, 148, 151
1129	Michigan & Oak	41.90065186	-87.62401375	151
1130	Lake Shore & Cedar	41.90252786	-87.62444375	151
1131	Lake Shore & Elm	41.90330986	-87.62470175	151
1132	Lake Shore & Division	41.90419886	-87.62497175	151
1133	Lake Shore & Scott	41.90495686	-87.62502975	151
1134	Lake Shore & Goethe	41.90606986	-87.62527275	151
1135	Lake Shore & Banks	41.90705186	-87.62551275	151
1136	Lake Shore & Schiller	41.90807186	-87.62576575	151
1137	Lake Shore & Burton	41.90968335	-87.62607222	151
1138	Lake Shore & North Ave	41.91049435	-87.62612422	151
1139	Stockton & LaSalle	41.91378286	-87.63170075	151, 156
1140	Stockton & Lincoln	41.91605968	-87.63324075	151, 156
1141	Stockton & Armitage	41.91875793	-87.63440381	151, 156
1142	Stockton & Dickens	41.92024404	-87.63547497	151, 156
1143	Stockton & Webster	41.92193127	-87.63563132	151, 156
1144	Stockton & Fullerton	41.92556976	-87.63587558	151, 156
1145	Stockton & Arlington	41.92663915	-87.63773393	134, 143, 151, 156
1146	Stockton & Roslyn	41.92830715	-87.63877302	134, 143, 151, 156
1147	Stockton & Wrightwood	41.93132741	-87.63888937	134, 143, 151, 156
1148	Sheridan & Diversey	41.93311655	-87.63918003	77, 134, 143, 151, 156
1149	Sheridan & Surf	41.93450366	-87.63926562	77, 134, 143, 151, 156
1150	Sheridan & Oakdale	41.93576986	-87.63933276	77, 134, 143, 151, 156
1151	Sheridan & Wellington	41.93676486	-87.63936476	77, 134, 143, 151, 156
1152	Sheridan & Barry	41.93788934	-87.63940466	77, 134, 143, 151, 156
1153	Sheridan & Briar	41.93870211	-87.63943264	77, 134, 143, 151, 156
1154	Sheridan & Belmont	41.94003295	-87.6395069	134, 143
1155	Inner Lake Shore Drive & Belmont	41.94037961	-87.6394848	135, 146, 151
1157	Lake Shore & Roscoe	41.94353748	-87.64048074	135, 146, 151
1160	Lake Shore & Cornelia	41.94682456	-87.64231525	135, 146, 151
1161	Lake Shore & Brompton	41.94780477	-87.64292463	135, 146, 151
1162	Lake Shore & Addison	41.94882951	-87.64347934	135, 146, 151
1163	Lake Shore & Waveland	41.9504367	-87.64449708	135, 146, 151, 152
1164	Lake Shore & W. Sheridan (3900 N)	41.95294662	-87.6452072	151
1165	Sheridan & Pine Grove	41.95293381	-87.64804865	80, 151
1166	Sheridan & Broadway	41.95280178	-87.65006	151
1167	Sheridan & Fremont	41.95277054	-87.65234587	151
1168	Sheridan & Byron	41.95287897	-87.65442944	151
1169	Sheridan & Dakin	41.95381946	-87.65446282	151
1170	Sheridan & Irving Park	41.95465369	-87.65448322	151
1171	Sheridan & Belle Plaine	41.95668273	-87.65453845	151
1173	4225 N Sheridan	41.95916653	-87.65459424	151
1174	Sheridan & Broadway/Montrose	41.96146363	-87.65467309	151
1175	Sheridan & Montrose	41.96196087	-87.65465976	151
1177	Sheridan & Wilson	41.96534887	-87.65471577	151
1178	Sheridan & Leland	41.96718987	-87.65473877	151
1179	Sheridan & Lawrence	41.96925775	-87.65475935	151
1180	Sheridan & Gunnison	41.97026714	-87.6547842	151
1181	Sheridan & Ainslie	41.97175287	-87.65481377	151
1182	Sheridan & Argyle	41.97348387	-87.65485577	151
1183	Sheridan & Winona	41.97545887	-87.65490277	151
1184	Sheridan & Foster	41.97662787	-87.65490177	136, 147, 151
1185	Sheridan & Berwyn	41.97820992	-87.65493766	136, 147, 151
1186	Sheridan & Balmoral	41.98011087	-87.65502477	136, 147, 151
1187	Sheridan & Catalpa	41.98180087	-87.65507977	136, 147, 151
1188	Sheridan & Bryn Mawr	41.98360187	-87.65511877	136, 147, 151
1189	Sheridan & Hollywood	41.98544187	-87.65517677	136, 147, 151
1190	Sheridan & Ardmore	41.98752787	-87.65522877	136, 147, 151
1191	Sheridan & Thorndale	41.99027987	-87.65531377	136, 147, 151
1192	Sheridan & Glenlake	41.99253087	-87.65538377	136, 147, 151
1198	Sheridan & Granville	41.99478287	-87.65545277	136, 147, 151
1199	Sheridan & Rosemont	41.99659987	-87.65550877	136, 147, 151
1200	Sheridan & Kenmore	41.99833948	-87.65694133	136, 147, 151
1201	Sheridan & Winthrop	41.99828173	-87.65835463	136, 147, 151
1203	Sheridan & Arthur (Red Line)	42.00038996	-87.66060636	147, 155
1204	Sheridan & Loyola	42.00170987	-87.66066377	147, 155
1206	Sheridan & North Shore	42.00387887	-87.66072259	147, 155
1208	Sheridan & Pratt	42.00572787	-87.66085377	147
1210	Sheridan & Morse	42.00814087	-87.66160377	96, 147
1211	Sheridan & Lunt	42.00936587	-87.66200077	147
1213	Sheridan & Estes	42.01166787	-87.66280877	147
1214	Sheridan & Touhy	42.01301288	-87.66338077	147
1215	Sheridan & Chase	42.01412088	-87.66399977	147
1216	Sheridan & Sherwin	42.01521742	-87.66468025	147
1217	Sheridan & Jarvis	42.01627588	-87.66502377	147
1220	Howard & Sheridan	42.01931326	-87.66630727	147
1224	Fullerton & Halsted	41.92552247	-87.64943333	74
1225	Fullerton Red/Brown/Purple Line Station	41.92546369	-87.65277662	74
1227	Fullerton & Racine	41.92537986	-87.65834376	74
1228	Fullerton & Surrey Court	41.92533386	-87.66027776	74
1233	Fullerton & Riverfront Mall (1800 W)	41.92519432	-87.672669	74
1236	Fullerton & Damen	41.92511687	-87.67817679	74
1238	Fullerton & Oakley	41.92498164	-87.68512482	74
1240	Fullerton & Campbell	41.92496689	-87.68999633	74
1241	Fullerton & Rockwell	41.9249692	-87.69237973	74
1242	Fullerton & Washtenaw	41.92490167	-87.69485963	74
1243	Fullerton & California	41.92492559	-87.69726357	74
1246	Fullerton & Albany	41.92482724	-87.70440965	74
1248	Fullerton & Kedzie	41.92486429	-87.70764902	74
1249	Fullerton & Spaulding	41.92477659	-87.71055245	74
1250	Fullerton & Kimball	41.92479423	-87.71187335	74
1251	Fullerton & St. Louis	41.924709	-87.7142355	74
1252	Fullerton & Central Park	41.92469324	-87.71686966	74
1253	Fullerton & Lawndale	41.92469323	-87.71936867	74
1255	Fullerton & Hamlin	41.92465896	-87.72190855	74
1256	Fullerton & Springfield	41.92457902	-87.7242038	74
1257	Fullerton & Pulaski	41.92460499	-87.72659582	74
1258	Fullerton & Karlov	41.92452018	-87.72911032	74
1259	Fullerton & Keeler	41.9245344	-87.73154575	74
1260	Fullerton & Tripp	41.92453539	-87.73281376	74
1261	Fullerton & Kildare	41.92447166	-87.73395814	74
1262	Fullerton & Kostner	41.92446448	-87.73648398	74
1263	Fullerton & Kilbourn	41.92442698	-87.73891985	74
1264	Fullerton & Kenton	41.92438876	-87.74128923	74
1265	Fullerton & Kilpatrick	41.9243588	-87.7437078	74
1267	Fullerton & Lamon	41.92426881	-87.7486529	74
1269	Fullerton & Leclaire	41.92422597	-87.75351703	74
1270	Fullerton & Laramie	41.92419465	-87.75594439	74
1271	Fullerton & Lockwood	41.92415264	-87.7585794	74
1272	Fullerton & Long	41.92413821	-87.76098806	74
1273	Fullerton & Linder	41.92407495	-87.76341886	74
1275	Fullerton & Major	41.92407694	-87.76822188	74, 91
1278	Fullerton & Austin	41.92394548	-87.77559441	74
1279	Fullerton & Meade	41.92387138	-87.77804838	74
1282	Fullerton & Narragansett	41.92379671	-87.7852903	74
1283	6450 W Fullerton	41.9237826	-87.7870086	74
1286	6450 W Fullerton	41.92361783	-87.78686275	74
1287	2500 N Narragansett	41.92556085	-87.7854318	86
1289	2500 N Narragansett	41.92586586	-87.78560573	86
1291	Fullerton & Mobile	41.92365103	-87.78309104	74
1295	Fullerton & Marmora	41.9237652	-87.77335666	74, 91
1296	Fullerton & Menard	41.92382935	-87.77096266	74, 91
1299	Fullerton & Linder	41.92395485	-87.76362679	74
1301	Fullerton & Lockwood	41.92401685	-87.75871179	74
1302	Fullerton & Laramie	41.92404985	-87.75623979	74
1303	Fullerton & Leclaire	41.92405979	-87.75380526	74
1304	Fullerton & Lavergne	41.92409368	-87.75133177	74
1305	Fullerton & Lamon	41.92408487	-87.74886441	74
1306	Fullerton & Cicero	41.92412034	-87.74650105	74
1307	Fullerton & Kilpatrick	41.92415087	-87.74397941	74
1308	Fullerton & Kenton	41.92425086	-87.74161779	74
1309	Fullerton & Kilbourn	41.92426002	-87.73909321	74
1310	Fullerton & Kostner	41.92431486	-87.73668279	74
1311	Fullerton & Kildare	41.92434486	-87.73423079	74
1312	Fullerton & Tripp	41.92435986	-87.73300779	74
1313	Fullerton & Keeler	41.92437486	-87.73178178	74
1314	Fullerton & Karlov	41.92440086	-87.72934278	74
1315	Fullerton & Pulaski	41.92436138	-87.72696266	74
1316	Fullerton & Springfield	41.92439488	-87.72441268	74
1317	Fullerton & Hamlin	41.92442288	-87.72198168	74
1319	Fullerton & Lawndale	41.92445188	-87.71953568	74
1320	Fullerton & Central Park	41.92448088	-87.71708068	74
1321	Fullerton & St. Louis	41.92450288	-87.71465969	74
1322	Fullerton & Kimball	41.92455059	-87.71227429	74
1323	Fullerton & Spaulding	41.92462986	-87.71088178	74
1324	Fullerton & Kedzie	41.92462568	-87.70765251	74
1326	Fullerton & Albany	41.92468786	-87.70475178	74
1327	Fullerton & Sacramento	41.92470986	-87.70242778	74
1329	Fullerton & California	41.92470593	-87.69756791	74
1330	Fullerton & Washtenaw	41.92474133	-87.69544241	74
1332	Fullerton & Campbell	41.92480191	-87.69016349	74
1333	Fullerton & Western	41.9248138	-87.68782397	74
1334	Fullerton & Oakley	41.9248402	-87.68526325	74
1339	Fullerton & Wood	41.92503479	-87.67279628	74
1340	Fullerton & Clybourn	41.92506032	-87.66939611	74
1345	Fullerton & Racine	41.92526813	-87.65861712	74
1346	Fullerton & Seminary	41.92530713	-87.65608212	74
1347	Fullerton & Sheffield	41.9253259	-87.65335938	37
1348	Fullerton & Halsted/Lincoln	41.92538902	-87.64897269	37, 74
1349	Halsted & Belden	41.92370886	-87.64878276	8, 74
1350	Webster & Halsted	41.9217712	-87.64843715	74
1351	Webster & Orchard	41.92180958	-87.6462096	74
1352	Lincoln & Webster	41.92221756	-87.64411368	74
1353	Lincoln & Belden/Orchard	41.92359694	-87.64591594	74
1354	Devon & Kedzie Terminal	41.9979343	-87.7095452	82
1355	McCormick & Devon	41.99707714	-87.7118178	11, 82
1356	Lincoln & McCormick/Kimball	41.99404496	-87.71352034	11
1357	Lincoln & Jersey	41.99252235	-87.71104552	11
1358	Lincoln & Kedzie	41.99116786	-87.70884339	11
1359	Lincoln & Peterson	41.99014329	-87.70716738	11
1360	Lincoln & Whipple	41.98901587	-87.70526478	11
1361	Lincoln & Sacramento	41.98831787	-87.70406678	11
1362	Lincoln & Francisco	41.98678587	-87.70149478	11
1363	Lincoln & California	41.98549602	-87.69935776	11
1364	Lincoln & Washtenaw	41.98400757	-87.69683086	11
1365	Lincoln & Bryn Mawr	41.9832555	-87.69553207	11
1367	Lincoln & Balmoral	41.97954887	-87.69274478	11
1372	Lincoln & Argyle	41.97193287	-87.69074078	11
1400	Lincoln & Belden/Orchard	41.92381491	-87.64660832	37
1401	Lincoln & Webster	41.92201801	-87.64410382	37
1402	Lincoln & Dickens/Cleveland	41.92022052	-87.64160822	37
1403	Lincoln & Armitage/Sedgwick	41.91844611	-87.63911664	37
1405	Armitage & Clark	41.91837617	-87.63627052	73
1409	Clark & Menomonee	41.91490086	-87.63404808	22, 36, 73
1410	LaSalle & Eugenie	41.91261175	-87.63332563	73, 156
1411	LaSalle & North Ave	41.9108188	-87.63330181	156
1412	LaSalle & Burton	41.90898186	-87.63317475	156
1413	LaSalle & Schiller	41.90751483	-87.63317666	156
1414	LaSalle & Goethe	41.90558033	-87.63311906	156
1415	LaSalle & Division	41.9036596	-87.63305815	156
1417	LaSalle & Oak	41.90033486	-87.63294775	156
1418	LaSalle & Delaware	41.89900886	-87.63291175	156
1419	LaSalle & Chestnut	41.89789886	-87.63288075	156
1421	Wacker (Upper) & Michigan	41.88836786	-87.62506075	2, 6, 10, 134, 135, 136, 146, 148
1423	State & Lake	41.88590086	-87.62805875	2, 6, 10, 29, 36, 62, 146, 148
1425	State & Washington	41.88337885	-87.62797775	2, 6, 10, 29, 36, 62, 146, 148
1427	State & Monroe	41.88086385	-87.62783975	2, 6, 10, 29, 36, 62, 146, 148
1429	State & Jackson	41.87832585	-87.62777575	2, 6, 10, 29, 36, 62, 146, 148
1430	State & Van Buren	41.87700065	-87.62776972	2, 6, 10, 29, 36, 62, 146, 148
1431	State & Harrison/Ida B Wells Drive 	41.87500459	-87.62770176	2, 6, 10, 29, 62, 130, 146, 148
1437	State & Randolph	41.88435886	-87.62779675	2, 10, 29, 146, 148
1438	State & Lake	41.88560886	-87.62782875	2, 10, 29, 146, 148
1439	State & E. Wacker	41.88669686	-87.62783675	2, 10, 29, 146, 148
1443	LaSalle & Delaware	41.899298	-87.63264746	156
1444	LaSalle & Oak	41.90063664	-87.63266939	156
1445	LaSalle & Maple	41.9020331	-87.63274339	156
1446	LaSalle & Division	41.90402808	-87.63279016	156
1447	LaSalle & Goethe	41.90592796	-87.63285846	156
1448	LaSalle & Schiller	41.90791073	-87.63292076	156
1449	LaSalle & Burton	41.90901156	-87.63296858	156
1450	LaSalle & North Ave	41.91104182	-87.63298953	156
1451	Clark & LaSalle	41.91341686	-87.63286275	22, 36, 73
1456	Lincoln & Dickens/Cleveland	41.92000115	-87.64086006	37
1486	Ainslie & Western	41.97046929	-87.68945477	11
1487	Lincoln & Argyle	41.97192554	-87.69055162	11
1491	Lincoln & Berwyn	41.97766587	-87.69251078	11
1492	Lincoln & Balmoral	41.97949287	-87.69267178	11
1493	Lincoln & Catalpa	41.98124823	-87.69274252	11
1494	Lincoln & Bryn Mawr	41.98305698	-87.69474187	11
1495	Lincoln & Washtenaw	41.98434468	-87.69695601	11
1497	Lincoln & Francisco	41.98693187	-87.70138378	11
1498	Lincoln & Richmond	41.98796787	-87.70315578	11
1499	Lincoln & Sacramento	41.98870887	-87.70439078	11
1500	Lincoln & Whipple	41.98938504	-87.70545694	11
1502	Lincoln & Peterson	41.99024362	-87.70688443	11
1503	Lincoln & Kedzie	41.99142222	-87.70885572	11
1504	Lincoln & Jersey	41.99307213	-87.71141835	11
1505	Lincoln & McCormick/Kimball	41.99449121	-87.71367345	11
1507	McCormick & Devon	41.99716575	-87.71151103	11, 82
1509	Stony Island & 63rd Street	41.78095784	-87.58637573	6, 15, 28
1512	Stony Island & 60th Street	41.78602617	-87.58649812	6, 10, 15, 28
1513	Stony Island & 59th Street	41.78809199	-87.58653887	2, 6, 10, 15, 28
1514	5800 S Stony Island	41.78962784	-87.58658073	2, 6, 10, 15, 28
1515	Stony Island & 57th Drive	41.79134784	-87.58663573	2, 6, 10, 15, 28
1517	S Hyde Park & 56th Street	41.79332371	-87.58380801	6, 28, 55
1518	S Hyde Park & 55th Street	41.79543727	-87.58388592	6, 28, 171
1519	5440 S S Hyde Park	41.79679583	-87.58390463	6, 28
1520	S Hyde Park & 54th Street	41.7983581	-87.58395435	6, 28, 171
1521	S Hyde Park & 53rd Street	41.79947596	-87.5839665	6, 28, 171
1522	5200 S S Hyde Park	41.80085439	-87.58443019	6, 28
1523	E Hyde Park & East End	41.80257334	-87.58571276	6, 28, 172
1524	E Hyde Park & Cornell	41.80254484	-87.58671573	6, 28
1525	E Hyde Park & Lake Park	41.80253484	-87.58826773	2, 15, 172
1527	E Hyde Park & Dorchester	41.8024764	-87.59214461	2, 15
1528	E Hyde Park & Kenwood	41.80245984	-87.59358273	2, 15, 172
1529	E Hyde Park & Kimbark	41.80244507	-87.59533282	2, 15
1530	E Hyde Park & Woodlawn	41.80242326	-87.59705476	2, 15
1533	E Hyde Park & Ellis	41.80236479	-87.60228565	2, 15
1535	51st Street & Cottage Grove	41.80230105	-87.60671898	15
1536	51st Street & Evans	41.80229598	-87.60785676	15
1537	51st Street & Champlain	41.80224984	-87.60989074	15
1538	51st Street & St. Lawrence	41.8022137	-87.61116902	15
1539	51st Street & Forrestville	41.8021839	-87.61259035	15
1540	51st Street & King Drive	41.80218784	-87.61548574	15
1541	51st Street & King Drive	41.80217144	-87.61682905	15
1542	51st Green Line Station	41.80209049	-87.61856488	15
1543	51st Street & Indiana	41.80211132	-87.62093869	15
1554	Indiana Green Line Station	41.8219516	-87.62144351	39
1560	Indiana & 34th Street	41.83298285	-87.62171274	1, 4
1562	Indiana & 32nd Street	41.83643785	-87.62176374	1, 4
1563	Indiana & 31st Street	41.83825585	-87.62183074	1, 4, X4
1564	3000 S Michigan	41.84060985	-87.62312074	1, 4
1565	Michigan & 29th Street	41.84188985	-87.62324574	1, 4
1566	Michigan & 28th Street	41.84363785	-87.62325374	1, 4
1567	Michigan & 26th Street	41.8458955	-87.62332593	1, 4, 21, X4
1568	Michigan & 25th Street	41.84732085	-87.62350575	1, 3, 4, 21
1570	Michigan & 23rd Street	41.85115718	-87.62359165	1, 4
1573	Michigan & 21st Street	41.8545283	-87.62374702	1, 3, 4
1574	Michigan & Cullerton	41.85571821	-87.62377619	1, 3, 4
1575	Michigan & 18th Street	41.85813463	-87.62383315	1, 3, 4
1579	Michigan & 13th Street	41.86599158	-87.62400465	1, 3, 4, 12
1580	Michigan & Roosevelt	41.86790056	-87.62396984	1, 3, 4, 18, X4
1581	Michigan & 11th Street	41.86915256	-87.62397025	1, 3, 4, X4
1582	Michigan & 9th Street	41.87051049	-87.62401209	1, 3, 4, X4
1583	Michigan & 8th Street	41.87179469	-87.62403975	1, 3, 4, X4
1584	Michigan & Balbo	41.87340285	-87.62408775	1, 3, 4, X4
1586	Michigan & Harrison	41.87456745	-87.62437947	1, 3, 4, 26, 28, J14, X4
1587	Michigan & Balbo	41.87329585	-87.62433475	1, 3, 4, X4
1588	Michigan & 8th Street	41.87201385	-87.62430975	1, 3, 4, X4
1589	Michigan & 9th Street	41.87029565	-87.62427657	1, 3, 4, X4
1590	Michigan & 11th Street	41.86909885	-87.62428375	1, 3, 4, X4
1591	Michigan & Roosevelt	41.86712796	-87.62426473	1, 3, 4, X4
1592	Michigan & 13th Street	41.8656027	-87.62423267	1, 3, 4
1593	Michigan & 14th Street	41.86389085	-87.62419075	1, 3, 4
1595	Michigan & 16th Street	41.85995246	-87.62409992	1, 3, 4, X4
1596	Michigan & 18th Street	41.85765363	-87.62404682	1, 3, 4
1597	Michigan & Cullerton	41.85534841	-87.62399841	1, 3, 4
1598	Michigan & 21st Street	41.85400371	-87.62396845	1, 3, 4
1599	Michigan & Cermak	41.8525207	-87.6239148	1, 4, X4
1602	Michigan & 25th Street	41.84716429	-87.62377257	1, 4
1603	Michigan & 26th Street	41.84547219	-87.62372217	1, 4, X4
1604	Michigan & 28th Street	41.84313628	-87.62366253	1, 4
1605	Michigan & 29th Street	41.84174704	-87.6236298	1, 4
1606	3000 S Michigan	41.84048785	-87.62355074	1, 4
1607	Michigan & 31st Street	41.83819823	-87.62359705	1, 4, X4
1608	Michigan & 32nd Street	41.83622985	-87.62347074	1, 4
1609	Michigan & 33rd Street	41.83450586	-87.62344105	1, 4
1610	Michigan & 34th Street	41.83276285	-87.62336274	1, 4
1616	4016 S Michigan	41.82150084	-87.62322074	39
1627	51st Street & Michigan	41.80197202	-87.62253713	15
1628	51st Street & Indiana	41.80197222	-87.62116022	15
1629	51st Green Line Station	41.80194995	-87.61856773	15
1631	51st Street & King Drive	41.80204661	-87.61574705	15
1632	51st Street & Forrestville	41.80208084	-87.61252374	15
1633	51st Street & St. Lawrence	41.80211584	-87.61145074	15
1634	51st Street & Champlain	41.80215141	-87.61001359	15
1635	51st Street & Evans	41.80216584	-87.60791373	15
1636	51st Street & Cottage Grove	41.8021984	-87.60658511	15
1637	51st Street & Drexel Square	41.80223128	-87.60438518	15
1638	E Hyde Park & Drexel	41.80223917	-87.60355559	2, 15
1639	E Hyde Park & Ellis	41.8022703	-87.60110052	2, 15
1642	E Hyde Park & Woodlawn	41.80232135	-87.59645458	2, 15
1643	E Hyde Park & Kimbark	41.80234687	-87.59488193	2, 15
1644	E Hyde Park & Kenwood	41.80236487	-87.59324493	2, 15, 172
1645	E Hyde Park & Dorchester	41.80237562	-87.59164021	2, 15
1646	E Hyde Park & Blackstone	41.8023947	-87.59017165	2, 15, 172
1647	E Hyde Park & Lake Park	41.80242084	-87.58808873	15, 172
1648	E Hyde Park & Cornell	41.80244857	-87.586263	6, 28
1649	S Hyde Park & E. Hyde Park Blvd.	41.80224678	-87.58516177	6, 28
1650	5200 S S Hyde Park	41.80104084	-87.58462373	6, 28
1651	S Hyde Park & 53rd Street	41.79940164	-87.58412239	6, 28
1652	S Hyde Park & 54th Street	41.79792084	-87.58406373	6, 28
1653	5440 S S Hyde Park	41.79677202	-87.58404943	6, 28
1654	S Hyde Park & 55th Street	41.79499456	-87.58402604	6, 28, 55
1655	S Hyde Park & 56th Street	41.79350976	-87.58395419	6, 28, 55
1656	Stony Island & 57th Street	41.79122284	-87.58678073	2, 6, 10, 15, 28
1658	Stony Island & 59th Street	41.78806584	-87.58672073	2, 6, 10, 15, 28
1659	Stony Island & 60th Street	41.78584559	-87.58668221	6, 10, 15, 28
1661	Stony Island & 62nd Street	41.78279803	-87.58661398	6, 10, 15, 28
1664	Western & Winnemac	41.97295227	-87.6889086	49, 49B
1668	Western & Balmoral	41.97953045	-87.68918849	49B
1669	Western & Catalpa	41.98125048	-87.68922736	49B
1670	Western & Bryn Mawr	41.9834497	-87.68933412	49B
1671	Western & Hollywood	41.98487811	-87.68936247	49B
1672	Western & Ardmore	41.98688374	-87.68946702	49B
1673	Western & Thorndale	41.98851581	-87.68948592	49B
1675	Western & Glenlake	41.99218487	-87.68961278	49B
1676	Western & Granville	41.99400487	-87.68968678	49B
1677	Western & Rosemont	41.99582587	-87.68973578	49B
1679	Western & Arthur	41.99945987	-87.68985878	49B
1680	Western & Albion	42.00130348	-87.68989394	49B
1681	Western & North Shore	42.00326487	-87.68994178	49B
1682	Western & Pratt	42.00493472	-87.68992931	49B
1683	Western & Morse	42.00707187	-87.69004878	49B
1684	Western & Lunt	42.00852577	-87.69005063	49B
1686	Western & Estes	42.01083187	-87.69014078	49B
1688	Western & Chase	42.01403087	-87.69015478	49B
1689	Western & Jarvis	42.01559771	-87.69014104	49B
1690	Western & Birchwood	42.01735559	-87.69010516	49B
1691	Western & Birchwood Terminal	42.0182385	-87.68976534	49B
1693	Western & Jarvis	42.01598887	-87.69028278	49B
1694	Western & Chase	42.01404587	-87.69030178	49B
1696	Western & Estes	42.01098387	-87.69028678	49B
1698	Western & Lunt	42.00874702	-87.69028416	49B
1699	Western & Morse	42.00694654	-87.69017907	49B
1700	Western & Pratt	42.0051463	-87.69023996	49B
1701	Western & North Shore	42.00327693	-87.69014564	49B
1702	Western & Albion	42.00145487	-87.69005178	49B
1703	Western & Arthur	41.99962587	-87.69000478	49B
1705	Western & Rosemont	41.99599457	-87.68996042	49B
1706	Western & Granville	41.99418761	-87.68991129	49B
1707	Western & Glenlake	41.99236014	-87.68984509	49B
1708	Western & Peterson	41.99065471	-87.68982751	49B
1709	Western & Thorndale	41.98870487	-87.68975078	49B
1710	Western & Ardmore	41.98688687	-87.68969678	49B
1711	Western & Hollywood	41.98505787	-87.68961478	49B
1713	Western & Catalpa	41.98149373	-87.68948042	49B
1714	Western & Balmoral	41.9796036	-87.68940906	49B
1715	Western & Berwyn	41.97841629	-87.68936211	49B
1719	Western & Winnemac	41.97310216	-87.68921192	49, 49B
1721	Devon & Kedzie	41.99733457	-87.70905535	155
1722	Devon & Albany	41.99730449	-87.70703879	155
1724	Devon & Francisco	41.9974434	-87.70221374	155
1725	Devon & California	41.99750968	-87.69980606	155
1726	Devon & Washtenaw	41.9975284	-87.69735174	155
1728	Devon & Campbell	41.99763462	-87.69231873	155
1729	Devon & Western	41.99765338	-87.69009602	155
1730	Devon & Oakley	41.99770784	-87.68753303	155
1732	Devon & Hoyne	41.99775509	-87.68267966	155
1736	Devon & Hermitage	41.99796192	-87.67359832	155
1739	Devon & Clark	41.99801979	-87.67021778	36, 151, 155
1740	Devon & Greenview	41.99804699	-87.66803552	36, 151, 155
1741	Devon & Glenwood	41.99807299	-87.66559552	36, 151, 155
1743	Devon & Lakewood	41.99809899	-87.66318852	36, 151, 155
1744	Devon & Magnolia	41.99810999	-87.66161852	36, 151, 155
1746	Pratt & Sheridan	42.0056343	-87.66119519	155
1747	Pratt & Lakewood	42.00554487	-87.66391077	155
1748	Pratt & Glenwood	42.00551355	-87.66613107	155
1749	Pratt & Greenview	42.00548593	-87.66787374	155
1750	Pratt & Ashland	42.00545373	-87.66975299	155
1752	Ashland & Morse	42.00775187	-87.66996477	155
1753	Morse & Greenview	42.00780288	-87.66792148	96, 155
1754	Morse & Glenwood (Red Line)	42.00786837	-87.66563582	96, 155
1755	Morse & Lakewood	42.00788431	-87.66380288	96, 155
1756	Morse & Sheridan	42.0079105	-87.66178495	155
1757	Devon & Sheridan	41.99825839	-87.66108036	36, 136, 151, 155
1758	Devon & Lakewood	41.99824676	-87.66292745	36, 151, 155
1760	Devon & Glenwood	41.9982154	-87.66519838	36, 151, 155
1761	Devon & Greenview	41.99819449	-87.66775759	36, 151, 155
1762	Devon & Clark	41.99815579	-87.67037701	36, 151, 155
1764	Devon & Hermitage	41.99806787	-87.67352578	155
1768	Devon & Hoyne	41.99790487	-87.68249478	155
1770	Devon & Oakley	41.99787556	-87.68736205	155
1771	Devon & Western	41.99781048	-87.68967571	155
1772	Devon & Campbell	41.99778057	-87.69220873	155
1774	Devon & Washtenaw	41.99765821	-87.69696061	155
1776	Devon & Francisco	41.99757253	-87.70197719	155
1778	Devon & Albany	41.9974708	-87.70680616	155
1779	Devon & Kedzie	41.99746648	-87.70919538	155
1784	Clark & Greenleaf	42.01027987	-87.67431078	22
1785	Clark & Lunt	42.00908769	-87.67407894	22
1786	Clark & Morse	42.00787446	-87.67379738	22
1790	Clark & Albion	42.00179291	-87.67198642	22
1791	Clark & Arthur	41.9999567	-87.67132908	22
1792	Clark & Devon	41.99818895	-87.67077837	22
1793	Clark & Rosemont	41.99620887	-87.67030677	22
1794	Clark & Granville	41.99452687	-87.67030077	22
1799	Clark & Edgewater	41.98604933	-87.66945539	22
1802	Clark & Bryn Mawr	41.98359212	-87.66887221	50
1803	Clark & Catalpa	41.98175187	-87.66850777	22
1805	Clark & Berwyn	41.97807287	-87.66840677	22
1806	Clark & Foster	41.97628325	-87.66852062	22
1811	Clark & Leland	41.96716287	-87.66719377	22
1813	Clark & Sunnyside	41.96354387	-87.66641577	22, 78
1814	Clark & Montrose	41.96175205	-87.66608601	22, 78
1815	Clark & Cullom	41.9599204	-87.66538864	22
1819	3930 N Clark	41.95353233	-87.66168264	22
1820	Clark & Byron	41.95267034	-87.66101441	22
1822	Clark & Waveland	41.94910559	-87.65813264	22
1823	Clark & Addison	41.94736181	-87.65675563	22
1824	Clark & Cornelia	41.94566228	-87.65536142	22
1826	Clark & Roscoe	41.94361728	-87.65372542	22
1827	Clark & School/Aldine	41.94189653	-87.65231664	22
1828	Clark & Belmont	41.94008829	-87.65090882	22
1830	Clark & Wellington	41.93652262	-87.64802742	22
1834	Clark & Drummond	41.93073245	-87.64402605	22, 36
1836	Clark & Deming	41.92871974	-87.64242531	22, 36
1837	Clark & Arlington	41.92701948	-87.64151263	22, 36
1838	Clark & Fullerton	41.92565023	-87.64066447	22, 36
1839	Clark & Belden	41.92381723	-87.63952446	22, 36
1840	Clark & Webster	41.92205417	-87.63842047	22, 36
1841	Clark & Dickens	41.9202256	-87.63734206	22, 36
1843	Clark & Wisconsin	41.9167207	-87.63516946	22, 36, 73
1845	Clark & W. LaSalle Drive	41.91322594	-87.63305944	22, 36
1846	Clark & North Ave	41.91131909	-87.63187467	22, 36
1847	Clark & Burton	41.90950486	-87.63172475	22, 36
1848	Clark & Schiller	41.90794486	-87.63167075	22, 36
1849	Clark & Goethe	41.90589086	-87.63158375	22, 36
1850	Clark & Division (Red Line)	41.90403086	-87.63153975	22
1851	Clark & Elm	41.90325186	-87.63150775	22
1852	Clark & Maple	41.90194886	-87.63147075	22
1853	Clark & Oak	41.90066486	-87.63143175	22
1854	Clark & Delaware	41.89936886	-87.63139175	22
1855	Clark & Chestnut	41.89809286	-87.63136575	22
1856	Clark & Chicago	41.89679986	-87.63132475	22
1859	Clark & Grand	41.89175786	-87.63120275	22
1865	Clark & Randolph	41.88428526	-87.63103435	22, 24, 36
1869	Clark & Adams	41.87907585	-87.63087275	22, 24, 36
1871	Clark & Van Buren	41.87665236	-87.63084914	22, 24, 36, 130
1873	Clark & Harrison	41.87464685	-87.63074975	24, 36
1875	Dearborn & Polk	41.87251296	-87.62905673	22, 62
1876	Dearborn & Harrison	41.87475085	-87.62913675	22, 24, 62
1877	Dearborn & Ida B Wells Drive	41.87593485	-87.62915975	22, 24, 36, 62
1880	Dearborn & Adams	41.87956864	-87.62925341	22, 24, 36, 62, 151
1881	Dearborn & Monroe	41.88095585	-87.62929075	22, 24, 36, 62, 151
1882	Dearborn & Madison	41.88207815	-87.62929962	22, 24, 36, 62, 151
1884	Dearborn & Randolph	41.88471585	-87.62939275	22, 24, 36, 62
1885	Dearborn & Wacker/Lake	41.88619143	-87.6294021	22, 36, 62
1887	Dearborn & Marina City	41.88809986	-87.62945975	22, 36, 62
1891	Dearborn & Ontario	41.89312986	-87.62960575	22
1892	Dearborn & Huron	41.89474786	-87.62964275	22
1895	Dearborn & Delaware	41.89904586	-87.62979075	22
1898	Clark & Maple	41.90175186	-87.63131675	22, 70
1899	Clark & Division (Red Line)	41.90378986	-87.63136875	22
1900	Clark & Goethe	41.90570586	-87.63143475	22, 36
1901	Clark & Schiller	41.90774886	-87.63149375	22, 36
1902	Clark & Burton	41.90935048	-87.63146407	22, 36
1905	Clark & Lincoln	41.915538	-87.63419314	22, 36, 73
1906	Clark & Wisconsin	41.91655608	-87.63480236	22, 36, 73
1907	Clark & Armitage	41.91839066	-87.63593082	22, 36
1908	Clark & Dickens	41.92008329	-87.63703664	22, 36
1909	Clark & Webster	41.92186611	-87.63813451	22, 36
1910	Clark & Belden	41.9236572	-87.63921544	22, 36
1911	Clark & Fullerton	41.92550739	-87.64027154	22, 36
1913	Clark & Deming	41.92863926	-87.64214729	22, 36
1915	Clark & Drummond	41.93083824	-87.64388281	22, 36
1917	Clark & Diversey	41.93321322	-87.64510093	22
1918	Clark & Surf	41.93475987	-87.64630763	22
1921	Clark & Belmont	41.93986685	-87.65049529	22
1922	Clark & School/Aldine	41.94168908	-87.65191964	22
1924	Clark & Newport	41.94437595	-87.65411834	22
1926	Clark & Addison	41.94707328	-87.65630719	22
1929	Clark & Byron	41.95256349	-87.66072189	22
1931	Clark & Belle Plaine	41.95671999	-87.66365855	22
1933	Clark & Cullom	41.9597359	-87.6651516	22
1935	Clark & Sunnyside	41.96337887	-87.66626977	22, 78
1936	Clark & Wilson	41.96518338	-87.66663072	22, 78
1937	Clark & Leland	41.96699734	-87.66695668	22
1939	Clark & Ainslie	41.97178487	-87.66776177	22
1942	Clark & Foster	41.97610539	-87.66832546	22
1943	Clark & Berwyn	41.97795134	-87.66814558	22
1945	Clark & Catalpa	41.98160447	-87.66823317	22
1948	Clark & Hollywood	41.98536509	-87.66908572	22
1950	Clark & Ardmore	41.98812937	-87.66965553	22
1951	Clark & Ridge	41.98941751	-87.66979979	22
1955	Clark & Rosemont	41.99630387	-87.67015877	22
1956	Clark & Devon	41.99792858	-87.67039663	22
1957	Clark & Arthur	42.00070303	-87.67143102	22
1958	Clark & Albion	42.00163356	-87.67173911	22
1959	Clark & North Shore	42.00343162	-87.67238082	22
1963	Clark & Lunt	42.00893291	-87.67386275	22
1968	Clark & Jarvis	42.01595787	-87.67514378	22
1970	Division & Austin Terminal	41.90180593	-87.77501493	70
1971	Division & Mayfield	41.90197985	-87.7730478	70
1972	Division & Menard	41.90201685	-87.77061979	70
1973	Division & Waller	41.90205285	-87.76819179	70
1975	Division & Pine	41.90210985	-87.76394079	70
1976	Division & Long	41.90214085	-87.76104279	70
1977	Division & Lockwood	41.90216885	-87.75835179	70
1979	Division & Leclaire	41.90222185	-87.75342879	70
1981	Division & Lamon	41.90229585	-87.74848979	70
1983	4659 W Division	41.9023478	-87.74350334	70
1984	Division & Kolmar	41.90242224	-87.7399488	70
1985	Division & Kilbourn	41.90240185	-87.73869878	70
1986	Division & Kostner	41.90246085	-87.73624478	70
1987	Division & Kildare	41.90249659	-87.73380121	70
1989	Division & Karlov	41.90257185	-87.72886778	70
1990	Division & Pulaski	41.9025986	-87.72645425	70
1991	Division & Springfield	41.90263285	-87.72397378	70
1992	Division & Hamlin	41.90265785	-87.72153878	70
1993	Division & Grand/Monticello	41.90266919	-87.71794085	70
1997	Division & Spaulding	41.90276185	-87.70945778	70
2001	Division & Francisco	41.90284985	-87.69946677	70
2003	Division & Washtenaw	41.90289585	-87.69453277	70
2004	Division & Rockwell	41.90295503	-87.69198965	70
2005	Division & Campbell	41.90294368	-87.68964675	70
2009	Division & Hoyne	41.90310268	-87.67985074	70
2013	Division & Paulina	41.90322054	-87.67006099	70
2014	Division & Ashland (Blue Line)	41.90324485	-87.66769871	70
2020	Division & Elston	41.90340534	-87.6588718	70
2022	Division & Cherry	41.90347969	-87.65423992	8, 70
2028	Division & Larrabee	41.90363372	-87.64369557	70
2032	311 W Division	41.90376115	-87.63603612	70
2033	Division & Wells	41.90379289	-87.63466561	70
2034	Division & LaSalle	41.90381058	-87.63315034	70
2037	Dearborn & Maple	41.90198386	-87.62999975	70
2038	Division & Clark	41.90397512	-87.63171859	70
2041	300 W Division	41.90390511	-87.63656375	70
2042	Division & Sedgwick	41.90386086	-87.63821375	37, 70
2043	Division & Clybourn	41.90383886	-87.64002276	70
2045	Division & Larrabee	41.90379155	-87.64351086	70
2048	Division & Halsted	41.90371939	-87.6479957	70
2051	Division & Cherry	41.90363682	-87.65405666	8, 70
2053	Division & Elston	41.90358332	-87.65894507	70
2055	Division & Noble	41.9035135	-87.66248885	70
2056	Division & Cleaver	41.90350561	-87.66373728	70
2059	Division & Ashland (Blue Line)	41.90345663	-87.66729616	70
2060	Division & Paulina	41.90339092	-87.6703108	70
2061	Division & Wood	41.90332335	-87.67218554	70
2063	Division & Damen	41.90327939	-87.6769275	70
2064	Division & Hoyne	41.90329	-87.67949866	70
2068	Division & Campbell	41.90300285	-87.68929577	70
2069	Division & Rockwell	41.90300285	-87.69169477	70
2070	Division & Washtenaw	41.90300286	-87.69419577	70
2072	Division & Francisco	41.90297993	-87.69942155	70
2074	Division & Humboldt	41.9029533	-87.70216247	70
2075	Division & Kedzie	41.90299331	-87.70689795	70
2076	Division & Spaulding	41.9028892	-87.7090432	70
2079	Division & Central Park	41.9028567	-87.71635397	70
2082	Division & Springfield	41.90274858	-87.72372795	70
2083	Division & Pulaski	41.90275266	-87.72610397	70
2084	Division & Karlov	41.90267391	-87.72863021	70
2086	Division & Kildare	41.90263539	-87.73357903	70
2089	Division & Kolmar	41.90254494	-87.73980869	70
2090	4659 W Division	41.90246487	-87.74354045	70
2092	Division & Lamon	41.90239115	-87.74834902	70
2093	Division & Lavergne	41.90236627	-87.75076434	70
2094	Division & Leclaire	41.90230738	-87.75320719	70
2096	Division & Lockwood	41.90231051	-87.75814142	70
2098	Division & Pine	41.90225906	-87.76364369	70
2100	Division & Waller	41.90224493	-87.76802396	70
2101	Division & Menard	41.90214392	-87.77042696	70
2102	Division & Mayfield	41.90216135	-87.77281107	70
2104	95th Street & Eberhart	41.72206083	-87.61154273	4, 95, 115, N5
2105	95th Street & King Drive	41.72200483	-87.61397273	95, 100, 115, N5
2106	King Drive & 94th Street	41.72377032	-87.61403302	3
2107	King Drive & 93rd Street	41.72566299	-87.61407517	3
2108	King Drive & Burnside	41.72697758	-87.61418906	3
2109	King Drive & 91st Street	41.72926244	-87.61424775	3
2110	King Drive & 90th Street	41.73111641	-87.61428351	3
2112	King Drive & 88th Street	41.73469966	-87.61433614	3
2113	King Drive & 87th Street	41.7366897	-87.61446816	3
2114	King Drive & 86th Street	41.73837516	-87.61441135	3
2115	King Drive & 85th Street	41.74021716	-87.61447735	3
2116	King Drive & 84th Street	41.74210816	-87.61450635	3
2117	King Drive & 83rd Street	41.74388663	-87.61452047	3
2118	King Drive & 82nd Street	41.74575587	-87.61461639	3
2119	King Drive & 81st Street	41.74763497	-87.61481003	3
2120	King Drive & 80th Street	41.74938671	-87.61484079	3
2121	King Drive & 79th Street	41.75131436	-87.61487724	3
2122	King Drive & 78th Street	41.75308308	-87.61491116	3
2123	King Drive & 77th Street	41.75484317	-87.61484233	3
2124	King Drive & 76th Street	41.75668216	-87.61493395	3
2125	King Drive & 75th Street	41.75860542	-87.61504075	3
2126	King Drive & 74th Street	41.76040449	-87.61511504	3
2128	King Drive & 72nd Street	41.76403685	-87.61518112	3
2129	King Drive & 71st Street	41.76583944	-87.61513734	3
2130	King Drive & 70th Street	41.76766829	-87.61515906	3
2131	King Drive & 69th Street	41.76948011	-87.61528297	3
2132	King Drive & Anthony	41.77046084	-87.61532074	3
2133	King Drive & Marquette Rd/S. Chicago	41.77265206	-87.61535675	3
2134	King Drive & Marquette Rd	41.77314557	-87.61536909	3
2135	King Drive & 66th Street	41.77497836	-87.61540794	3
2136	King Drive & 65th Street	41.77671777	-87.61545891	3
2137	King Drive & 64th Street	41.77831484	-87.61550273	3
2138	King Drive & 63rd Street (Green Line)	41.78044501	-87.61554363	3
2139	King Drive & 62nd Street	41.78223842	-87.61560474	3
2140	King Drive & 61st Street	41.78405755	-87.61564619	3
2141	King Drive & 60th Street	41.78563301	-87.61568785	3
2142	King Drive & 59th Street	41.787665	-87.61571191	3
2143	King Drive & 58th Street	41.78931441	-87.61577042	3
2145	King Drive & 56th Street	41.79311884	-87.6158743	3
2146	King Drive & Garfield	41.79441006	-87.61590438	3
2147	King Drive & Garfield	41.7950306	-87.61592043	3
2148	King Drive & 54th Street	41.79681253	-87.61596707	3
2149	King Drive & 53rd Street	41.79842454	-87.61598809	3
2150	5200 S King Drive	41.80026221	-87.61605332	3
2151	King Drive & 51st Street	41.80236658	-87.61601625	3
2152	King Drive & 50th Street	41.80408606	-87.61632151	3
2153	King Drive & 49th Street	41.80586244	-87.61638127	3
2154	King Drive & 48th Street	41.80777905	-87.61643377	3
2155	King Drive & 47th Street	41.80963513	-87.61650239	3
2156	King Drive & 46th Street	41.811389	-87.61654932	3
2157	King Drive & 45th Street	41.81318022	-87.61651444	3
2158	King Drive & 44th Street	41.81497058	-87.61662441	3
2159	King Drive & 43rd Street	41.81688825	-87.61649064	3
2160	King Drive & 42nd Street	41.81861569	-87.61673212	3
2161	King Drive & 41st Street	41.82042601	-87.61676294	3
2162	King Drive & Oakwood Boulevard	41.82258158	-87.6168457	3
2163	King Drive & Pershing	41.82394737	-87.61690411	3
2164	King Drive & 38th Street	41.82574337	-87.61693552	3
2165	King Drive & 37th Street	41.82764365	-87.61696315	3
2166	3600 S King Drive	41.82920784	-87.61701365	3
2167	King Drive & 35th Street	41.83147352	-87.61685908	3
2168	King Drive & 33rd Place	41.83349285	-87.61690774	3
2169	King Drive & 33rd Street	41.83495775	-87.61693928	3, 31
2170	King Drive & 32nd Street	41.83679151	-87.61697183	3
2171	King Drive & 31st Street	41.83830204	-87.61703392	3
2172	31st Street & King Drive	41.83837508	-87.61677398	31
2178	King Drive & 30th Street	41.83973285	-87.61708274	3
2179	King Drive & 29th Street	41.84229785	-87.61717574	3
2180	2800 S King Drive	41.84335785	-87.61713574	3
2181	King Drive & 26th Street	41.84551585	-87.61722574	3
2188	Michigan & Madison	41.88237485	-87.62421075	3, 4, 6, 26, 143, X4
2190	Cermak & Indiana	41.85277856	-87.62183513	3, 21
2192	McCormick Place	41.85108642	-87.61905895	3, 21
2193	King Drive & 25th Street	41.84732692	-87.61782217	3, 21
2194	King Drive & 26th Street	41.84546261	-87.61777385	3
2195	2800 S King Drive	41.84337173	-87.6177213	3
2196	King Drive & 29th Street	41.84187523	-87.61765288	3
2197	3000 S King Drive	41.8402478	-87.61758666	3
2198	King Drive & 31st Street	41.83855077	-87.61756196	3
2199	King Drive & 32nd Street	41.83631558	-87.61754592	3
2202	King Drive & 35th Street	41.83085351	-87.61741932	3
2203	3600 S King Drive	41.82927849	-87.61718231	3
2204	King Drive & 37th Street	41.82741161	-87.61718383	3
2205	King Drive & 38th Street	41.825547	-87.61714741	3
2206	King Drive & Pershing	41.82366387	-87.61711613	3
2207	King Drive & Oakwood Boulevard	41.82260792	-87.61704193	3
2208	King Drive & 41st Street	41.82006765	-87.6170185	3
2209	King Drive & 42nd Street	41.81828404	-87.61695139	3
2210	King Drive & 43rd Street	41.81651616	-87.61691856	3
2211	King Drive & 44th Street	41.8147141	-87.61685976	3
2212	King Drive & 45th Street	41.81288909	-87.61680754	3
2213	King Drive & 46th Street	41.81105484	-87.61675425	3
2214	King Drive & 47th Street	41.80917191	-87.61668774	3
2215	King Drive & 48th Street	41.80734462	-87.61663072	3
2216	King Drive & 49th Street	41.80559494	-87.61659648	3
2217	King Drive & 50th Street	41.8037241	-87.61656264	3
2218	King Drive & 51st Street	41.80187612	-87.61623975	3
2219	5200 S King Drive	41.80040278	-87.61621908	3
2220	King Drive & 53rd Street	41.79826554	-87.61614454	3
2221	King Drive & 54th Street	41.79648065	-87.61610071	3
2222	King Drive & Garfield	41.79490332	-87.61605792	3
2223	King Drive & Garfield	41.79423447	-87.61604169	3
2224	King Drive & 56th Street	41.79279484	-87.61598874	3
2225	King Drive & 57th Street	41.7910012	-87.61596321	3
2226	King Drive & 58th Street	41.78920667	-87.6158587	3
2227	King Drive & 59th Street	41.78737967	-87.6158447	3
2228	King Drive & 60th Street	41.78578179	-87.61583961	3
2229	King Drive & 61st Street	41.78367464	-87.61579029	3
2230	King Drive & 62nd Street	41.78192484	-87.61573873	3
2231	King Drive & 63rd Street	41.77996631	-87.6156994	3
2232	King Drive & 64th Street	41.77814584	-87.61567274	3
2233	King Drive & 65th Street	41.77639584	-87.61562574	3
2234	King Drive & 66th Street	41.77464084	-87.61556773	3
2235	King Drive & Marquette Rd	41.77305699	-87.61555135	3
2236	King Drive & Marquette Rd/S. Chicago	41.77266164	-87.61554062	3
2237	King Drive & Anthony	41.77054151	-87.61547584	3
2238	King Drive & 69th Street	41.7694337	-87.61544566	3
2239	King Drive & 70th Street	41.76749707	-87.61536187	3
2240	King Drive & 71st Street	41.76556984	-87.61532873	3
2241	King Drive & 72nd Street	41.76375771	-87.61533132	3
2242	King Drive & 73rd Street	41.76190519	-87.61529222	3
2243	King Drive & 74th Street	41.76010493	-87.61526047	3
2244	King Drive & 75th Street	41.75816483	-87.61521317	3
2245	King Drive & 76th Street	41.75648007	-87.61518086	3
2246	King Drive & 77th Street	41.75465561	-87.61511221	3
2247	King Drive & 78th Street	41.7528097	-87.61509846	3
2249	King Drive & 80th Street	41.74946083	-87.61496873	3
2250	King Drive & 81st Street	41.74734132	-87.61494642	3
2251	King Drive & 82nd Street	41.74551253	-87.61488883	3
2252	King Drive & 83rd Street	41.74376707	-87.61477666	3
2253	King Drive & 84th Street	41.74186923	-87.6147553	3
2254	King Drive & 85th Street	41.74006455	-87.61473315	3
2255	King Drive & 86th Street	41.73825466	-87.61468464	3
2256	King Drive & 87th Street	41.73634958	-87.61459688	3
2257	King Drive & 88th Street	41.73454908	-87.61453641	3
2258	King Drive & 89th Street	41.73272108	-87.61450241	3
2259	King Drive & 90th Street	41.73097408	-87.6144594	3
2260	King Drive & 91st Street	41.72917078	-87.61437808	3
2261	King Drive & Burnside	41.72689581	-87.61434978	3
2262	King Drive & 93rd Street	41.72543581	-87.61428978	3
2263	King Drive & 94th Street	41.72350781	-87.61423478	3
2264	95th Street & King Drive	41.72180452	-87.6136745	4, X4
2265	95th Street & Eberhart	41.72186958	-87.61183614	4, 95, 115, N5
2266	95th Street & St. Lawrence	41.72189483	-87.60956873	4, 95, 100, 115, N5
2270	State & 92nd Street	41.72713662	-87.62382115	29
2271	State & 91st Street	41.72890862	-87.62387815	29
2273	State & 89th Street	41.73261613	-87.62397887	29
2274	State & 88th Street	41.73442747	-87.62403372	29
2276	State & 86th Street	41.73808104	-87.62401166	29
2277	State & 85th Street	41.73994374	-87.62416712	29
2278	State & 84th Street	41.74174874	-87.62421212	29
2281	State & 82nd Street	41.74532483	-87.62434374	29
2282	State & 81st Street	41.74718283	-87.62438573	29
2283	State & 80th Street	41.74898983	-87.62443074	29
2285	State & 78th Street	41.75262783	-87.62455374	29, 75
2287	State & 76th Street	41.75627483	-87.62461574	29, 75
2288	State & 75th Street	41.75801083	-87.62466074	29, 75
2291	State & 72nd Street	41.76355983	-87.62478774	29
2292	State & 71st Street	41.76525484	-87.62479774	29
2293	State & 70th Street	41.76724879	-87.62468514	29
2294	State & 69th Street	41.76907296	-87.62486585	29
2295	State & 68th Street	41.77087516	-87.62491173	29
2296	State & Marquette Rd	41.77317293	-87.62498466	29
2297	State & 66th Street	41.77447284	-87.62502574	29
2298	State & 65th Street	41.77652584	-87.62510274	29
2299	State & 64th Street	41.77754284	-87.62517274	29
2300	State & 63rd Street	41.78035469	-87.62519178	29
2301	6200 S State	41.78229084	-87.62527874	29
2302	State & 61st Street	41.78404784	-87.62532274	29
2303	State & 60th Street	41.78536284	-87.62535874	29
2304	State & 59th Street	41.78712784	-87.62541274	29
2305	State & 58th Street	41.78904284	-87.62545774	29
2307	State & 56th Street	41.79266484	-87.62554374	29
2308	State & Garfield	41.79419174	-87.62557871	29
2309	State & Garfield	41.79489327	-87.62559659	29
2310	State & 54th Street	41.79642038	-87.62559473	29
2312	5200 S State	41.80025439	-87.6256951	29
2314	5000 S State	41.80397903	-87.6258014	29
2316	State & 48th Street	41.80727584	-87.62591574	29
2317	State & 47th Street	41.80908784	-87.62597574	29
2318	State & 46th Street	41.81090784	-87.62600774	29
2320	State & 44th Street	41.81453484	-87.62608574	29
2322	State & 42nd Street	41.81817955	-87.6261957	29
2325	State & 40th Street	41.82172084	-87.62629574	29
2326	State & Pershing	41.82361978	-87.62630517	29
2327	State & 38th Street	41.82540785	-87.62632574	29
2331	State & 34th Street	41.83285262	-87.62642631	29, 31
2333	State & 32nd Street	41.83628985	-87.62643774	29, 31
2334	State & 31st Street	41.83820468	-87.6264419	29, 31
2335	State & 30th Street	41.83946282	-87.62654762	29
2337	State & 28th Street	41.84318285	-87.62663774	29
2338	State & 27th Street	41.84438985	-87.62667875	29
2343	State & Cermak	41.85262054	-87.62697838	29
2345	State & Cullerton	41.85535085	-87.62702575	29
2349	State & 16th Street	41.86004085	-87.62716075	29, 62
2350	State & 14th Place	41.8623135	-87.62717639	29, 62
2351	State & 14th Street	41.86397325	-87.62721219	29, 62
2352	State & 13th Street	41.86567285	-87.62726375	29, 62
2353	State & Roosevelt	41.86767131	-87.62733857	29, 62
2354	State & 11th Street	41.86916753	-87.62733218	29, 62, 130, 146
2355	State & 9th Street	41.87041285	-87.62737375	29, 62, 130, 146
2357	State & Balbo	41.87298515	-87.62742291	29, 130, 146
2359	State & Kinzie	41.88913586	-87.62792075	29
2361	State & Grand (Red Line)	41.89158886	-87.62795475	36
2362	Western & 95th Street	41.7214868	-87.68195912	95
2363	Lawrence & Marine Drive	41.96910764	-87.64975003	81
2367	State & Grand (Red Line)	41.8915543	-87.6281713	29, 36
2368	State & Hubbard	41.89015913	-87.62811267	29, 36
2370	State & Marina City	41.88835786	-87.62817775	29, 36, 62
2376	State & Roosevelt	41.86760162	-87.6275416	29, 62
2377	State & 13th Street	41.86564242	-87.62755911	29, 62
2378	State & 14th Street	41.86418592	-87.62750186	29, 62
2379	State & 15th Street	41.86209085	-87.62744775	29, 62
2382	State & 18th Street	41.8575449	-87.62734215	29, 62
2386	State & Cermak	41.85251186	-87.6271906	29
2387	State & 23rd Street	41.85089317	-87.62716616	29
2390	State & 26th Street	41.84574785	-87.62702575	29
2391	State & 27th Street	41.84446085	-87.62697575	29
2392	State & 28th Street	41.84348985	-87.62694574	29
2393	State & 29th Street	41.84210285	-87.62692075	29
2394	State & 30th Street	41.83968785	-87.62684275	29
2395	State & 31st Street	41.83847485	-87.62682375	29
2396	State & 32nd Street	41.83651285	-87.62676074	29, 31
2398	3400 S State	41.83293285	-87.62665875	29, 31
2399	State & 35th Street	41.83117745	-87.62669959	29, 31
2402	State & 38th Street	41.82569085	-87.62651274	29
2403	State & Pershing	41.82379318	-87.62650603	29
2404	State & 40th Street	41.82205084	-87.62649274	29
2405	State & 41st Street	41.82024309	-87.62650445	29
2407	State & 42nd Street	41.81841584	-87.62640874	29
2408	State & 43rd Street	41.81660602	-87.62640286	29
2409	State & 44th Street	41.81481084	-87.62631074	29
2410	State & 45th Street	41.81315622	-87.62631671	29
2411	State & 46th Street	41.81100984	-87.62620874	29
2413	State & 48th Street	41.80754689	-87.62615633	29
2414	4900 S State	41.80573084	-87.62607074	29
2415	5000 S State	41.80401322	-87.62608427	29
2417	5200 S State	41.80001006	-87.6259487	29
2419	State & 54th Street	41.79656187	-87.62584374	29
2420	State & Garfield	41.79476296	-87.62580386	29
2421	State & Garfield	41.79405018	-87.62580457	29
2422	State & 56th Street	41.79274584	-87.62572774	29
2423	State & 57th Street	41.79123084	-87.62568874	29
2424	State & 58th Street	41.78915284	-87.62564374	29
2426	State & 60th Street	41.78571084	-87.62558074	29, 59
2427	State & 61st Street	41.78390284	-87.62551874	29
2428	6200 S State	41.78237514	-87.62545658	29
2429	State & 63rd Street	41.78020638	-87.62550205	29
2430	State & 64th Street	41.77743984	-87.62533574	29
2431	State & 65th Street	41.77629266	-87.62533979	29
2432	State & 66th Street	41.77473084	-87.62534074	29
2434	State & 68th Street	41.77109553	-87.62526568	29
2435	69th Red Line Station	41.7688516	-87.62552843	29, 67
2436	Lafayette & 70th Street	41.76736784	-87.62662074	29
2437	Lafayette & 71st Street	41.76533185	-87.62665091	29
2438	Lafayette & 72nd Street	41.76390083	-87.62658374	29
2439	Lafayette & 73rd Street	41.76201483	-87.62652874	29
2440	Lafayette & 74th Street	41.76026083	-87.62650374	29
2441	Lafayette & 75th Street	41.75834902	-87.62647674	29
2442	Lafayette & 76th Street	41.75657283	-87.62637574	29, 75
2443	Lafayette & 77th Street	41.75474583	-87.62627874	29, 75
2444	Lafayette & 78th Street	41.75288218	-87.62599968	29, 75
2446	Lafayette & 79th Street	41.75076739	-87.62587969	29
2447	Lafayette & 80th Street	41.74928283	-87.62580574	29
2448	Lafayette & 81st Street	41.74743283	-87.62573874	29
2449	Lafayette & 82nd Street	41.74559283	-87.62573374	29
2450	Lafayette & 83rd Street	41.74384783	-87.62567873	29
2451	Lafayette & 84th Street	41.74192583	-87.62565773	29
2452	Lafayette & 85th Street	41.74014083	-87.62556573	29
2453	8600 S Lafayette	41.73739955	-87.62560637	29
2454	Lafayette & 87th Street	41.73597083	-87.62546573	29
2455	Lafayette & 88th Street	41.73489337	-87.62547904	29
2457	Lafayette & 91st Street	41.72920783	-87.62526573	29
2458	Lafayette & 92nd Street	41.72733583	-87.62520873	29
2459	Lafayette & 93rd Street	41.72555083	-87.62519373	29
2460	Lafayette & 94th Street	41.72368983	-87.62514873	29
2461	95th Street & Langley	41.72191557	-87.60698075	4, 95, 115, N5
2462	Cottage Grove & 95th Street	41.72240981	-87.604366	4, 95, N5, X4
2464	Cottage Grove & 93rd Street	41.72553156	-87.60443926	4, 95, N5
2465	Cottage Grove & 92nd Street	41.72743095	-87.60449733	4
2466	Cottage Grove & 91st Street	41.72928276	-87.60452425	4, X4
2467	Cottage Grove & 90th Street	41.73109712	-87.60456366	4
2468	Cottage Grove & 89th Street	41.73294481	-87.60460671	4
2469	Cottage Grove & 88th Street	41.73473267	-87.60465414	4
2470	Cottage Grove & 87th Street	41.73654552	-87.60469941	4, X4
2471	Cottage Grove & 86th Street	41.73837221	-87.60474733	4
2472	Cottage Grove & 85th Street	41.74025865	-87.60480037	4
2473	Cottage Grove & 84th Street	41.74203665	-87.60485037	4
2474	Cottage Grove & 83rd Street	41.74393536	-87.60485979	4, X4
2475	Cottage Grove & 82nd Street	41.74578736	-87.60493579	4
2477	Cottage Grove & 80th Street	41.74905804	-87.6050599	4
2478	Cottage Grove & 79th Street	41.75116653	-87.60511443	4, X4
2479	Cottage Grove & 78th Street	41.75306161	-87.60510096	4
2481	Cottage Grove & 76th Street	41.75668861	-87.60521196	4
2483	Cottage Grove & 74th Street	41.76033961	-87.60533095	4
2484	Cottage Grove & 73rd Street	41.76215661	-87.60538095	4
2485	Cottage Grove & Anthony	41.76338461	-87.60540695	4
2487	7000 S Cottage Grove	41.76753872	-87.60553317	4
2488	Cottage Grove & 69th Street	41.76937649	-87.60555381	4
2489	Cottage Grove & 68th Street	41.77131048	-87.60562215	4
2491	Cottage Grove & Marquette Rd	41.77488056	-87.60569772	4
2495	Cottage Grove & 62nd Street	41.78216386	-87.60586397	4
2496	Cottage Grove & 61st Street	41.78398147	-87.60588367	4, X4
2497	Cottage Grove & 60th Street	41.78574462	-87.60593984	4
2498	Cottage Grove & 59th Street	41.78763916	-87.60597797	2, 4
2499	Cottage Grove & 58th Street	41.78940641	-87.60602907	2, 4, X4
2501	Cottage Grove & 56th Street	41.79309976	-87.60610984	2, 4
2503	Cottage Grove & 54th Street	41.79658484	-87.60620573	2, 4
2504	Cottage Grove & 53rd Street	41.79855723	-87.60622944	2, 4
2505	Cottage Grove & 52nd Street	41.80034084	-87.60627573	2, 4
2506	Cottage Grove & Drexel Square Drive	41.8013111	-87.60627019	2, 4
2507	Cottage Grove & 51st Street	41.80248531	-87.60630386	4, X4
2508	Cottage Grove & 50th Street	41.80394584	-87.60634574	4
2509	Cottage Grove & 49th Street	41.80573584	-87.60639574	4
2510	Cottage Grove & 48th Street	41.80759584	-87.60643774	4
2513	Cottage Grove & 45th Street	41.81305284	-87.60656574	4
2514	Cottage Grove & 44th Street	41.81480584	-87.60659774	4
2515	Cottage Grove & 43rd Street	41.81671471	-87.60661618	4, X4
2516	Cottage Grove & 42nd Street	41.81847084	-87.60669074	4
2517	Cottage Grove & 41st Street	41.82037085	-87.60675074	4
2518	Cottage Grove & 40th Street	41.82136485	-87.60677774	4
2519	Cottage Grove & Oakwood	41.82258323	-87.60679056	4
2520	Cottage Grove & Pershing	41.8242926	-87.60698481	4, X4
2522	Cottage Grove & 37th Street	41.82760085	-87.60868274	4
2523	Cottage Grove & 36th Street	41.82904394	-87.60942206	4
2524	Cottage Grove & 35th Street	41.83109384	-87.61048463	4
2527	Lake Meadows Shopping Center	41.83129085	-87.61498074	4, 35
2528	35th Street & King Drive	41.83127543	-87.61665041	4, 35, X4
2530	Columbus & Randolph	41.88478786	-87.62051875	4, X4
2533	35th Street & King Drive	41.83105317	-87.61676479	4, 35, X4
2534	35th Street & Rhodes	41.83109007	-87.61402834	4, 35
2535	35th Street & Cottage Grove	41.83108849	-87.61108227	4, X4
2536	Cottage Grove & 36th Street	41.82920422	-87.60967624	4
2537	Cottage Grove & 37th Street	41.82783692	-87.60897146	4
2538	Cottage Grove & 38th Street	41.82612702	-87.60809767	4
2539	Cottage Grove & Pershing	41.82412485	-87.60707374	4, X4
2540	Cottage Grove & Oakwood	41.82295485	-87.60692874	4
2542	Cottage Grove & 40th Street	41.82167085	-87.60690274	4
2543	Cottage Grove & 41st Street	41.82043676	-87.60682509	4
2544	Cottage Grove & 42nd Street	41.81877785	-87.60683574	4
2546	Cottage Grove & 44th Street	41.81514484	-87.60673874	4
2548	Cottage Grove & 46th Street	41.81148484	-87.60668074	4
2549	Cottage Grove & 47th Street	41.80965684	-87.60668309	4, X4
2550	Cottage Grove & 48th Street	41.80785984	-87.60660074	4
2551	Cottage Grove & 49th Street	41.80563985	-87.60659809	4
2552	Cottage Grove & 50th Street	41.80420948	-87.6065572	4
2553	Cottage Grove & 51st Street	41.80234298	-87.6065358	4, X4
2554	Cottage Grove & Payne	41.8015837	-87.60650184	2, 4
2555	Cottage Grove & 52nd Street	41.80042084	-87.60643073	2, 4
2556	Cottage Grove & 53rd Street	41.79850241	-87.60641348	2, 4
2557	Cottage Grove & 54th Street	41.79677484	-87.60634573	2, 4
2558	Cottage Grove & 55th Street	41.79509462	-87.60633606	2, 4, X4
2559	Cottage Grove & 56th Street	41.79314734	-87.60633454	2, 4
2560	Cottage Grove & 57th Street	41.79145885	-87.60625543	2, 4
2561	Cottage Grove & 58th Street	41.78968916	-87.6062439	2, 4, X4
2562	Cottage Grove & 59th Street	41.78806416	-87.6062069	2, 4
2563	Cottage Grove & 60th Street	41.78579716	-87.6061749	4
2564	Cottage Grove & 61st Street	41.78414477	-87.60613567	4, X4
2565	Cottage Grove & 62nd Street	41.78239084	-87.60606773	4
2566	Cottage Grove & 63rd Street (Green Line)	41.78053259	-87.60604548	4, X4
2568	Cottage Grove & 65th Street	41.776879	-87.60596549	4
2569	Cottage Grove & Marquette Rd	41.77505654	-87.60592596	4
2571	Cottage Grove & 68th Street	41.77141763	-87.60584317	4
2572	Cottage Grove & 69th Street	41.76959351	-87.60580219	4
2573	7000 S Cottage Grove	41.76754626	-87.60575795	4
2574	Cottage Grove & 71st Street/South Chicago	41.76623117	-87.60572864	4, X4
2575	Cottage Grove & Anthony	41.76361314	-87.6056513	4
2576	Cottage Grove & 73rd Street	41.76232029	-87.60558234	4
2577	Cottage Grove & 74th Street	41.76053535	-87.60558007	4
2578	Cottage Grove & 75th Street	41.75869999	-87.60549203	4, X4
2579	Cottage Grove & 76th Street	41.75684808	-87.60547544	4
2580	Cottage Grove & 77th Street	41.75500762	-87.60542365	4
2581	Cottage Grove & 78th Street	41.75320693	-87.60538974	4
2582	Cottage Grove & 79th Street	41.75111232	-87.60536393	4, X4
2583	Cottage Grove & 80th Street	41.74958376	-87.60532157	4
2584	Cottage Grove & 81st Street	41.74775983	-87.60523073	4
2585	Cottage Grove & 82nd Street	41.74591983	-87.60518073	4
2587	Cottage Grove & 84th Street	41.74218085	-87.60508169	4
2588	Cottage Grove & 85th Street	41.74036285	-87.60502369	4
2590	Cottage Grove & 87th Street	41.7367825	-87.60496944	4, X4
2591	Cottage Grove & 88th Street	41.73494983	-87.60487873	4
2592	Cottage Grove & 89th Street	41.73315083	-87.60483573	4
2593	Cottage Grove & 90th Street	41.73135083	-87.60480573	4
2595	Cottage Grove & 92nd Street	41.72760186	-87.60470907	4
2596	Cottage Grove & 93rd Street	41.72546449	-87.60468606	4, 95, N5
2598	Cottage Grove & Burnside	41.72271838	-87.60462411	4, 95, N5, X4
2600	95th Street & Langley	41.72213204	-87.60680285	4, 95, 115, N5
2603	79th Street & Coles	41.75200572	-87.55011963	79
2604	79th Street & Exchange (Metra Station)	41.75196978	-87.55291451	79
2607	79th Street & Marquette Avenue	41.75189733	-87.55896736	79
2608	79th Street & Colfax	41.75186029	-87.56129162	79
2612	79th Street & Crandon	41.75177632	-87.56858866	79
2614	79th Street & Paxton	41.75172716	-87.57102791	79
2615	79th Street & Clyde	41.75172708	-87.57338365	79
2616	79th Street & Jeffery	41.75168304	-87.57587616	79
2617	79th Street & Bennett	41.7516291	-87.57828466	79
2618	79th Street & Cregier	41.75161202	-87.58077302	79
2619	79th Street & East End	41.75158054	-87.58321367	79
2621	79th Street & Stony Island	41.7515726	-87.58638901	79
2622	79th Street & Anthony	41.75152403	-87.58872651	79
2623	79th Street & Dorchester	41.75150384	-87.59052701	79
2624	79th Street & Kenwood	41.75149082	-87.59174701	79
2625	79th Street & Kimbark	41.75148136	-87.59296862	79
2626	79th Street & Woodlawn	41.75145331	-87.59539123	79
2627	79th Street & Greenwood	41.75143485	-87.59808838	79
2628	79th Street & Ellis	41.75140507	-87.60023152	79
2629	79th Street & Drexel	41.75137181	-87.60264274	79
2630	79th Street & Cottage Grove	41.75136473	-87.6050574	79
2632	79th Street & St. Lawrence	41.75125783	-87.60989873	79
2634	79th Street & King Drive	41.75119689	-87.61482016	79
2636	79th Street & Prairie	41.75112083	-87.61791773	79
2641	79th Red Line Station	41.75111783	-87.62520573	79
2642	79th Street & Lafayette	41.75107583	-87.62611574	79
2643	79th Street & Perry	41.75097194	-87.62728488	79
2645	79th Street & Princeton	41.75088283	-87.63185374	24, 79, 8A
2646	79th Street & Vincennes	41.75085983	-87.63396074	24, 79, 8A
2648	79th Street & Normal	41.75081529	-87.63665144	79, 8A
2650	79th Street & Lowe	41.75076424	-87.6402895	79, 8A
2651	79th Street & Union	41.75075049	-87.64150687	79, 8A
2654	79th Street & Peoria	41.75067283	-87.64627374	79
2655	79th Street & Morgan	41.75064542	-87.64878169	79
2656	79th Street & Aberdeen	41.75059639	-87.6512032	79
2658	79th Street & Throop	41.75054667	-87.65615858	79
2659	79th Street & Loomis	41.75050185	-87.65844006	79
2660	79th Street & Laflin	41.75047144	-87.66094489	79
2661	79th Street & Ashland	41.75043279	-87.66324186	79, 169
2662	79th Street & Paulina	41.75046206	-87.66576131	79
2664	79th Street & Wolcott	41.75033446	-87.67057011	79
2666	79th Street & Hoyne	41.75026083	-87.67539775	79
2667	79th Street & Hamilton	41.75024583	-87.67662075	75, 79
2668	79th Street & Oakley	41.75017583	-87.68067875	75, 79
2669	79th Street & Western Terminal	41.75069428	-87.68263794	75
2670	79th Street & Western	41.75020783	-87.68261775	75, 79, 169
2671	79th Street & Campbell	41.75018483	-87.68510375	79
2672	79th Street & Talman	41.75011983	-87.68876375	79
2673	79th Street & Washtenaw	41.75010384	-87.69012488	79
2674	79th Street & California	41.75002283	-87.69245276	79
2675	79th Street & Francisco	41.74998083	-87.69495576	79
2677	79th Street & Sacramento	41.74994283	-87.69763776	79
2678	79th Street & Albany	41.74991083	-87.69981276	79
2679	79th Street & Kedzie	41.74988627	-87.70224609	79, 169
2680	79th Street & Columbus (Southwest Hwy.)	41.7499104	-87.70302394	79
2681	79th Street & Spaulding	41.74987483	-87.70465776	79
2682	79th Street & Homan	41.74984583	-87.70708876	79
2683	79th Street & St. Louis	41.74980483	-87.70950376	79
2684	79th Street & Central Park	41.74977583	-87.71168876	79
2685	79th Street & Lawndale	41.74973949	-87.71385912	79
2686	79th Street & Hamlin	41.74970098	-87.71689107	79
2688	79th Street & Springfield	41.74965598	-87.72015507	79
2689	79th Street & Pulaski	41.74962598	-87.72167307	79, 169
2691	79th Street & Tripp	41.74951783	-87.72757077	79
2692	79th Street & Kostner	41.74945483	-87.73142077	79
2693	79th Street & Kilbourn	41.74940083	-87.73390877	79
2694	79th Street & Kenton	41.74935653	-87.73635357	79
2695	79th Street & Kilpatrick	41.74931205	-87.73879997	79
2698	79th Street & Cicero	41.74925242	-87.74101272	79, 169
2716	79th Street & Cicero	41.74906993	-87.74102231	79, 169
2717	Cicero & 78th Street	41.75090671	-87.741235	79
2718	Cicero & 76th Street	41.75417646	-87.74133623	79
2720	Cicero & 76th Street	41.75410622	-87.74167851	79
2721	Cicero & 78th Street	41.75187278	-87.74161576	79
2722	79th Street & Kilpatrick	41.74909391	-87.73922113	79
2723	79th Street & Kilpatrick	41.7491189	-87.73723293	79
2724	79th Street & Kilbourn	41.74918083	-87.73434077	79
2727	79th Street & Karlov	41.74937283	-87.72443876	79
2728	79th Street & Pulaski	41.7494042	-87.72150543	79, 169
2729	79th Street & Springfield	41.74943672	-87.71959764	79
2730	79th Street & Hamlin	41.74948559	-87.71714778	79
2731	79th Street & Lawndale	41.7495251	-87.714617	79
2732	79th Street & Central Park	41.74956966	-87.71172794	79
2733	79th Street & St. Louis	41.74958563	-87.7098122	79
2734	79th Street & Homan	41.74962781	-87.70741813	79
2736	79th Street & Columbus (Southwest Hwy.)	41.74968492	-87.70392765	79
2737	79th Street & Kedzie	41.74971653	-87.70257201	79, 169
2738	79th Street & Albany	41.74975845	-87.69999893	79
2739	79th Street & Sacramento	41.74977201	-87.69762556	79
2741	79th Street & Francisco	41.74979401	-87.69515056	79
2742	79th Street & California	41.74982658	-87.69265922	79
2743	79th Street & Washtenaw	41.74987501	-87.69025293	79
2744	79th Street & Talman	41.74994083	-87.68915076	79
2745	79th Street & Campbell	41.74998583	-87.68550575	79
2747	79th Street & Oakley	41.75004283	-87.68065575	75, 79
2748	79th Street & Hamilton	41.75016218	-87.67683735	75, 79
2749	79th Street & Hoyne	41.75013794	-87.67568246	75, 79
2750	79th Street & Damen	41.75017705	-87.67326772	79
2751	79th Street & Wolcott	41.75021301	-87.67089588	79
2752	79th Street & Wood	41.75024909	-87.66833301	79
2753	79th Street & Paulina	41.75028109	-87.66592001	79
2754	79th Street & Ashland	41.75029715	-87.66364774	79, 169
2755	79th Street & Laflin	41.75032642	-87.66105874	79
2757	79th Street & Throop	41.75036734	-87.6562998	79
2758	79th Street & Racine	41.75043518	-87.65387887	79
2761	79th Street & Peoria	41.75054791	-87.64654508	79
2762	79th Street & Halsted	41.75058375	-87.64419361	79
2767	79th Street & Normal	41.75069007	-87.63693991	79, 8A
2769	79th Street & Vincennes	41.75071728	-87.63446284	79, 8A
2770	79th Street & Princeton	41.75079083	-87.63205874	24, 79, 8A
2771	79th Street & Wentworth	41.75080783	-87.63009774	24, 79, 8A
2772	79th Street & Perry	41.75085313	-87.62716233	79
2774	79th Red Line Station	41.75090421	-87.62540984	75
2777	79th Street & Michigan	41.75092769	-87.62147755	79
2779	79th Street & Prairie	41.75099881	-87.61822807	79
2782	79th Street & Eberhart	41.75112283	-87.61268573	79
2783	79th Street & St. Lawrence	41.75116483	-87.61024073	79
2784	79th Street & Langley	41.75121083	-87.60784073	79
2785	79th Street & Cottage Grove	41.75122065	-87.60547211	79
2786	79th Street & Drexel	41.7512753	-87.6028196	79
2787	79th Street & Ellis	41.75126598	-87.60047048	79
2788	79th Street & Greenwood	41.75129829	-87.59801611	79
2789	79th Street & Woodlawn	41.75132927	-87.5955963	79
2790	79th Street & Kimbark	41.75131493	-87.59314529	79
2791	79th Street & Kenwood	41.75137451	-87.59194119	79
2792	79th Street & Dorchester	41.75138576	-87.5907299	79
2793	79th Street & Anthony	41.75139681	-87.58860763	79
2794	79th Street & Stony Island	41.7514379	-87.58620516	79
2795	79th Street & Stony Island	41.75143547	-87.58490199	79
2796	79th Street & East End	41.75148483	-87.58304072	79
2797	79th Street & Cregier	41.75149983	-87.58089572	79
2798	79th Street & Bennett	41.75153283	-87.57860572	79
2800	79th Street & Clyde	41.75160583	-87.57369572	79
2801	79th Street & Paxton	41.75162284	-87.57133872	79
2803	79th Street & Crandon	41.75165484	-87.56881272	79
2805	79th Street & Yates	41.75167084	-87.56639272	79
2808	79th Street & Marquette	41.75178084	-87.55910372	79
2811	79th Street & Exchange	41.75186084	-87.55308571	79
2813	79th Street & Coles	41.75190356	-87.55016438	79
2814	79th Street & South Shore	41.75192967	-87.54833358	79
2816	95th Street & Michigan	41.72168377	-87.62074179	3, 4, 34, 95, 100, 103, 106, 111, 115, 119, N5
2817	95th Street & Indiana	41.72171112	-87.61911729	3, 4, 95, 111, 115, N5
2818	95th Street & Forest	41.72175499	-87.61666962	3, 4, 95, 111, 115, N5
2819	95th Street & King Drive	41.7217841	-87.61434771	95, 100, 111, 115, N5
2820	95th Street & Cottage Grove	41.72195156	-87.60455232	100, 115
2821	Cottage Grove & 95th Street	41.72183548	-87.60331984	4, 115
2822	9600 S Cottage Grove	41.72021293	-87.60372575	4, 115
2823	9700 S Cottage Grove	41.71832793	-87.60413574	4, 115
2824	Cottage Grove & 98th Street	41.71662865	-87.60454374	4, 115
2825	Cottage Grove & 99th Street	41.71466121	-87.60498103	4, 115
2826	Cottage Grove & 100th Street	41.71301105	-87.6053847	4, 115
2827	Cottage Grove & 101st Street	41.7109716	-87.60581446	4, 115
2828	10200 S Cottage Grove	41.70937309	-87.6061789	4, 115
2829	Cottage Grove & 103rd Street	41.70754669	-87.60661249	4, 115
2830	Cottage Grove & 104th Street	41.70555096	-87.60702286	4, 115
2831	Cottage Grove & 105th Street	41.70398883	-87.60741273	4, 115
2832	Cottage Grove & 106th Street	41.70210082	-87.60781273	4, 115
2833	Cottage Grove & 107th Street	41.70033182	-87.60823573	4, 115
2834	Cottage Grove & 108th Street	41.69837282	-87.60866673	4, 115
2835	Cottage Grove & 109th Street	41.69671782	-87.60907473	4, 115
2836	11000 S Cottage Grove	41.69466318	-87.60948533	4, 115
2837	Cottage Grove & 111th Street	41.6929052	-87.6099333	4, 115
2838	Cottage Grove & 112th Street	41.69108082	-87.61037972	4, 115, 111A
2840	Cottage Grove & 114th Street	41.68745682	-87.61119673	4, 115, 111A
2841	Cottage Grove & 115th Street	41.68559582	-87.61150573	4, 115, 111A
2842	115th Street & King Drive	41.68551593	-87.61297397	115, 111A
2843	115th Street & Forest	41.68548192	-87.61536941	115
2847	115th Street & State	41.68539972	-87.62267799	115
2849	115th Street & Wentworth	41.68532307	-87.6274996	115
2850	115th Street & Princeton	41.68532107	-87.62989761	115
2851	115th Street & Stewart	41.68527044	-87.63236842	115
2852	115th Street & Normal	41.68525605	-87.63480024	115
2853	115th Street & Wallace	41.68520917	-87.63721451	115
2854	115th Street & Union	41.68518205	-87.63957601	115
2857	115th Street & Morgan	41.68510522	-87.64694271	115
2858	115th Street & Aberdeen	41.68505382	-87.64936792	115
2859	115th Street & Racine	41.68504175	-87.65183341	115
2860	115th Street & Throop	41.68498709	-87.65422553	115
2861	115th Street & Loomis	41.68495368	-87.65655493	115
2862	115th Street & Laflin	41.68490961	-87.65988613	115
2863	115th Street & Ashland	41.68490015	-87.66144338	115
2864	1700 W 115th Street	41.68484297	-87.66399056	111
2865	115th Street & Watkins	41.68480221	-87.66608844	111
2866	115th Street & Vincennes	41.68478299	-87.66737419	111
2867	Vincennes & Edmaire	41.68662507	-87.6665498	111
2868	Vincennes & Montvale	41.68825642	-87.66562092	111
2869	Vincennes & Monterey	41.69044769	-87.66436063	111, 112
2870	Vincennes & 111th Street	41.69197326	-87.66334286	111, 112
2871	111th Street & Ashland	41.69206082	-87.66194274	111
2873	111th Street & Bishop	41.69210914	-87.65869443	111
2874	111th Street & Loomis	41.69212786	-87.65708861	111
2875	111th Street & Throop	41.69216083	-87.65463722	111
2876	111th Street & Racine	41.6922098	-87.65220984	111
2877	111th Street & Aberdeen	41.6922238	-87.64979384	111
2878	111th Street & Morgan	41.69225479	-87.64733829	111
2879	111th Street & Peoria	41.69227579	-87.64504929	111
2881	111th Street & Union	41.69233275	-87.64006009	111
2882	111th Street & Wallace	41.6923661	-87.63762289	111
2883	111th Street & Normal	41.6923936	-87.63526993	111
2884	111th Street & Stewart	41.69239208	-87.63304362	111
2885	111th Street & Princeton	41.69241784	-87.63045147	111
2887	111th Street & Perry	41.69247408	-87.62590858	111
2888	111th Street & State	41.6925258	-87.62323001	111
2889	111th Street & Michigan	41.69254734	-87.62122981	111
2890	111th Street & Indiana	41.69257908	-87.61841278	111
2891	300 E 111th Street	41.69265082	-87.61572673	111
2893	111th Street & Vernon	41.69267829	-87.61226865	4, 115, 111A
2895	111th Street & Cottage Grove	41.69270728	-87.6093015	111A
2896	111th Street & Champlain	41.69276685	-87.60731625	111A
2899	111th Street & Doty/Corliss	41.69297333	-87.60099628	111A
2900	111th Street & Ellis	41.69289263	-87.60507715	111A
2901	111th Street & Champlain	41.69287189	-87.60733638	111A
2907	300 E 111th Street	41.6927545	-87.61588368	111
2908	111th Street & Indiana	41.6927212	-87.61811798	111
2909	111th Street & Michigan	41.69268144	-87.62129939	111
2910	111th Street & State	41.69266527	-87.62300685	111
2911	111th Street & Perry	41.69261236	-87.6257099	111
2912	111th Street & Wentworth	41.69258761	-87.62777286	111
2913	111th Street & Princeton	41.69254888	-87.63024776	111
2914	111th Street & Stewart	41.69253232	-87.63320637	111
2915	111th Street & Normal	41.69252359	-87.63508723	111
2916	111th Street & Wallace	41.69249004	-87.6373989	111
2917	111th Street & Union	41.69245225	-87.63987105	111
2919	111th Street & Peoria	41.69239116	-87.64468832	111
2920	111th Street & Morgan	41.69237543	-87.64706813	111
2921	111th Street & Aberdeen	41.69231961	-87.64953171	111
2922	111th Street & Racine	41.69228682	-87.65202816	111
2923	111th Street & Throop	41.69230147	-87.65445225	111
2924	111th Street & Loomis	41.69224161	-87.65685441	111
2925	111th Street & Bishop	41.69224442	-87.65841225	111
2927	111th Street & Ashland	41.69218418	-87.66172307	111
2928	Vincennes & 111th Street	41.69201297	-87.66352515	111, 112
2929	Vincennes & Monterey	41.69024648	-87.66468096	111, 112
2930	Vincennes & Montvale	41.68847589	-87.6656643	111
2931	Vincennes & Edmaire	41.6867956	-87.66663041	111
2932	115th Street & Vincennes	41.68465313	-87.66735437	111
2933	115th Street & Watkins	41.68468596	-87.66606347	111
2934	1700 W 115th Street	41.68468841	-87.66436482	111
2936	115th Street & Laflin	41.68480191	-87.65925647	115
2937	115th Street & Loomis	41.68481765	-87.65677509	115
2938	115th Street & Throop	41.68484665	-87.65435709	115
2939	115th Street & Racine	41.68489898	-87.6519694	115
2940	115th Street & Aberdeen	41.68494276	-87.64951505	115
2941	115th Street & Morgan	41.68496576	-87.64708104	115
2944	115th Street & Union	41.68505138	-87.64051259	115
2945	115th Street & Wallace	41.68510558	-87.6375109	115
2946	115th Street & Normal	41.68515058	-87.63512789	115
2947	115th Street & Stewart	41.6851525	-87.6326299	115
2948	115th Street & Princeton	41.68517642	-87.63024181	115
2949	115th Street & Wentworth	41.68517878	-87.62777196	115
2950	115th Street & Perry	41.68524001	-87.62558458	115
2951	115th Street & State	41.68524087	-87.62302515	115
2953	115th Street & Indiana	41.68529512	-87.61817202	115
2955	115th Street & Forest	41.68535265	-87.61570344	115
2962	11000 S Cottage Grove	41.69464982	-87.60932273	4, 115
2964	Cottage Grove & 108th Street	41.6980792	-87.60852408	4, 115
2966	Cottage Grove & 106th Street	41.70188468	-87.60769246	4, 115
2967	Cottage Grove & 105th Street	41.70369942	-87.60725366	4, 115
2968	Cottage Grove & 104th Street	41.70553576	-87.60684395	4, 115
2970	10200 S Cottage Grove	41.70920218	-87.60603149	4, 115
2971	Cottage Grove & 101st Street	41.71118807	-87.60559179	4, 115
2972	Cottage Grove & 100th Street	41.71275677	-87.60521748	4, 115
2973	Cottage Grove & 99th Street	41.7146381	-87.60476529	4, 115
2974	Cottage Grove & 98th Street	41.71655375	-87.60436418	4, 115
2975	9700 S Cottage Grove	41.71835061	-87.60395933	4, 115
2976	9600 S Cottage Grove	41.72020183	-87.60352166	4, 115
2977	Cottage Grove & 95th Street	41.72152752	-87.60321745	4, 115
2978	95th Street & Cottage Grove	41.72215684	-87.60505913	100, 115
2979	95th Street & St. Lawrence	41.7220855	-87.60922629	4, 95, 100, 115, N5
2980	95th Street & Forest	41.72196371	-87.61646558	3, 4, 95, 111, 115, N5
2981	95th Street & Indiana	41.72192477	-87.61882512	3, 4, 95, 111, 115, N5
2982	95th Street & Michigan	41.72188457	-87.62103355	34, 95, 100, 103, 106, 111, 115, 119, N5
2983	111th Street & Ellis	41.69280782	-87.60480572	111A
2985	Eberhart & 130th Street	41.65884382	-87.61075254	34
2986	131st Street & Rhodes	41.65733782	-87.60986372	34
2987	131st Street & St. Lawrence	41.65737422	-87.60770014	34
2988	131st Street & Langley	41.65727579	-87.60478011	34
2989	131st Street & Corliss	41.65710782	-87.60230572	34
2990	131st Street &  Ingleside	41.65716624	-87.60007269	34
2994	California & Roscoe	41.94292223	-87.69801745	93, 94
2995	California & Melrose	41.94033286	-87.69791878	93, 94
2996	California & Belmont	41.93953145	-87.69792395	93, 94
2997	California & Barry	41.93765586	-87.69784278	93, 94
2998	California & Wellington	41.93582086	-87.69780278	93, 94
2999	California & George	41.9346383	-87.69777155	93, 94
3001	California & Schubert	41.93027886	-87.69763678	94
3002	California & Logan	41.92877973	-87.69762667	94
3003	California & Logan	41.92813317	-87.69760657	94
3004	California & Altgeld	41.92676697	-87.69755315	94
3006	California & Milwaukee (Blue Line)	41.92310323	-87.69745151	94
3007	California & Palmer	41.92180406	-87.69740918	94
3009	California & Dickens	41.91971211	-87.69734632	94
3010	California & Armitage	41.91760098	-87.6972851	94
3011	California & Cortland	41.91577186	-87.69721477	94
3012	California & Bloomingdale	41.91411626	-87.69717646	94
3013	California & Wabansia	41.91245486	-87.69711777	94
3015	California & Le Moyne	41.90852899	-87.69711703	94
3016	California & Hirsch	41.90669775	-87.69706662	94
3017	California & Evergreen	41.90566385	-87.69699177	94
3018	California & Potomac	41.90476509	-87.69701828	94
3019	California & Division	41.90303401	-87.69698687	94
3020	California & Thomas	41.90119085	-87.69692077	94
3021	California & Augusta	41.89939838	-87.69688622	94
3023	California & Chicago	41.89578197	-87.69680134	94
3024	Kedzie & Chicago	41.89537385	-87.70663677	52
3025	Kedzie & Huron	41.89380585	-87.70657777	52
3026	Kedzie & Ohio	41.89206416	-87.70653308	52
3028	Kedzie & Franklin	41.88964998	-87.70648337	52
3030	Kedzie & Carroll	41.88760092	-87.7064084	52
3037	Kedzie & Monroe	41.87979784	-87.70616818	52
3038	Kedzie & Adams	41.87845485	-87.70613377	52
3040	Kedzie & Van Buren	41.87596385	-87.70602977	52
3041	Kedzie-Homan Blue Line Station	41.87425893	-87.70602275	52
3048	Kedzie & 13th Street	41.86465885	-87.70568677	52
3050	Kedzie & Douglas	41.86234408	-87.70566716	52
3051	Kedzie & 15th Street	41.86139185	-87.70559477	52
3053	Kedzie & Ogden	41.85744659	-87.70550559	52
3055	Kedzie Pink Line Station	41.85410588	-87.70539881	52
3057	Kedzie & 23rd Street	41.85003884	-87.70527077	52
3058	Kedzie & 24th Street	41.84829304	-87.70523236	52
3059	Kedzie & 25th Street	41.84641184	-87.70516377	52
3060	Kedzie & 26th Street	41.84461005	-87.70513824	52
3061	Kedzie & 27th Street	41.84277884	-87.70505577	52
3062	Kedzie & 28th Street	41.84096535	-87.70501691	52
3063	Kedzie & 30th Street	41.83913684	-87.70494577	52
3065	3201 S Kedzie	41.83548462	-87.70485109	35, 52
3066	3349 S Kedzie	41.83258287	-87.70477098	35, 52
3067	3448 S Kedzie	41.83105989	-87.70472201	35, 52
3068	Kedzie & 36th Street	41.82817788	-87.7046565	52
3070	3700 S Kedzie	41.82617084	-87.70459577	52
3074	Kedzie & 41st Street	41.81904333	-87.70449465	52
3075	Kedzie & 42nd Street	41.81722184	-87.70437277	52
3076	Kedzie & 43rd Street	41.81553039	-87.70435458	52
3078	Kedzie & 45th Street	41.81186481	-87.70421935	52
3079	Kedzie & 46th Street	41.81008127	-87.70413791	52
3082	Kedzie & 48th Place	41.80578484	-87.70398576	47, 52
3083	Kedzie Orange Line Station	41.80487265	-87.70454464	47
3085	5000 S Kedzie	41.80281926	-87.7039604	51, 52, 52A
3086	Kedzie & 51st Street	41.80092308	-87.70387183	52, 52A
3087	Kedzie & 52nd Street	41.79907739	-87.70380009	52, 52A
3089	Kedzie & 54th Street	41.79544189	-87.70367746	52, 52A
3090	Kedzie & 55th Street	41.79364797	-87.7036568	52, 52A
3091	Kedzie & 56th Street	41.79179299	-87.70359016	52, 52A
3092	Kedzie & 57th Street	41.7899725	-87.70353731	52, 52A
3093	Kedzie & 58th Street	41.78819482	-87.70347557	52, 52A
3095	Kedzie & 60th Street	41.78453633	-87.7033636	52, 52A
3097	Kedzie & 62nd Street	41.78088633	-87.70327659	52, 52A
3099	Kedzie & 63rd Place Terminal	41.77833309	-87.70335138	52
3101	Kedzie & 62nd Street	41.78072033	-87.70313159	52, 52A
3102	Kedzie & 61st Street	41.78254633	-87.70317259	52, 52A
3103	Kedzie & 60th Street	41.78437133	-87.7032186	52, 52A
3104	Kedzie & 59th Street	41.78605067	-87.70324386	52, 52A
3105	Kedzie & 58th Street	41.78795763	-87.70331684	52, 52A
3107	Kedzie & 56th Street	41.79159385	-87.70341333	52, 52A
3108	Kedzie & 55th Street	41.79339238	-87.70346255	52, 52A
3109	Kedzie & 54th Street	41.79525136	-87.70352849	52, 52A
3110	Kedzie & 53rd Street	41.79713313	-87.70358787	52, 52A
3111	Kedzie & 52nd Street	41.79893048	-87.70363421	52, 52A
3112	Kedzie & 51st Street	41.80072274	-87.70367727	52, 52A
3113	5000 S Kedzie	41.80266738	-87.70372707	51, 52, 52A
3115	47th Street & Kedzie	41.80819469	-87.70426414	47
3116	Kedzie & 48th Place	41.80563284	-87.70384076	47, 52
3118	Kedzie & 47th Street	41.80794809	-87.70386256	47, 52
3119	Kedzie & 46th Street	41.8098317	-87.70395886	52
3120	Kedzie & 45th Street	41.81162295	-87.70403086	52
3123	Kedzie & 42nd Street	41.81706984	-87.70422777	52
3124	Kedzie & 41st Street	41.81890438	-87.70431662	52
3125	Kedzie & 40th Street	41.82069612	-87.70439166	52
3128	3700 S Kedzie	41.82619229	-87.70442745	52
3130	Kedzie & 36th Street	41.82799384	-87.70448077	52
3131	3426 S Kedzie	41.83016278	-87.70452763	35, 52
3132	3349 S Kedzie	41.83267292	-87.70459775	35, 52
3133	3201 S Kedzie	41.8354819	-87.70469954	35, 52
3134	Kedzie & 31st Street	41.83714246	-87.70473891	52
3135	Kedzie & 30th Street	41.83897184	-87.70480077	52
3137	Kedzie & 27th Street	41.84261384	-87.70491077	52
3141	Kedzie & 23rd Street	41.84987285	-87.70512577	52
3147	Kedzie & 15th Street	41.86123985	-87.70544877	52
3149	Kedzie & Douglas	41.86315499	-87.7054933	52
3150	Kedzie & 13th Street	41.86449285	-87.70554177	52
3152	Kedzie & Fillmore	41.86814385	-87.70565777	52
3156	Kedzie & Harrison (Blue Line)	41.87359047	-87.70580411	52
3158	Kedzie & Van Buren	41.87579885	-87.70588477	52
3159	Kedzie & Jackson	41.87724885	-87.70594377	52
3162	Kedzie & Madison	41.8808781	-87.70603048	52
3164	Kedzie & Washington	41.88271598	-87.70608117	52
3165	Kedzie & Lake (Green Line)	41.88422367	-87.70611297	52
3170	Kedzie & Franklin	41.88974493	-87.7062903	52
3173	Kedzie & Huron	41.89363985	-87.70643177	52
3174	Kedzie & Chicago	41.89544219	-87.70646579	52
3175	California & Chicago	41.89584085	-87.69663077	94
3178	California & Thomas	41.90107296	-87.6967317	94
3180	California & Potomac	41.90461291	-87.69683007	94
3181	California & Evergreen	41.90560063	-87.69681263	94
3182	California & Hirsch	41.90643793	-87.6968694	94
3183	California & Le Moyne	41.90833363	-87.69693163	94
3185	California & Wabansia	41.91190943	-87.69695312	94
3186	1750 N California	41.91300199	-87.69696272	94
3187	California & Cortland	41.91560686	-87.69706977	94
3189	California & Point	41.91932473	-87.69717862	94
3191	California & Palmer (Blue Line)	41.92179138	-87.69724381	94
3192	California & Milwaukee	41.92269563	-87.69728241	94
3194	California & Altgeld	41.92652402	-87.69738348	94
3196	California & Logan	41.92881135	-87.69743797	94
3197	California & Schubert	41.93019486	-87.69749077	94
3199	California & George	41.93458586	-87.69758978	93, 94
3200	California & Wellington	41.93572331	-87.6976166	93, 94
3201	California & Barry	41.93747034	-87.69767455	93, 94
3205	Stony Island & 63rd/64th	41.77979471	-87.58655642	63
3206	64th Street & Blackstone	41.77882284	-87.58875773	63
3209	63rd Street & Kenwood	41.78061835	-87.59292983	63
3210	63rd Street & Kimbark	41.78060435	-87.59453483	63
3212	63rd Street & University	41.78055584	-87.59761873	63
3213	63rd Street & Greenwood	41.7805519	-87.59933696	63
3216	63rd Street & Drexel	41.78049935	-87.60419678	63
3218	63rd Street & Langley	41.78043393	-87.60827181	63
3219	63rd Street & St. Lawrence	41.78039495	-87.61071836	63
3220	63rd Street & Rhodes	41.78037801	-87.61178391	63
3221	63rd Street & Eberhart	41.78035248	-87.61311823	63
3222	63rd Street & King Drive (Green Line)	41.78030928	-87.61553369	63
3223	63rd Street & Prairie	41.78025584	-87.61860074	63
3224	63rd Street & Indiana	41.78020584	-87.62018874	63
3225	63rd Street & Michigan	41.78010588	-87.62187846	63
3226	63rd Street & Wabash	41.78008056	-87.62358837	63
3227	63rd Street & State	41.78016333	-87.62506151	63
3228	63rd Street & Wentworth	41.78005986	-87.62998628	63
3229	63rd Red Line Station	41.78001561	-87.63090561	63
3230	63rd Street & Yale	41.78001024	-87.63196012	63
3232	63rd Street & Stewart	41.7799728	-87.6348929	63
3233	63rd Street & Normal	41.77995805	-87.6373394	63
3235	63rd Street & Lowe	41.77988573	-87.64081278	63
3240	63rd Street & Aberdeen	41.77971853	-87.65195799	63
3242	63rd Street & Throop	41.77961938	-87.65687302	63
3243	63rd Street & Loomis	41.77957989	-87.65926475	63
3244	63rd Street & Laflin	41.77957441	-87.66169695	63
3245	Ashland/63rd Green Line Station	41.77881983	-87.66368875	63
3246	63rd Street & Ashland (Green Line)	41.77953653	-87.66460469	63
3247	63rd Street & Paulina	41.77948057	-87.66650339	63
3248	63rd Street & Wood	41.7794734	-87.66889197	63
3249	63rd Street & Wolcott	41.77941071	-87.6713536	63
3251	63rd Street & Hoyne	41.7793746	-87.67616413	63
3254	63rd Street & Oakley	41.77924178	-87.68099234	63
3255	63rd Street & Western	41.77930283	-87.68338044	63
3256	63rd Street & Campbell	41.77931023	-87.68591706	63
3258	63rd Street & Washtenaw	41.77922706	-87.69085826	63
3260	63rd Street & Francisco	41.77916566	-87.69569422	63
3261	63rd Street & Sacramento	41.77913059	-87.6981912	63
3262	63rd Street & Albany	41.77908072	-87.70056077	63
3264	63rd Street & Spaulding	41.77901938	-87.70542254	63
3265	63rd Street & Homan	41.77901837	-87.70780554	63
3266	63rd Street & St. Louis	41.77889983	-87.71013876	63
3267	63rd Street & Central Park	41.77892189	-87.71236974	63
3269	63rd Street & Hamlin	41.77878911	-87.71769784	63
3270	63rd Street & Springfield	41.77876976	-87.72021049	63
3271	63rd Street & Pulaski	41.77871683	-87.72252877	63
3272	63rd Street & Karlov	41.77870483	-87.72499577	63
3274	63rd Street & Kildare	41.77870583	-87.72989377	63
3277	63rd Street & Kilbourn	41.77858611	-87.73488022	63
3279	63rd Street & Kilpatrick	41.77853189	-87.73970422	63
3281	63rd Street & Cicero	41.77854069	-87.74204915	63
3282	63rd Street & Lamon	41.77845915	-87.74474095	63W
3283	63rd Street & Lavergne	41.77839031	-87.74709201	63W
3284	63rd Street & Lawler	41.77837328	-87.74841376	63W
3285	63rd Street & Leamington	41.77832368	-87.75084229	63W
3288	63rd Street & Lorel	41.77823417	-87.75551957	63W
3289	63rd Street & Long	41.77822563	-87.75688498	63W
3290	63rd Street & Linder	41.77817432	-87.75925997	63W
3291	63rd Street & Central	41.77813982	-87.76151607	63W
3292	63rd Street & Major	41.77808264	-87.76408111	63W
3293	63rd Street & Menard	41.77803276	-87.76650526	63W
3294	63rd Street & Mayfield	41.77798018	-87.76890508	63W
3295	63rd Street & Austin	41.77795605	-87.77131923	63W
3296	63rd Street & Meade	41.7778844	-87.7738376	63W
3299	Narragansett & 63rd Street	41.77757503	-87.78138747	55N
3300	Narragansett & 63rd Place Terminal	41.77656775	-87.78159571	55N
3301	63rd Street & Narragansett	41.77762296	-87.78088568	63W
3302	63rd Street & Mobile	41.7776671	-87.77892113	63W
3303	63rd Street & Melvina	41.77771485	-87.7765242	63W
3304	63rd Street & Meade	41.77776285	-87.7740842	63W
3305	63rd Street & Austin	41.77779444	-87.77159731	63W
3306	63rd Street & Mayfield	41.77787118	-87.76916676	63W
3307	63rd Street & Menard	41.77790243	-87.76670354	63W
3308	63rd Street & Major	41.77795143	-87.76426054	63W
3310	63rd Street & Linder	41.77803833	-87.75937094	63W
3311	63rd Street & Long	41.77808911	-87.75697332	63W
3314	63rd Street & Latrobe	41.77812757	-87.75327099	63W
3315	63rd Street & Leamington	41.77819958	-87.75087243	63W
3316	63rd Street & Lawler	41.77825485	-87.7484632	63W
3319	Cicero & 63rd Street	41.77868346	-87.74215255	63W
3320	Cicero & 64th Street	41.77675041	-87.74238251	165, 54B
3321	Cicero & 65th Street	41.77497833	-87.74238177	165
3322	65th Street & Lamon	41.77479688	-87.74442912	165
3323	65th Street & Lavergne	41.77474563	-87.74684119	165
3324	65th Street & Leclaire	41.77475169	-87.74875993	165
3325	5133 W 65th Street	41.77469412	-87.75025686	165
3326	65th Street & Laramie	41.77466829	-87.75169231	165
3327	65th Street & Lockwood	41.77462315	-87.7543083	165
3328	65th Street & Long	41.77456928	-87.75667323	165
3329	65th Street & Linder	41.77452039	-87.75902008	165
3330	65th Street & Central	41.77449206	-87.76147526	165
3331	65th Street & Major	41.77445572	-87.76391271	165
3332	65th Street & Menard	41.77439583	-87.76633402	165
3333	65th Street & Mayfield	41.77434454	-87.76882556	165
3334	65th Street & Austin	41.77428249	-87.77123463	165
3335	65th Street & Meade	41.77424881	-87.77371545	165
3336	65th Street & Melvina	41.77418248	-87.77613264	165
3337	65th Street & Mobile	41.77415224	-87.77858773	165
3338	65th Street & Narragansett	41.77410987	-87.78100223	165
3339	Karlov & Archer	41.80122052	-87.72577203	62
3340	65th Street & Natchez	41.77405903	-87.78344536	165
3341	65th Street & Nashville	41.7740257	-87.78591028	165
3342	65th Street & Normandy	41.77398373	-87.7882899	165
3343	65th Street & Oak Park	41.77394649	-87.79078346	165
3345	65th Street & New England	41.77390018	-87.79353945	165
3346	65th Street & Sayre	41.773873	-87.79571173	165
3347	65th Street & Nottingham	41.77382611	-87.7981897	165
3348	65th Street & Harlem	41.77378755	-87.80062965	165
3350	65th Street & Harlem	41.77363073	-87.80035476	165
3351	65th Street & Nottingham	41.77364425	-87.79830208	165
3352	65th Street & Sayre	41.77370944	-87.79595359	165
3353	6900 W 65th Street	41.77371285	-87.7940949	165
3355	65th Street & Oak Park	41.77376276	-87.79099253	165
3356	65th Street & Normandy	41.77380026	-87.78845908	165
3357	65th Street & Nashville	41.77386396	-87.78614423	165
3358	65th Street & Natchez	41.77390523	-87.7837318	165
3359	65th Street & Narragansett	41.77393833	-87.78086623	165
3360	65th Street & Mobile	41.77399461	-87.77863415	165
3362	65th Street & Meade	41.77408748	-87.77390854	165
3363	65th Street & Austin	41.77412589	-87.77151542	165
3364	65th Street & Mayfield	41.77417681	-87.76903647	165
3365	65th Street & Menard	41.77420815	-87.76646439	165
3366	65th Street & Major	41.77425915	-87.76412539	165
3367	65th Street & Central	41.77430415	-87.7616864	165
3368	65th Street & Linder	41.7743778	-87.75908298	165
3369	65th Street & Long	41.7744258	-87.75665598	165
3370	65th Street & Lockwood	41.77446263	-87.75423492	165
3371	65th Street & Laramie	41.77450667	-87.75202914	165
3372	5133 W 65th Street	41.77451549	-87.75031722	165
3374	65th Street & Lavergne	41.77459979	-87.74716959	165
3375	65th Street & Lamon	41.7745988	-87.74453245	165
3377	Cicero & 64th Street	41.77644136	-87.74207604	165, 54B
3378	63rd Street & Cicero	41.77835052	-87.74192046	63
3379	63rd Street & Kilpatrick	41.77840783	-87.73995277	63
3384	63rd Street & Kildare	41.77852883	-87.73019077	63
3385	63rd Street & Keeler	41.77855683	-87.72774777	63
3386	63rd Street & Karlov	41.77858483	-87.72530377	63
3389	63rd Street & Hamlin	41.77868483	-87.71793977	63
3391	63rd Street & Central Park	41.77875637	-87.71261145	63
3393	63rd Street & Homan	41.77882783	-87.70805576	63
3394	63rd Street & Spaulding	41.77887083	-87.70563176	63
3395	63rd Street & Kedzie	41.7789017	-87.70327649	63
3396	63rd Street & Albany	41.77894983	-87.70075676	63
3397	63rd Street & Sacramento	41.77897249	-87.69841892	63
3398	63rd Street & Francisco	41.77901008	-87.69595783	63
3400	63rd Street & Washtenaw	41.77909483	-87.69102876	63
3402	63rd Street & Campbell	41.77916483	-87.68618176	63
3404	63rd Street & Oakley	41.77916683	-87.68117476	63
3407	63rd Street & Hoyne	41.77920891	-87.6765212	63
3408	63rd Street & Damen	41.77924677	-87.67407389	63
3409	63rd Street & Wolcott	41.77927783	-87.67158575	63
3410	63rd Street & Wood	41.77930484	-87.66882975	63
3411	63rd Street & Paulina	41.77933883	-87.66674475	63
3412	63rd Street & Ashland	41.77937799	-87.66442375	63
3413	63rd Street & Ashland (Green Line)	41.77942058	-87.6638557	63
3414	63rd Street & Laflin	41.77945284	-87.66188975	63
3415	63rd Street & Loomis	41.77948284	-87.65947675	63
3416	63rd Street & Throop	41.77950784	-87.65709775	63
3417	63rd Street & Racine	41.77954803	-87.65462898	63
3418	63rd Street & Aberdeen	41.77957084	-87.65218375	63
3420	63rd Street & Peoria	41.77964518	-87.64733393	63
3422	63rd Street & Union	41.77975948	-87.64195963	63
3425	63rd Street & Normal	41.77980584	-87.63762274	63
3429	63rd Street & Yale	41.77988784	-87.63190974	63
3430	63rd Street & Wentworth	41.77991484	-87.62989274	63
3432	63rd Street & State	41.77999484	-87.62511274	63
3433	63rd Street & Wabash	41.77995761	-87.62369447	63
3434	63rd Street & Michigan	41.77997881	-87.62228047	63
3435	63rd Street & Indiana	41.78006584	-87.62053974	63
3436	63rd Street & Prairie	41.78011484	-87.61894474	63
3437	63rd Street & King Drive (Green Line)	41.78018425	-87.61572284	63
3438	63rd Street & Eberhart	41.78019897	-87.61327493	63
3439	63rd Street & Rhodes	41.78022183	-87.61217757	63
3440	63rd Street & St. Lawrence	41.78027013	-87.61089912	63
3441	63rd Street & Langley	41.78029778	-87.60846042	63
3442	63rd Street & Cottage Grove (Green Line)	41.78035584	-87.60606173	63
3443	63rd Street & Drexel	41.78038413	-87.60429805	63
3444	63rd Street & Ingleside	41.78037784	-87.60256373	63
3445	63rd Street & Ellis	41.78043084	-87.60063573	63
3446	63rd Street & Greenwood	41.78044284	-87.59937373	63
3447	63rd Street & University	41.78046084	-87.59743773	63
3448	63rd Street & Woodlawn	41.78046789	-87.59629487	63
3449	63rd Street & Kimbark	41.78048789	-87.59478787	63
3450	63rd Street & Kenwood	41.78047426	-87.59320536	63
3451	63rd Street & Dorchester	41.78049026	-87.59162836	63
3452	63rd Street & Blackstone	41.78050777	-87.58922872	63
3453	63rd Street & Stony Island	41.78054072	-87.58666424	63
3455	95th Street & Princeton	41.72174583	-87.63120274	9, 95, 108, 112
3456	95th Street & Eggleston	41.72167783	-87.63322074	9, 95, 108, 112
3457	95th Street & Normal	41.72167245	-87.63585812	9, 95, 108, 112
3458	95th Street & Wallace	41.72162583	-87.63819074	9, 95, 108, 112
3459	95th Street & Union	41.72160083	-87.64057374	9, 95, 108, 112
3461	95th Street & Peoria	41.72153783	-87.64544274	9, 95, 112
3462	95th Street & Morgan	41.72150483	-87.64787874	9, 95, 112
3463	95th Street & Vincennes (Metra Station)	41.72148283	-87.64993374	9, 95
3464	95th Street & Vincennes	41.72147669	-87.65111467	9, 95
3465	95th Street & Racine	41.72144283	-87.65278274	9, 95
3466	95th Street & Throop	41.72140983	-87.65518374	9, 95
3467	95th Street & Loomis	41.72134483	-87.65757274	9, 95
3468	95th Street & Bishop	41.72138283	-87.65883074	9, 95
3469	95th Street & Laflin	41.72136083	-87.66007074	9, 95
3471	95th Street & Ashland	41.72131385	-87.66319742	95
3473	95th Street & Wood	41.72127773	-87.66737491	95
3474	95th Street & Longwood	41.72123904	-87.66913133	95
3475	95th Street & Damen	41.72120548	-87.67221368	95
3477	95th Street & Leavitt	41.72113912	-87.67707563	95
3478	95th Street & Oakley	41.72109701	-87.6794638	95
3488	95th Street & Leavitt	41.72089704	-87.67736214	95
3489	95th Street & Hoyne	41.72094428	-87.67410796	95
3492	95th Street & Longwood	41.72100241	-87.66931729	95
3493	95th Street & Longwood	41.72102213	-87.66804327	95
3494	95th Street & Vanderpoel	41.72104895	-87.66619784	95
3496	95th Street & Ashland	41.72111455	-87.66295024	95
3497	95th Street & Winston	41.72114983	-87.66082874	9, 95
3498	95th Street & Bishop	41.72116083	-87.65926874	9, 95
3500	95th Street & Throop	41.72120974	-87.65548553	9, 95
3501	95th Street & Racine	41.72124048	-87.65305365	9, 95
3502	95th Street & Vincennes	41.72125489	-87.65093904	9, 95
3503	95th Street & Morgan	41.72131014	-87.64811853	9, 95, 112
3504	95th Street & Peoria	41.72132922	-87.6457488	9, 95, 112
3506	95th Street & Union	41.72139483	-87.64093774	9, 95, 108, 112
3507	95th Street & Wallace	41.72142483	-87.63851274	9, 95, 108, 112
3508	95th Street & Normal	41.72146583	-87.63610374	9, 95, 108, 112
3509	95th Street & Eggleston	41.72149783	-87.63411073	9, 95, 108, 112
3510	95th Street & Princeton	41.72152487	-87.63121677	9, 95, 108, 112
3511	95th Street & Wentworth	41.72155799	-87.62877741	9, 95, 108, 112
3513	Howard & Chicago Avenue	42.01948392	-87.67618993	97, 201, 206
3514	Howard & Clyde	42.01950886	-87.67788781	97, 201, 206
3515	Howard & Custer	42.01951002	-87.68028623	97, 201, 206
3517	Howard & Ridge	42.01955977	-87.68440382	97, 201, 206
3519	Howard & Western/Asbury	42.0196067	-87.68999134	97, 206
3520	Howard & Ashland	42.01953026	-87.69317846	97
3522	Howard & Dewey	42.01947471	-87.6961886	97
3523	Howard & California/Dodge	42.0194071	-87.69942715	97
3524	Dodge & Brummel	42.02120739	-87.69939628	93, 97
3525	Dodge & Mulford	42.02296339	-87.69943128	93, 97
3526	Dodge & Kirk	42.02473039	-87.69937027	93, 97
3527	Oakton & Dodge	42.02663519	-87.69974292	97
3530	2310 W Oakton	42.02651589	-87.70647134	97
3532	Oakton & McCormick	42.02645795	-87.71150397	97
3534	Oakton & St. Louis	42.02639183	-87.71559298	97
3535	Oakton & Central Park	42.02639283	-87.71839299	97
3536	Oakton & Lawndale	42.02639183	-87.720694	97
3537	Oakton & Hamlin	42.02639083	-87.723193	97
3538	Oakton & East Prairie	42.02630387	-87.72539379	97
3539	Oakton & Crawford	42.02629863	-87.72802429	97
3540	Oakton & Karlov	42.02629963	-87.73032429	97
3541	Oakton & Keeler	42.02629697	-87.73286651	97
3542	Oakton & Kildare	42.02629763	-87.7352263	97
3543	Oakton & Kostner	42.02629863	-87.7375233	97
3544	Oakton & Kilbourn	42.02629763	-87.73992631	97
3545	Oakton & Kenton	42.02634337	-87.74259087	97
3546	Oakton & Knox	42.02635742	-87.74370736	97
3547	Oakton & Keating	42.02634212	-87.74624429	97
3549	Oakton & Niles Avenue	42.02635964	-87.75165497	97
3550	Oakton & Lincoln	42.02642648	-87.75444635	97
3551	Lincoln & Niles Center	42.02777074	-87.75447716	97
3552	8200 N Niles Center	42.02978002	-87.75332187	97
3553	Niles Center & Madison	42.03175354	-87.75213988	97
3554	Niles Center & Main	42.03339163	-87.75115264	97
3556	Niles Center & Wright Terrace	42.03621826	-87.74987093	97
3558	Niles Center & Crain	42.03887189	-87.74877223	97
3559	Dempster & Niles Center	42.04087108	-87.74846207	97, 54A
3562	Skokie Yellow Line Station	42.04040793	-87.75218336	54A
3563	Bronx & Dempster	42.04093227	-87.75049371	97, 54A
3564	Dempster & Bronx	42.04072856	-87.75083255	97, 54A
3565	Bronx & Grove	42.04432118	-87.75046884	97, 54A
3566	Bronx & Davis	42.04619818	-87.75045983	97, 54A
3567	Gross Point & Church	42.04798888	-87.7486768	97, 54A
3568	Skokie Blvd & Gross Point	42.05018631	-87.74677099	97, 54A
3569	Skokie Blvd & Emerson	42.0521277	-87.74669604	97, 54A
3570	Skokie Blvd & Foster	42.05359395	-87.74671092	97, 54A
3571	Golf Road & Skokie Blvd	42.05542875	-87.74775373	97, 54A
3572	Golf Road & Lamon	42.05539934	-87.74949618	97, 54A
3573	Golf Road & Lavergne	42.05546074	-87.75130056	97, 54A
3574	Old Orchard Mall - Macys	42.05945427	-87.7502762	97, 201, 54A
3575	Old Orchard Mall - Bloomingdales	42.06089688	-87.75076043	97, 201, 54A
3576	Golf Road & Lavergne	42.05521805	-87.75122193	97, 54A
3577	Golf Road & Lamon	42.05523121	-87.74868414	97, 54A
3578	Skokie Blvd & Golf Road	42.05468121	-87.74699914	97, 54A
3579	Skokie Blvd & Foster	42.05310121	-87.74699914	97, 54A
3580	Skokie Blvd & Emerson	42.05182121	-87.7470158	97, 54A
3581	Skokie Blvd & Gross Point	42.04912621	-87.74704747	97, 54A
3582	Skokie Blvd & Church	42.04775121	-87.74704747	97, 54A
3583	Skokie Blvd & Davis	42.04597121	-87.74704747	97, 54A
3584	Skokie Blvd & Grove	42.04412788	-87.7470958	97, 54A
3585	Skokie Blvd & Greenwood/Niles Center	42.04276121	-87.74715913	97, 54A
3586	Dempster & Niles Center	42.04070287	-87.74849413	97, 54A
3587	Niles Center & Crain	42.03904335	-87.74906706	97
3588	Niles Center & Greenleaf	42.03723337	-87.74967005	97
3589	Niles Center & Wright Terrace	42.03627029	-87.75007565	97
3591	Niles Center & Main	42.03366217	-87.75129682	97
3592	Niles Center & Madison	42.03197552	-87.75234303	97
3593	8200 N Niles Center	42.02962991	-87.75362112	97
3594	Niles Center & Lincoln	42.02813363	-87.75447571	97
3595	Oakton & Lincoln	42.02630679	-87.7544185	97
3596	Oakton & Niles Avenue	42.02620787	-87.7518098	97
3598	Oakton & Skokie Blvd	42.0261517	-87.7465631	97
3599	Oakton & Knox	42.02620587	-87.7439078	97
3600	Oakton & Kenton	42.02620687	-87.7426088	97
3601	Oakton & Kilbourn	42.02620587	-87.7402088	97
3602	Oakton & Kostner	42.02620687	-87.7378058	97
3603	Oakton & Kildare	42.02620587	-87.7355088	97
3604	Oakton & Keeler	42.02620587	-87.73280779	97
3605	Oakton & Karlov	42.02620787	-87.73060679	97
3606	Oakton & Crawford	42.02620687	-87.72830679	97
3607	Oakton & East Prairie	42.02621228	-87.72570768	97
3608	Oakton & Hamlin	42.02620587	-87.72350679	97
3609	Oakton & Lawndale	42.02620687	-87.72100779	97
3610	Oakton & Central Park	42.02620787	-87.71870779	97
3611	Oakton & St. Louis	42.02620687	-87.71590679	97
3612	3450 W Oakton	42.02620587	-87.71469979	97
3613	Oakton & McCormick	42.02632499	-87.71134094	97
3614	2424 W Oakton	42.02635472	-87.70707555	97
3615	2310 W Oakton	42.02647274	-87.70548849	97
3616	Oakton & Hartrey	42.02641673	-87.70397815	97
3618	Oakton & Dodge	42.02650488	-87.69960779	97
3619	Dodge & Kirk	42.02481625	-87.69952898	93, 97
3620	Dodge & Mulford	42.02304925	-87.69958999	93, 97
3621	Dodge & Brummel	42.02132566	-87.69958154	93, 97
3622	Howard & California/Dodge	42.01927347	-87.69931422	97
3623	Howard & Washtenaw	42.01932379	-87.69741395	97
3625	Howard & Maplewood	42.01942664	-87.69338421	97
3627	Howard & Western	42.01947371	-87.68975012	97, 206
3629	Howard & Ridge	42.01941903	-87.6842704	97, 201, 206
3631	Howard & Damen	42.01937474	-87.68054639	97, 201, 206
3632	Howard & Wolcott	42.01938149	-87.67774967	97, 201, 206
3638	Halsted & 118th Street	41.67959754	-87.64183713	108, 8A
3639	Halsted & 117th Street	41.68165082	-87.64192073	108, 8A
3640	Halsted & 116th Street	41.68393723	-87.64200826	108, 8A
3642	Halsted & 114th Street	41.68677782	-87.64209773	108, 8A
3643	Halsted & 113th Street	41.68858082	-87.64214874	108, 8A
3644	Halsted & 112th Street	41.69039082	-87.64219874	108, 8A
3645	Halsted & 111th Street	41.69224074	-87.64225897	108, 8A
3646	Halsted & 110th Street	41.69403582	-87.64231373	108, 8A
3647	Halsted & 109th Street	41.69581482	-87.64236773	108, 8A
3648	Halsted & 108th Street	41.69766282	-87.64243574	108, 8A
3649	Halsted & 107th Street	41.69948782	-87.64248273	108, 8A
3650	Halsted & 106th Street	41.70128782	-87.64254574	108, 8A
3651	Halsted & 105th Street	41.70312482	-87.64259774	108, 8A
3652	Halsted & 104th Street	41.70494282	-87.64265774	108, 8A
3654	Halsted & 102nd Street	41.70860082	-87.64278374	108, 8A
3655	Halsted & 101st Street	41.71044582	-87.64282774	108, 8A
3656	Halsted & 100th Street	41.71224582	-87.64287274	108, 8A
3657	Halsted & 99th Street	41.71453782	-87.64288874	108, 8A
3659	Halsted & 97th Street	41.71769583	-87.64299074	108, 8A
3660	Halsted & 96th Street	41.71951483	-87.64303274	108, 8A
3661	Halsted & 95th Street	41.72130752	-87.64308432	108, 8A
3662	Halsted & 94th Street	41.72316983	-87.64313074	8A
3664	Halsted & 92nd Street	41.72685783	-87.64324074	8A
3665	Halsted & 91st Street	41.72869783	-87.64329874	8A
3666	9030 S Halsted	41.72967583	-87.64332574	8A
3667	Halsted & 90th Street	41.73066583	-87.64334374	8A
3668	Halsted & 89th Street	41.73243983	-87.64340574	8A
3669	Halsted & 88th Street	41.73422283	-87.64346374	8A
3670	Halsted & 87th Street	41.73578083	-87.64349574	8A
3671	Halsted & Vincennes	41.73722255	-87.64352755	8A
3673	Halsted & 84th Street	41.74144587	-87.64370272	8A
3674	Halsted & 83rd Street	41.74326283	-87.64375274	8A
3675	Halsted & 82nd Street	41.74514249	-87.64379869	8A
3677	Halsted & 80th Street	41.74875356	-87.64381842	8A
3680	Perry & 79th Street Terminal	41.75108083	-87.62759874	24, 8A
3681	Halsted & 79th Street Terminal	41.74970261	-87.6436867	8, 8A
3682	Halsted & 80th Street	41.74891104	-87.64407946	8A
3683	Halsted & 81st Street	41.74707724	-87.64405739	8A
3684	Halsted & 82nd Street	41.74526701	-87.64397427	8A
3685	Halsted & 83rd Street	41.74352283	-87.64388874	8A
3686	Halsted & 84th Street	41.74160149	-87.64387743	8A
3687	Halsted & Summit	41.73995307	-87.64382404	8A
3688	Halsted & Vincennes	41.73738799	-87.64373245	8A
3690	Halsted & 88th Street	41.73446783	-87.64367374	8A
3691	Halsted & 89th Street	41.73263377	-87.64365895	8A
3692	Halsted & 90th Street	41.73085508	-87.64360541	8A
3693	9030 S Halsted	41.73003283	-87.64353874	8A
3694	Halsted & 91st Street	41.72892483	-87.64349774	8A
3695	Halsted & 92nd Street	41.72707783	-87.64345774	8A
3696	Halsted & 93rd Street	41.72504894	-87.6434483	8A
3697	Halsted & 94th Street	41.72323583	-87.64338374	8A
3698	Halsted & 95th Street	41.72100812	-87.64333287	108, 8A
3699	Halsted & 96th Street	41.71940549	-87.64329647	108, 8A
3700	Halsted & 97th Street	41.71775983	-87.64321774	108, 8A
3701	Halsted & 98th Street	41.71607583	-87.64319874	108, 8A
3703	Halsted & 100th Street	41.71252983	-87.64308074	108, 8A
3704	Halsted & 101st Street	41.71071782	-87.64302874	108, 8A
3705	Halsted & 102nd Street	41.70890782	-87.64298574	108, 8A
3707	Halsted & 104th Street	41.70525582	-87.64289574	108, 8A
3708	Halsted & 105th Street	41.70344082	-87.64283774	108, 8A
3709	Halsted & 106th Street	41.70157582	-87.64277574	108, 8A
3711	Halsted & 108th Street	41.69798782	-87.64266374	108, 8A
3712	Halsted & 109th Street	41.69612082	-87.64259573	108, 8A
3713	Halsted & 110th Street	41.69433482	-87.64254073	108, 8A
3714	Halsted & 111th Street	41.69245486	-87.64251041	108, 8A
3715	Halsted & 112th Street	41.6906156	-87.64245928	108, 8A
3716	Halsted & 113th Street	41.68885582	-87.64236573	108, 8A
3717	Halsted & 114th Street	41.68703982	-87.64232273	108, 8A
3718	Halsted & 115th Street	41.68520061	-87.64228502	108, 8A
3719	Halsted & 116th Street	41.68300695	-87.64222031	108, 8A
3720	Halsted & 117th Street	41.68157874	-87.64216929	108, 8A
3721	Halsted & 118th Street	41.67979082	-87.64208773	108, 8A
3725	Milwaukee & Higgins	41.96901632	-87.76185389	56, 81, 91, 81W
3726	Lawrence & Milwaukee	41.96779827	-87.76028646	81
3728	Lawrence & Laramie/Avondale	41.96783295	-87.75776472	81
3729	Lawrence & Leclaire	41.96784579	-87.75515227	81
3730	Lawrence & Lavergne	41.96791886	-87.7527378	81
3731	Lawrence & Lamon	41.96794086	-87.75064479	81
3732	Lawrence & Cicero	41.96796333	-87.74795982	81
3733	Lawrence & Kilpatrick	41.96799358	-87.74540714	81
3734	Lawrence & Kenton	41.96803186	-87.74296779	81
3737	Lawrence & Kildare	41.96808122	-87.73553504	81
3739	Lawrence & Karlov	41.96812109	-87.73058744	81
3741	Lawrence & Springfield	41.96815587	-87.72569961	81
3742	Lawrence & Hamlin	41.96820581	-87.72325505	81
3743	Lawrence & Lawndale	41.96822552	-87.72080812	81
3745	Lawrence & St. Louis	41.96829936	-87.71592603	81
3746	Lawrence & Kimball (Brown Line)	41.96833913	-87.71305498	81
3747	Lawrence & Spaulding	41.96833473	-87.71103067	81
3748	Lawrence & Kedzie	41.96836266	-87.70861897	81
3749	Lawrence & Albany	41.96840411	-87.70614746	81
3750	Lawrence & Sacramento	41.96843985	-87.70372233	81
3753	Lawrence & Washtenaw	41.96846048	-87.69633158	81
3755	Lawrence & Campbell	41.96850832	-87.69149336	81
3756	Lawrence & Western	41.96854438	-87.68914763	81
3757	Lawrence & Oakley	41.96857252	-87.68663437	81
3759	Lawrence & Hoyne	41.96866912	-87.68167327	81
3760	Lawrence & Damen	41.96867981	-87.67935569	81
3762	Lawrence & Ravenswood	41.96875065	-87.67397387	81
3764	Lawrence & Paulina	41.96878702	-87.67113693	81
3765	Lawrence & Ashland	41.96880386	-87.66960938	9
3766	Lawrence & Clark	41.96882631	-87.66763528	81
3767	Lawrence & Beacon	41.9688799	-87.66464732	81
3768	Lawrence & Malden	41.96891138	-87.66313893	81
3769	Lawrence & Broadway	41.96895353	-87.65984346	81
3770	Lawrence Red Line Station	41.96898435	-87.65841595	81
3771	Lawrence & Kenmore	41.96901836	-87.6563503	81
3773	Marine Drive & Wilson	41.96567295	-87.64858597	81, 136, 146
3774	4646 N Marine Drive	41.96649587	-87.64879776	81, 136, 146
3775	Marine Drive & Leland	41.967355	-87.64905787	81, 136, 146
3776	Lawrence & Clarendon	41.96919987	-87.65035676	81
3777	856 W Lawrence	41.96916179	-87.65302504	81
3781	Lawrence & Broadway	41.96910189	-87.6599457	81
3782	Lawrence & Malden	41.9690377	-87.66290161	81
3783	Lawrence & Beacon	41.96902458	-87.66433862	81
3787	Lawrence & Hermitage	41.9689354	-87.67247101	81
3788	Lawrence & Ravenswood	41.96891201	-87.67407702	81
3791	Lawrence & Hoyne	41.96880421	-87.68148012	81
3792	Lawrence & Leavitt	41.96878337	-87.68393698	81
3794	Lawrence & Western	41.9687178	-87.68869175	81
3795	Lawrence & Campbell	41.96867874	-87.69134999	81
3801	Lawrence & Albany	41.96855162	-87.70592362	81
3802	Lawrence & Kedzie	41.96854035	-87.70829928	81
3803	Lawrence & Spaulding	41.96849174	-87.71080134	81
3804	Lawrence & Kimball (Brown Line)	41.96849057	-87.71320418	81
3805	Lawrence & St. Louis	41.96845105	-87.71570935	81
3807	Lawrence & Lawndale	41.96840198	-87.72059794	81
3808	Lawrence & Hamlin	41.96838207	-87.72301056	81
3809	Lawrence & Springfield	41.96837397	-87.72550901	81
3810	Lawrence & Pulaski	41.96832092	-87.72791345	81
3811	Lawrence & Karlov	41.96830537	-87.73035123	81
3812	Lawrence & Keeler	41.96827567	-87.73284686	81
3813	Lawrence & Kildare	41.9682478	-87.73534396	81
3814	Lawrence & Kostner	41.96822095	-87.7377286	81
3815	Lawrence & Elston	41.96820132	-87.74013199	81
3816	Lawrence & Kenton	41.96818834	-87.74282513	81
3818	Lawrence & Cicero	41.96811532	-87.74752974	81
3819	Lawrence & Lamon	41.96807945	-87.74985252	81
3820	Lawrence & Lavergne	41.96803666	-87.75244233	81
3821	Lawrence & Leclaire	41.96800765	-87.75488333	81
3823	Lawrence & Lipps	41.96797274	-87.75923389	81
3824	Grand & Latrobe Terminal	41.91736897	-87.75768535	57
3826	Laramie & Bloomingdale	41.91323885	-87.75584379	57
3827	Laramie & Wabansia	41.91142585	-87.75578379	57
3829	Laramie & Le Moyne	41.90777085	-87.75597479	57
3830	Laramie & Hirsch	41.90595885	-87.75593179	57
3832	Laramie & Division	41.90234418	-87.75587537	57
3833	Laramie & Thomas	41.90050185	-87.75580079	57
3834	Laramie & Augusta	41.89867185	-87.75575679	57
3835	Laramie & Iowa	41.89683985	-87.75571379	57
3837	Laramie & Huron	41.89308385	-87.75559879	57
3839	Laramie & Ferdinand	41.88938885	-87.75546479	57
3841	Laramie & Fulton	41.88572285	-87.75532879	57
3842	Laramie & Maypole	41.88440585	-87.75528079	57
3843	Laramie & Washington	41.88243885	-87.75521579	57
3844	Laramie & Madison	41.88058867	-87.75515831	57
3845	Laramie & Monroe	41.87947409	-87.75505834	57
3846	Laramie & Adams	41.87855285	-87.75506579	57
3847	Laramie & Quincy	41.87764785	-87.75503179	57
3848	Laramie & Jackson	41.87679452	-87.75504266	57
3849	Laramie & Gladys	41.87583785	-87.75496479	57
3850	Laramie & Van Buren	41.87493285	-87.75493179	57
3851	Laramie & Congress	41.87404181	-87.75486853	57
3852	Laramie & Harrison	41.87305895	-87.75490624	57
3854	Lexington & Lavergne	41.87103785	-87.74917978	57
3855	Cicero & Flournoy	41.87223199	-87.74479904	57
3856	Harrison & Cicero	41.87320562	-87.74530927	7, 57
3857	Laramie & Congress	41.87390534	-87.75470477	57
3858	Laramie & Van Buren	41.87476685	-87.75478679	57
3862	Laramie & Adams	41.87838785	-87.75491979	57
3864	Laramie & Madison	41.88014233	-87.75495743	57
3865	Laramie & Washington	41.88227385	-87.75507079	57
3866	Laramie & Maypole	41.88424085	-87.75513579	57
3867	Laramie & Fulton	41.88555785	-87.75518379	57
3868	Laramie & Lake (Green Line)	41.88710481	-87.75527235	57
3869	Laramie & Ferdinand	41.88922385	-87.75531879	57
3871	Laramie & Huron	41.89291885	-87.75545379	57
3873	Laramie & Iowa	41.89667385	-87.75556779	57
3874	Laramie & Augusta	41.89850685	-87.75561179	57
3875	Laramie & Thomas	41.90033685	-87.75565579	57
3876	Laramie & Division	41.902166	-87.75568633	57
3877	Laramie & Potomac	41.90397985	-87.75574279	57
3878	Laramie & Hirsch	41.90579385	-87.75578579	57
3879	Laramie & Le Moyne	41.90760485	-87.75582979	57
3880	Laramie & North Ave	41.90935623	-87.75574974	57
3881	Laramie & Wabansia	41.91125985	-87.75563779	57
3882	Laramie & Bloomingdale	41.91307385	-87.75569779	57
3883	Grand & Laramie	41.91707882	-87.75626788	57, 65, 73
3954	Wacker (Upper) & Columbus	41.88779986	-87.62097275	6, 20, 134, 135, 136
3955	Columbus (Upper) & South Water	41.88703386	-87.62084975	6
4027	Armitage & Leclaire/Grand	41.91679635	-87.75238464	73
4028	Armitage & Lavergne	41.91681385	-87.75102679	73
4029	Armitage & Lamon	41.91683485	-87.74955179	73
4030	Armitage & Lacrosse	41.91686185	-87.74749479	73
4031	Armitage & Cicero	41.91687109	-87.74630895	73
4032	Armitage & Kilpatrick	41.91690885	-87.74379779	73
4033	4600 W Armitage	41.91693513	-87.74180442	73
4034	Armitage & Kolmar	41.91695385	-87.74010079	73
4035	Armitage & Kilbourn	41.91696885	-87.73888379	73
4037	Armitage & Kildare	41.91701885	-87.73399878	73
4038	Armitage & Keeler	41.91704786	-87.73156278	73
4039	Armitage & Karlov	41.91707786	-87.72911278	73
4040	Armitage & Pulaski	41.91711385	-87.72675975	73
4041	Armitage & Springfield	41.91714626	-87.72433501	73
4042	Armitage & Hamlin	41.91712175	-87.72174076	73
4043	Armitage & Lawndale	41.91720145	-87.71933016	73
4044	Armitage & Central Park	41.91725365	-87.71681255	73
4047	Armitage & Kimball	41.91729367	-87.7120474	73
4048	Armitage & Spaulding	41.91730786	-87.71037378	73
4049	Armitage & Sawyer	41.91733074	-87.70877367	73
4051	Armitage & Albany	41.91735926	-87.70538421	73
4053	Armitage & Humboldt	41.91739935	-87.70160291	73
4054	Armitage & Francisco	41.91741486	-87.69943077	73
4056	Armitage & Washtenaw	41.91745486	-87.69488577	73
4057	Armitage & Rockwell	41.91747797	-87.69242534	73
4059	Armitage & Milwaukee	41.91751511	-87.68868798	73
4061	Armitage & Oakley	41.91755311	-87.68507361	73
4062	Armitage & Leavitt	41.91759678	-87.68260984	73
4063	Armitage & Hoyne	41.91763866	-87.6801943	73
4065	Armitage & Wolcott	41.91774004	-87.67529368	73
4066	Armitage & Wood	41.91778504	-87.67286368	73
4067	Armitage & Hermitage	41.91780855	-87.67168539	73
4068	Cortland & Hermitage	41.91600505	-87.67134394	73
4070	Cortland & Ashland	41.9160256	-87.66813424	73
4071	Cortland & Elston	41.91635927	-87.66648276	73
4074	Racine & Maud	41.91751286	-87.65813676	73
4075	Armitage & Seminary	41.91801366	-87.65542764	73
4077	Armitage & Fremont	41.91806366	-87.65108085	73
4078	Armitage & Halsted	41.9181151	-87.64868105	73
4079	Armitage & Orchard	41.9181851	-87.6461421	73
4080	Armitage & Larrabee	41.9182111	-87.6437181	73
4081	Armitage & Cleveland	41.91818739	-87.64132316	73
4082	Armitage & Lincoln/Sedgwick	41.91826361	-87.63900198	73
4084	Armitage & Lincoln/Sedgwick	41.91838015	-87.63936665	73
4085	Armitage & Cleveland	41.91839488	-87.64113979	73
4086	Armitage & Larrabee	41.91830486	-87.64349376	73
4087	Armitage & Orchard	41.91826522	-87.64602232	73
4088	Armitage & Halsted	41.91824014	-87.64836743	73
4089	Armitage & Fremont	41.91821386	-87.65074376	73
4091	Armitage & Seminary	41.91814009	-87.65566127	73
4096	Clybourn Metra Station	41.91616807	-87.66830173	73
4098	Cortland & Hermitage	41.91611386	-87.67137477	73
4099	Armitage & Wood	41.91791886	-87.67263677	73
4100	Armitage & Wolcott	41.91787983	-87.67509237	73
4101	Armitage & Damen	41.91783883	-87.67740038	73
4102	Armitage & Hoyne	41.91779141	-87.67999305	73
4103	Armitage & Leavitt	41.91772951	-87.68237314	73
4104	Armitage & Oakley	41.91770124	-87.68488785	73
4109	Armitage & Washtenaw	41.91758149	-87.69469193	73
4111	Armitage & Francisco	41.91753986	-87.69983988	73
4113	Armitage & Humboldt	41.91749227	-87.7026548	73
4114	Armitage & Albany	41.91748173	-87.70511361	73
4115	Armitage & Kedzie	41.91747384	-87.70679411	73
4116	Armitage & Sawyer	41.91744219	-87.70884585	73
4117	Armitage & Spaulding	41.91742572	-87.71014816	73
4120	Armitage & Drake	41.91736792	-87.71505598	73
4121	Armitage & Central Park	41.91734745	-87.71667227	73
4122	Armitage & Ridgeway	41.91732844	-87.72041036	73
4124	Armitage & Springfield	41.91726132	-87.72428584	73
4125	Armitage & Pulaski	41.91723726	-87.72638649	73
4126	Armitage & Karlov	41.91719899	-87.72880819	73
4127	Armitage & Keeler	41.91717155	-87.73134779	73
4128	Armitage & Kildare	41.91715827	-87.73374754	73
4129	Armitage & Kostner	41.91711725	-87.73617799	73
4130	Armitage & Kilbourn	41.91709102	-87.73862987	73
4131	Armitage & Kolmar	41.91707202	-87.73986387	73
4132	4600 W Armitage	41.91705829	-87.74184251	73
4133	Armitage & Kilpatrick	41.91703273	-87.74361799	73
4134	Armitage & Cicero	41.91701349	-87.74592091	73
4135	Armitage & Lacrosse	41.91698912	-87.74737024	73
4136	Armitage & Laporte	41.91695961	-87.74973788	73
4137	Armitage & Lavergne	41.91694383	-87.75085186	73
4138	Armitage & Leclaire/Grand	41.91691342	-87.75328486	73
4140	71st Street & Francisco	41.76446583	-87.69553176	67
4142	California & 70th Street	41.76628835	-87.69300993	94
4143	California & Lithuanian Plaza/69th Street	41.76807725	-87.69305269	94
4144	California & 68th Street	41.76992983	-87.69300076	94
4145	California & Marquette Rd	41.7717146	-87.69310954	94
4146	California & 66th Street	41.77357883	-87.69314476	94
4147	California & 65th Street	41.77540283	-87.69318776	94
4148	California & 64th Street	41.77721683	-87.69322976	94
4150	California & 62nd Street	41.7808993	-87.69335157	94
4151	California & 61st Street	41.7827273	-87.69338257	94
4152	California & 60th Street	41.7845353	-87.69341357	94
4153	California & 59th Street	41.78632583	-87.69350116	94
4154	California & 58th Street	41.78815328	-87.69352548	94
4155	California & 57th Street	41.78996528	-87.69355748	94
4156	California & 56th Street	41.79179728	-87.69357849	94
4157	California & 55th Street	41.79357527	-87.6937165	94
4158	California & 54th Street	41.79545223	-87.69375334	94
4159	California & 53rd Street	41.79730305	-87.69379838	94
4160	California & 52nd Street	41.7990852	-87.69383168	94
4161	California & 51st Street	41.80086826	-87.69391128	94
4162	Western & 51st Street	41.80140058	-87.68413399	49, 94, X49
4163	Ashland Orange Line Station	41.83911106	-87.66526115	31
4164	Ashland Orange Line Station	41.83910954	-87.66543279	9, X9
4165	California & 46th Street	41.81003084	-87.69417576	94
4166	California & 45th Street	41.81183884	-87.69422676	94
4167	California & 44th Street	41.81365784	-87.69429176	94
4168	California & Pope John Paul II/43rd St	41.81548254	-87.69429163	94
4169	California & 42nd Street	41.81731712	-87.69435085	94
4173	California & 38th Street	41.82452784	-87.69456776	94
4174	California & 36th Place	41.82744292	-87.69464354	94
4175	California & 36th Street	41.82818184	-87.69467976	94
4176	California & 35th Street	41.82994623	-87.69467033	35, 94
4177	California & 33rd Street	41.83368834	-87.69489328	94
4178	3154 S California	41.8361871	-87.69489049	94
4179	California & 31st Street	41.83731636	-87.69493743	94
4180	California & 30th Street	41.83854093	-87.69500697	94
4181	2900 S California	41.84007312	-87.69503586	94
4182	2800 S California	41.8406465	-87.69505648	94
4183	Cook County Criminal Court	41.84355381	-87.69510768	94
4184	California & 26th Street	41.84457785	-87.69514277	94
4185	California & 25th Street	41.84636684	-87.69520377	94
4187	California & 23rd Street	41.84999485	-87.69531977	94
4191	California & 19th Street	41.85547385	-87.69549777	94
4192	California & 18th Street	41.85729532	-87.69553542	94
4193	California & 16th Street	41.85905939	-87.69558398	94
4194	California & Ogden	41.86114242	-87.6956678	94
4195	California & 14th Street	41.86251085	-87.69571877	94
4196	1303 S California	41.86473817	-87.6957486	94
4197	California & Roosevelt	41.86635763	-87.69578712	94
4198	California & Fillmore	41.86797947	-87.69587577	94
4201	California & Polk	41.87097985	-87.69595177	94
4203	California & Harrison	41.87370067	-87.69600789	94
4208	California & Wilcox	41.87918864	-87.69616162	94
4211	California & Washington	41.8827737	-87.69626156	94
4212	California & Lake (Green Line)	41.8841144	-87.69631369	94
4213	California & Walnut	41.88544885	-87.69634277	94
4214	Fulton & California	41.88661583	-87.69630567	94
4215	Fulton & Francisco	41.88654149	-87.69877594	94
4216	Fulton & Sacramento	41.88652934	-87.70120707	94
4217	Sacramento & Franklin Boulevard	41.89011559	-87.70165182	94
4218	Sacramento & Ohio	41.891811	-87.70190775	94
4222	Sacramento & Franklin	41.88955461	-87.70164129	94
4223	Fulton & Sacramento	41.88641498	-87.7012044	94
4224	Fulton & Francisco	41.88645885	-87.69900977	94
4225	Fulton & California	41.88648885	-87.69655377	94
4226	California & Walnut	41.88533985	-87.69649077	94
4231	California & Wilcox	41.87933785	-87.69631577	94
4238	California & Polk	41.87114485	-87.69609777	94
4240	California & Taylor	41.86931685	-87.69604977	94
4243	1258 S California	41.8647487	-87.69589035	94
4244	California & 14th Street	41.86259385	-87.69586477	94
4245	California & Ogden	41.86151868	-87.69585865	94
4246	California & Ogden	41.86088389	-87.69583043	94
4247	California & 16th Street	41.85922585	-87.69576977	94
4248	California & 18th Street	41.85747885	-87.69570877	94
4249	California & 19th Street	41.85563885	-87.69564277	94
4252	California & Cermak	41.85200834	-87.6955336	94
4253	California & 23rd Street	41.85015985	-87.69546477	94
4254	California & 24th Boulevard	41.84800166	-87.69542512	94
4255	California & 25th Street	41.84653284	-87.69534877	94
4256	California & 26th Street	41.84474384	-87.69528877	94
4257	Cook County Criminal Court	41.84352997	-87.69525634	94
4258	2800 S California	41.84102157	-87.69520443	94
4259	2900 S California	41.84009136	-87.69517455	94
4261	California & 31st Street	41.83753758	-87.69513529	94
4262	3154 S California	41.8361513	-87.69510521	94
4263	California & 33rd Street	41.83368971	-87.69514059	94
4264	California & 35th Street	41.82988682	-87.6949158	35, 94
4265	California & 36th Street	41.82834784	-87.69482476	35, 94
4266	California & 36th Place	41.82740684	-87.69480876	35, 94
4267	California & 38th Street	41.82473017	-87.69477243	94
4268	California & Pershing	41.82290382	-87.69472298	94
4271	California & 42nd Street	41.81738384	-87.69456276	94
4272	California & Pope John Paul II/43rd St	41.8155948	-87.69452129	94
4273	California & 44th Street	41.81382384	-87.69443676	94
4274	California & 45th Street	41.81200384	-87.69437176	94
4275	California & 46th Street	41.81019584	-87.69432076	94
4276	47th Street & California	41.80822534	-87.6938379	47, 94
4277	California & 51st Street	41.80082059	-87.69409196	94
4278	California & 52nd Street	41.79925084	-87.69391076	94
4279	California & 53rd Street	41.79741863	-87.6939274	94
4280	California & 54th Street	41.79559275	-87.69393154	94
4281	California & 55th Street	41.79379187	-87.69387922	94
4282	California & 56th Street	41.79190917	-87.69385135	94
4283	California & 57th Street	41.79007617	-87.69383034	94
4284	California & 58th Street	41.78826417	-87.69379834	94
4285	California & 59th Street	41.78652747	-87.69369486	94
4286	California & 60th Street	41.7846915	-87.69360445	94
4287	California & 61st Street	41.7828835	-87.69357345	94
4288	California & 62nd Street	41.7810565	-87.69354244	94
4290	California & 64th Street	41.77738183	-87.69337476	94
4291	California & 65th Street	41.77556883	-87.69333276	94
4292	California & 66th Street	41.7737443	-87.6933615	94
4293	California & Marquette Rd	41.77192939	-87.69331273	94
4294	California & 68th Street	41.77008183	-87.69314576	94
4295	California & Lithuanian Plaza/69th Street	41.76828961	-87.69320014	94
4296	California & 70th Street	41.76637597	-87.69314934	94
4298	71st Street & Francisco	41.76456091	-87.69542386	67
4299	71st Street & Sacramento	41.76453595	-87.69773867	67
4300	71st Street & Albany	41.76444383	-87.70030476	67
4301	71st Street & Kedzie	41.76447329	-87.70265166	67
4377	Archer & Neva Terminal	41.79234512	-87.7999508	62
4378	Archer & Nottingham	41.79191039	-87.79911095	62, 62H
4379	Archer & Sayre	41.79200083	-87.79657179	62, 62H
4381	Archer & Oak Park	41.79207592	-87.79168501	62, 62H
4382	Archer & Normandy	41.79214783	-87.78924379	62, 62H
4383	Archer & Nashville	41.79219283	-87.78679679	62, 62H
4384	Archer & Natchez	41.79221518	-87.78436231	62, 62H
4385	Archer & Cicero	41.79873958	-87.74334226	62, 62H
4386	Archer & Merrimac	41.79318332	-87.77831329	62, 62H
4389	Archer & Austin	41.79410559	-87.77222803	62, 62H
4390	Archer & Mayfield	41.79448859	-87.76969904	62, 62H
4392	Archer & Major	41.79525792	-87.76477213	62, 62H
4393	Archer & Central	41.79558443	-87.76262807	62, 62H
4394	Archer & Linder	41.79598578	-87.76009076	62, 62H
4395	Archer & Long	41.79638067	-87.7576572	62, 62H
4396	Archer & Lockwood	41.79675168	-87.7552222	62, 62H
4397	Archer & Laramie	41.79709002	-87.75284845	62, 62H
4398	Archer & Leclaire	41.79748875	-87.75026436	62, 62H
4400	Archer & Lavergne	41.79788484	-87.74781411	62, 62H
4401	Archer & Lamon	41.79821429	-87.74542713	62, 62H
4402	Archer & Cicero	41.79848642	-87.74320261	62, 62H
4403	Archer & Kilpatrick	41.7989167	-87.74054887	62
4406	Archer & Kostner	41.80009835	-87.73322831	62
4408	Archer & Keeler	41.80084037	-87.72836755	62
4410	Pulaski Orange Line Station	41.80028589	-87.72441153	62
4411	Archer & Pulaski	41.80248912	-87.72295955	62
4413	Archer & Hamlin	41.80511063	-87.71863378	62
4414	Archer & Lawndale	41.8065818	-87.71627775	62
4415	Archer & 47th Street	41.80835704	-87.71341755	62
4417	Archer & St. Louis	41.80968921	-87.71119369	62
4419	Archer & Spaulding	41.81233961	-87.70690506	62
4422	Archer & Sacramento	41.81692204	-87.69944846	62
4423	Archer & Francisco	41.81819825	-87.69735179	62
4424	Archer & California	41.81975779	-87.69478801	62
4425	Archer & Brighton	41.82120236	-87.69249132	62
4426	Archer & 39th Place	41.82189905	-87.69134632	62
4428	Archer & Campbell/38th Street	41.82430484	-87.68747276	39, 62
4429	Archer & Western Avenue	41.82572163	-87.6850976	39, 62
4430	Archer & 37th Street	41.82659184	-87.68368876	39, 62
4431	Archer & Oakley	41.82788298	-87.68153861	39, 62
4432	35th/Archer Orange Line Station	41.82873975	-87.6810412	35
4433	Archer & 35th Street/Hoyne	41.83017094	-87.67785555	35, 50, 62
4434	Archer & Damen	41.83162925	-87.67545708	62
4435	Archer & 34th Street	41.83257326	-87.67392242	62
4436	Archer & 33rd Place	41.83348139	-87.67245046	62
4437	Archer & Wood	41.83459599	-87.6706204	62
4438	Archer & Paulina	41.83607461	-87.66821027	62
4439	Archer & Ashland	41.83740622	-87.66600967	62
4440	Archer & Pitney Court	41.83922513	-87.66278328	62
4441	Archer & Lock	41.83996529	-87.66124592	31, 62
4442	Archer & Arch	41.84082803	-87.65945776	62
4443	Archer & Loomis/Fuller	41.84167281	-87.65769762	62
4444	Archer & Bonfield	41.84233906	-87.65634007	62
4445	Archer & Throop	41.84344785	-87.65412575	62
4446	Archer & Poplar	41.8442618	-87.65235979	62
4447	Archer & Senour	41.84509591	-87.65064055	62
4448	Archer & Green	41.84654559	-87.6476287	62
4450	Archer & Lowe	41.84806773	-87.64452531	44, 62
4451	Archer & Wallace	41.84895333	-87.64200211	44, 62
4452	Archer & 23rd Place	41.85022412	-87.63990712	44, 62
4453	Archer & Canal	41.85092312	-87.63866029	44, 62
4454	Archer & Cermak/Princeton	41.85265905	-87.63505088	62
4457	Archer & Dearborn	41.85567896	-87.62878044	62
4461	Archer & Dearborn	41.85596267	-87.62861361	62
4463	Archer & Wentworth	41.85448061	-87.63170495	62
4464	Archer & Cermak/Princeton	41.85300793	-87.63476367	62
4465	Archer & Canal	41.85128329	-87.6383052	62
4466	Archer & Grove	41.85000691	-87.64043803	44, 62
4467	Archer & Wallace	41.84898356	-87.64235639	44, 62
4468	Archer & Lowe	41.84825825	-87.64452875	44, 62
4470	Halsted Orange Line Station	41.84663027	-87.64826804	44
4471	Archer & Senour	41.84545719	-87.65057703	62
4472	Archer & Poplar	41.84447942	-87.65233405	62
4474	Archer & Bonfield	41.84236367	-87.65674242	62
4475	Archer & Loomis/Fuller	41.84190299	-87.65766898	62
4476	Archer & Arch	41.84107057	-87.6593843	62
4478	Archer & Pitney Court	41.83932087	-87.6629879	62
4479	Archer & Ashland	41.83801443	-87.66544162	31, 62
4480	Archer & Paulina	41.83635069	-87.66810815	62
4481	Archer & Wood	41.83497707	-87.67036547	62
4483	Archer & 34th Street	41.83281075	-87.67390316	62
4484	Archer & Damen	41.83202231	-87.67518446	62
4485	Archer & 35th Street/Hoyne	41.83054376	-87.67759343	50, 62
4486	Leavitt & 35th Street	41.83016884	-87.68023476	35, 50, 62
4487	Archer & Oakley	41.82796884	-87.68176476	39, 62
4489	Archer & Western Avenue	41.82620633	-87.68473676	39, 62
4490	Archer & Campbell/38th Street	41.82488196	-87.68680979	39, 62
4491	Archer & Pershing/Rockwell	41.82319985	-87.68958255	39, 62
4492	Archer & 39th Place	41.82205355	-87.69146087	62
4493	Archer & Brighton	41.8213949	-87.69253146	62
4495	Archer & Francisco	41.81877821	-87.69678201	62
4496	Archer & Sacramento	41.81730541	-87.69927009	62
4498	Archer & Kedzie	41.81433257	-87.70406294	62
4499	Archer & Spaulding	41.81300153	-87.70624961	62
4503	Archer & 47th Street	41.80805164	-87.71426584	62
4504	Archer & Lawndale	41.80694905	-87.71610055	62
4505	Archer & Hamlin	41.80548252	-87.71846995	62
4506	Archer & 49th Street/Avers	41.80430108	-87.720351	62
4507	Archer & Pulaski	41.80255235	-87.72322955	62
4508	Karlov & Archer	41.80105628	-87.72591802	62
4509	Archer & Keeler	41.8010054	-87.72852195	62
4510	Archer & Kildare	41.80068051	-87.73059695	62
4511	Archer & Kostner	41.80028773	-87.7331036	62
4512	Archer & Kilbourn	41.79993262	-87.73547445	62
4514	Archer & Kilpatrick	41.79918525	-87.74034105	62
4515	Archer & Cicero	41.79884122	-87.74263098	62
4516	Archer & Lamon	41.7985165	-87.74522441	62, 62H
4517	Archer & Lavergne	41.7980671	-87.74768445	62, 62H
4519	Archer & Leclaire	41.79770633	-87.7500835	62, 62H
4520	Archer & Laramie	41.79732678	-87.75257519	62, 62H
4521	Archer & Lockwood	41.79696442	-87.754976	62, 62H
4522	Archer & Long	41.79658805	-87.75741872	62, 62H
4524	Archer & Central	41.79585125	-87.76214498	62, 62H
4525	Archer & Major	41.79544891	-87.76465173	62, 62H
4526	Archer & Menard	41.7950989	-87.76704359	62, 62H
4529	Archer & Meade	41.79397095	-87.77437919	62, 62H
4530	Archer & Melvina	41.79358651	-87.77685403	62, 62H
4531	Archer & Merrimac	41.7934043	-87.77804713	62, 62H
4535	Archer & Natchez	41.79239084	-87.7841504	62, 62H
4536	Archer & Nashville	41.79237368	-87.7865769	62, 62H
4537	Archer & Normandy	41.79229178	-87.78899848	62, 62H
4538	Archer & Oak Park	41.79227344	-87.79146285	62, 62H
4539	Archer & New England	41.79222266	-87.79387549	62, 62H
4540	Archer & Sayre	41.7921629	-87.79635861	62, 62H
4541	Archer & Nottingham	41.79210102	-87.79889444	62, 62H
4542	55th Street & Cicero	41.79319512	-87.7426561	55A, 55N
4544	55th Street & Lockwood	41.79290383	-87.75479578	55A, 55N
4545	55th Street & Long	41.79292272	-87.75727641	55A, 55N
4548	55th Street & Menard	41.79271793	-87.76713945	55A, 55N
4549	55th Street & Mayfield	41.79263875	-87.76968707	55A, 55N
4550	55th Street & Austin	41.7926055	-87.77193105	55N
4551	55th Street & Meade	41.7925582	-87.77438981	55N
4553	55th Street & Merrimac	41.79235983	-87.77826279	55N
4554	55th Street & Meade	41.79243683	-87.77461078	55N
4555	55th Street & Austin	41.79248783	-87.77217378	55N
4556	Austin & 55th Street	41.79236383	-87.77213878	55A
4557	Austin & 56th Street	41.79078583	-87.77206578	55A
4559	Austin & 58th Street	41.78711483	-87.77192378	55A
4560	Austin & 59th Street	41.78528283	-87.77185278	55A
4561	5920 S Austin	41.78419321	-87.77181574	55A
4562	Austin & 60th Street	41.78344483	-87.77178178	55A
4564	Austin & 62nd Street	41.77977383	-87.77163978	55A
4565	Austin & 63rd Street	41.77794183	-87.77156978	55A
4566	Meade & 63rd Street	41.77759084	-87.77399569	55A
4568	Austin & 65th Street	41.77440683	-87.77127678	55A
4569	Austin & 64th Street	41.77596383	-87.77135178	55A
4570	Austin & 63rd Street	41.77777683	-87.77142378	55A
4571	Austin & 62nd Street	41.77960883	-87.77149478	55A
4572	Austin & 61st Street	41.78144183	-87.77156578	55A
4573	Austin & 60th Street	41.78327983	-87.77163678	55A
4574	5920 S Austin	41.78394467	-87.77165113	55A
4575	Austin & 59th Street	41.78511783	-87.77170778	55A
4576	Austin & 58th Street	41.78694983	-87.77177878	55A
4578	Austin & 56th Street	41.79062083	-87.77191978	55A
4579	Austin & 55th Street	41.79245983	-87.77199078	55A
4580	55th Street & Mayfield	41.79253683	-87.76973378	55A, 55N
4581	55th Street & Menard	41.79258583	-87.76729678	55A, 55N
4582	55th Street & Central	41.79268283	-87.76242178	55A, 55N
4583	55th Street & Linder	41.79272083	-87.75997178	55A, 55N
4584	55th Street & Long	41.79275783	-87.75752878	55A, 55N
4585	55th Street & Lockwood	41.79279583	-87.75508578	55A, 55N
4587	55th Street & Cicero	41.79293194	-87.74218609	55A, 55N
4588	Cicero & Archer	41.79905622	-87.74278747	47, 54B
4589	Cicero & 47th Street	41.8075151	-87.74296847	47, 54B
4591	Solidarity Drive & Aquarium	41.86608142	-87.6129639	130, 146
4593	Solidarity Dr & Lynn White Drive	41.86652468	-87.60986327	130, 146
4595	Solidarity Drive & Aquarium	41.86646285	-87.61360974	130, 146
4597	Cicero & 43rd Street	41.81539832	-87.74351265	54B
4600	Cicero & 63rd Street	41.77821346	-87.74212745	165, 54B
4601	Cicero & 61st Street	41.7819482	-87.74220222	63, 165, 54B, 63W
4606	Cicero & Archer	41.79847931	-87.74273609	62, 54B
4607	Cicero & Archer	41.79829944	-87.74306326	47, 62, 54B
4611	Cicero & 61st Street	41.78224226	-87.74259353	63, 165, 54B, 63W
4612	Cicero & 63rd Street	41.77859726	-87.74246473	165, 54B, 63W
4615	Halsted & 18th Street	41.85742791	-87.64655058	8, 62
4618	Halsted & Polk	41.87178785	-87.64688475	8
4619	Franklin & Adams	41.87925685	-87.63515775	37
4623	Franklin & Randolph	41.88433485	-87.63528375	37, 125
4626	Orleans & Merchandise Mart	41.88855986	-87.63675675	37, 125
4627	Orleans & Hubbard	41.88982886	-87.63689875	37, 125
4628	Wells & Merchandise Mart	41.88873186	-87.63409575	37, 125
4630	Wells & Lake	41.88580586	-87.63398575	37
4632	Wells & Washington	41.88334085	-87.63392575	37
4633	Wells & Madison	41.88205085	-87.63389775	37
4634	Wells & Monroe	41.88077885	-87.63388075	37
4635	Wells & Adams	41.87947985	-87.63381475	37
4636	Wells & Jackson	41.87820185	-87.63379875	37
4638	Halsted & Harrison	41.87384316	-87.6472608	8
4639	Halsted & Polk	41.87190785	-87.64719575	8
4640	Halsted & Taylor	41.86985885	-87.64713076	8
4645	63rd Street & Archer	41.77698562	-87.81373428	62H, 63W
4646	63rd Street & 76th Avenue	41.77698279	-87.81075669	62H, 63W
4647	63rd Street & 75th Avenue	41.77705685	-87.80837062	62H, 63W
4648	63rd Street & 74th Avenue	41.77706934	-87.80584185	62H, 63W
4649	63rd Street & 73rd Avenue	41.7771459	-87.80339048	62H, 63W
4650	63rd Street & Harlem	41.7771395	-87.80122961	63W
4651	63rd Street & Nottingham	41.77722883	-87.79856761	63W
4652	63rd Street & Sayre	41.77735737	-87.79613516	63W
4653	63rd Street & New England	41.77742395	-87.79372547	63W
4654	63rd Street & Oak Park	41.77746738	-87.79116598	63W
4655	63rd Street & Normandy	41.77750239	-87.78874898	63W
4656	63rd Street & Nashville	41.77755323	-87.78630341	63W
4657	63rd Street & Natchez	41.77758823	-87.7838734	63W
4658	Narragansett & 63rd Street	41.77772642	-87.78110298	55N
4659	Narragansett & 62nd Street	41.77941883	-87.78126178	55N
4660	Narragansett & 61st Street	41.78125583	-87.78132878	55N
4661	Narragansett & 60th Street	41.78309183	-87.78139879	55N
4662	Narragansett & 59th Street	41.78492283	-87.78146279	55N
4663	Narragansett & 58th Street	41.78675883	-87.78152979	55N
4664	Narragansett & 57th Street	41.78860983	-87.78159779	55N
4665	Narragansett & 56th Street	41.79043283	-87.78166479	55N
4666	Narragansett & 55th Street	41.79216475	-87.78170684	55N
4667	Narragansett & 55th Street	41.79207957	-87.7818754	55N
4668	Narragansett & 56th Street	41.79059783	-87.78180979	55N
4669	Narragansett & 57th Street	41.78876183	-87.78174279	55N
4670	Narragansett & 58th Street	41.78692483	-87.78167578	55N
4671	Narragansett & 59th Street	41.78508783	-87.78160778	55N
4672	Narragansett & 60th Street	41.78325683	-87.78154378	55N
4673	Narragansett & 61st Street	41.78142183	-87.78147478	55N
4674	Narragansett & 62nd Street	41.77958483	-87.78140779	55N
4675	63rd Street & Narragansett	41.77775027	-87.78146078	63W
4676	63rd Street & Natchez	41.77770873	-87.78360786	63W
4677	63rd Street & Nashville	41.77767275	-87.78605675	63W
4678	63rd Street & Normandy	41.77762976	-87.78849066	63W
4679	63rd Street & Oak Park	41.77761002	-87.79086292	63W
4680	63rd Street & New England	41.77752013	-87.79399454	63W
4681	63rd Street & Sayre	41.77749638	-87.79588286	63W
4682	63rd Street & Nottingham	41.77744364	-87.79779454	63W
4684	Harlem & 63rd Street	41.77696286	-87.80105453	63W
4685	63rd Street & Harlem	41.77740164	-87.80126789	63W
4686	63rd Street & 73rd Avenue	41.77734304	-87.80325806	62H, 63W
4687	63rd Street & 74th Avenue	41.77726905	-87.80567106	62H, 63W
4688	63rd Street & 75th Avenue	41.77721175	-87.8081141	62H, 63W
4689	63rd Street & 76th Avenue	41.77715962	-87.8104772	62H, 63W
4695	Pulaski & 107th Street	41.69851676	-87.72051731	53A
4696	Pulaski & 103rd Street	41.70567209	-87.72080455	103, 53A
4697	Pulaski & 99th Street	41.71301631	-87.72094471	53A
4698	Pulaski & 95th Street	41.72078381	-87.72111185	53A
4699	Pulaski & 91st Street	41.72787482	-87.72145376	53A
4703	Pulaski & 81st Street	41.74571555	-87.72165772	53A
4704	Pulaski & 79th Street	41.74934589	-87.72178	53A
4705	Homan & 13th Street	41.86460285	-87.71055977	82
4706	Homan & Douglas Blvd	41.86301109	-87.71053062	82
4707	Pulaski & 75th Place	41.75631752	-87.72198835	53, 67, 53A
4708	Pulaski & 71st Street	41.76433358	-87.72221835	53, 53A
4709	Douglas Blvd & St. Louis	41.86294744	-87.71276135	82
4710	Pulaski & Marquette Rd	41.77125991	-87.72243263	53, 53A
4711	Douglas Blvd & St. Louis	41.86238285	-87.71297177	82
4712	Pulaski & 63rd Street	41.77853632	-87.7226065	53, 53A
4713	Homan & Douglas Blvd	41.86307698	-87.71037026	82
4715	Homan & 13th Street	41.86443685	-87.71041477	82
4716	Pulaski & 55th Street	41.79305911	-87.72301369	53, 53A
4717	Jackson & Damen	41.87756051	-87.67684116	126
4718	Jackson & Hoyne	41.87755183	-87.67882794	126
4722	Pulaski & 55th Street	41.7933292	-87.72331827	53, 53A
4723	Jackson & Campbell	41.87759856	-87.68869043	126
4724	Pulaski & 59th Street	41.78605603	-87.72312382	53, 53A
4725	Ida B Wells Drive & Michigan	41.87584893	-87.62402984	7, 126, 143, 147
4726	Pulaski & 63rd Street	41.77878881	-87.72292257	53, 53A
4727	1633 W Madison	41.88139285	-87.66850876	20
4728	Pulaski & Marquette Rd	41.77149051	-87.72272894	53, 53A
4730	Pulaski & 71st Street	41.76420752	-87.7225263	53, 53A
4731	Pulaski & 75th Place	41.75694561	-87.72239642	53, 67, 53A
4732	Adams & State	41.87951659	-87.62811104	1, 7, 28, 126, 130, 151
4734	Pulaski & 79th Street	41.74918583	-87.72205575	53A
4735	Pulaski & 81st Street	41.74595983	-87.72192576	53A
4737	Pulaski & 87th Street	41.73500246	-87.72161386	53A
4738	Pulaski & 91st Street	41.72784203	-87.72167875	53A
4739	Pulaski & 95th Street	41.72025872	-87.72145715	53A
4740	Pulaski & 99th Street	41.71327782	-87.72119276	53A
4742	Pulaski & 107th Street	41.69865982	-87.72067576	53A
4743	Pulaski & 111th Street	41.69144456	-87.72044552	53A
4746	Jefferson Park Metra Station Walkway	41.97114957	-87.76360316	68, 85, 92, 85A
4748	Milwaukee & Foster	41.9746153	-87.76663347	85, 92, 85A
4750	Foster & Long	41.97510286	-87.7628708	92
4751	Foster & Lockwood	41.97513386	-87.7603888	92
4752	Foster & Laramie	41.97517086	-87.7578908	92
4753	Foster & Leclaire	41.97519786	-87.7553798	92
4755	Foster & Lacrosse	41.9752614	-87.74937268	92
4756	Foster & Cicero	41.97527036	-87.74822541	92
4757	4659 W Foster	41.97530786	-87.74570566	92
4759	Foster & Kilbourn	41.97535166	-87.74074805	92
4760	Foster & Kostner	41.97538241	-87.73821044	92
4761	Foster & Kildare	41.97540366	-87.73570904	92
4762	Foster & Tripp	41.97540416	-87.73447701	92
4763	Foster & Keeler	41.97541609	-87.7332441	92
4764	Foster & Pulaski	41.97546687	-87.72846153	92
4765	Foster & Avers	41.97551287	-87.72470279	92
4766	3700 W Foster	41.97552487	-87.72124779	92
4767	Foster & Monticello	41.97553387	-87.71978579	92
4770	Foster & St. Louis	41.97561387	-87.71610379	92
4772	Foster & Spaulding	41.97566787	-87.71122878	92
4773	Foster & Kedzie	41.9756893	-87.70887215	92
4774	Foster & Albany	41.97576194	-87.70593594	92, 93
4775	Foster & Virginia	41.97566696	-87.70280194	92, 93
4776	Foster & Francisco	41.97567696	-87.70142695	92, 93
4778	Foster & Washtenaw	41.97579906	-87.69655788	92
4779	Foster & Rockwell	41.97579252	-87.69415867	92
4781	Foster & Western	41.97582988	-87.68935131	92
4782	Foster & Oakley	41.97591133	-87.68683181	92
4783	Foster & Leavitt	41.97594633	-87.6843868	92
4784	Foster & Hoyne	41.97594647	-87.68192014	92
4785	Foster & Damen	41.97596772	-87.67957451	92
4787	Foster & Wolcott	41.97601187	-87.67651677	50, 92
4788	Foster & Ravenswood	41.97607435	-87.6749524	50, 92
4789	Foster & Paulina	41.97607758	-87.67215682	50, 92
4790	Foster & Ashland	41.97610611	-87.66985669	92
4791	Foster & Clark	41.97613471	-87.66860925	92
4792	Foster & Glenwood	41.97619487	-87.66485688	92
4793	Foster & Lakewood	41.97623787	-87.66232577	92
4794	Broadway & Foster	41.97686437	-87.6597594	36, 92
4796	Berwyn & Broadway (Red Line)	41.97810496	-87.65894335	92
4797	Foster & Broadway	41.97640574	-87.65962579	92, 146
4798	Foster & Lakewood	41.97634187	-87.66225077	92
4800	Foster & Clark	41.9762641	-87.66823743	92
4801	Foster & Ashland	41.97624354	-87.66941805	92
4802	Foster & Paulina	41.97620854	-87.67194005	50, 92
4803	Foster & Ravenswood	41.97617054	-87.67427806	50, 92
4804	Foster & Wolcott	41.97613854	-87.67624206	50, 92
4807	Foster & Hoyne	41.97605013	-87.68181573	92
4808	Foster & Leavitt	41.97601457	-87.68418158	92
4809	Foster & Oakley	41.97598366	-87.68664311	92
4811	Foster & Lincoln	41.97594106	-87.69263725	92
4812	Foster & Rockwell	41.97590486	-87.69398392	92
4813	Foster & Washtenaw	41.97592285	-87.69636572	92
4814	Foster & California	41.97589483	-87.69878079	92
4815	Foster & Francisco	41.97590766	-87.70143643	92, 93
4816	Foster & Virginia	41.97590765	-87.70293344	92, 93
4818	Foster & Kedzie	41.97583312	-87.70845524	92
4819	Foster & Spaulding	41.97578452	-87.71098501	92
4820	Foster & Kimball	41.97575453	-87.71343051	92
4821	Foster & St. Louis	41.97574392	-87.71589072	92
4824	Foster & Monticello	41.97569184	-87.71970497	92
4825	3700 W Foster	41.97565943	-87.72129607	92
4827	Foster & Pulaski	41.97560076	-87.72806246	92
4828	Foster & Keeler	41.97554991	-87.73339429	92
4832	Foster & Kilbourn	41.97545143	-87.74083445	92
4834	Foster & Cicero	41.97543166	-87.74773973	92
4835	Foster & Lacrosse	41.97538942	-87.74916482	92
4836	Foster & Elston	41.97535286	-87.75171312	92
4838	Foster & Laramie	41.97527186	-87.7576738	92
4839	Foster & Lockwood	41.97527409	-87.76011617	92
4840	Foster & Long	41.97525663	-87.76264941	92
4841	Foster & Milwaukee	41.97476268	-87.7667381	92
4844	Milwaukee & Gale	41.97067755	-87.76337455	68, 85, 92, 85A
4845	Foster & Sheridan	41.97634287	-87.65476077	136, 146, 147
4846	Foster & Marine Drive	41.97637986	-87.65225966	136, 146, 147
4847	Foster & Marine Drive	41.9765076	-87.65258023	136, 146, 147
4851	Marine Drive & Winona/Carmen	41.97480287	-87.65163377	136, 146, 148
4852	Marine Drive & Argyle	41.97347987	-87.65115377	136, 146, 148
4853	Marine Drive & Margate	41.97255387	-87.65082477	136, 146, 148
4854	Marine Drive & Ainslie	41.97173087	-87.65055677	136, 146, 148
4855	Marine Drive & Gunnison	41.97019687	-87.65002676	136, 146, 148
4856	Marine Drive & Lawrence	41.96931626	-87.64976557	136, 146, 148
4857	Marine Drive & Leland	41.96745787	-87.64920976	136, 146
4858	4646 N Marine Drive	41.96647687	-87.64893576	136, 146
4859	Marine Drive & Wilson	41.96560761	-87.64871854	136, 146
4860	Marine Drive & Montrose	41.96204712	-87.64696596	136, 146
4861	4250 N Marine Drive	41.96021155	-87.64685168	136, 146
4862	Marine Drive & Buena	41.95861115	-87.64657101	136, 146
4863	Marine Drive & Gordon Terrace	41.95763163	-87.64634801	136, 146
4864	Marine Drive & Bittersweet	41.95564743	-87.64555804	136, 146
4865	Marine Drive & Irving Park	41.95421223	-87.64526775	146
4866	Lake Shore & W. Sheridan (3900 N)	41.95309616	-87.64510316	80, 135, 146
4867	Lake Shore Drive & Belmont	41.94037163	-87.63893373	135, 146
4870	Balbo & Michigan	41.8731092	-87.62358528	2, 6, 10, 26, 28, J14
4871	Balbo & Columbus	41.87315785	-87.62085775	2, 6, 10, 26, 28, J14
4872	1100 S Columbus (Pedestrian Underpass)	41.86936947	-87.62066164	2, 6, 10, 26, 28, J14
4873	Soldier Field & Field Museum	41.86480063	-87.61569498	130, 146
4877	Solidarity Dr & Planetarium	41.86615285	-87.60785874	130, 146
4883	Balbo & Columbus	41.87327185	-87.62100775	2, 6, 10, 26, 28, J14
4884	Balbo & Michigan	41.87322885	-87.62394375	2, 6, 10, 26, 28, J14
4886	Lake Shore & Grace	41.95226545	-87.64493561	135, 146, 152
4887	Lake Shore & W. Sheridan (3900 N)	41.95304406	-87.64496456	135, 146
4888	Marine Drive & Irving Park	41.9549588	-87.64521655	136, 146
4889	Marine Drive & Bittersweet	41.95579985	-87.64546532	136, 146
4890	Marine Drive & Gordon Terrace	41.95782965	-87.64622469	136, 146
4891	Marine Drive & Buena	41.95853829	-87.64639577	136, 146
4896	Marine Drive & Gunnison	41.97012205	-87.64982845	136, 146, 148
4897	Marine Drive & Ainslie	41.97166237	-87.65034089	136, 146, 148
4898	Marine Drive & Margate	41.97248314	-87.65061446	136, 146, 148
4899	Marine Drive & Argyle	41.97337419	-87.65092861	136, 146, 148
4900	Marine Drive & Winona	41.97526622	-87.65164337	136, 146, 148
4901	Foster & Sheridan	41.97646636	-87.65534858	92, 146
4910	Wilson & Beacon	41.96527087	-87.66371029	78
4912	Wilson & Magnolia	41.96530063	-87.66082788	78
4915	Wilson & Sheridan	41.96537587	-87.65454976	78
4916	Wilson & Hazel	41.96540787	-87.65216477	78
4917	Wilson & Clarendon	41.96544444	-87.6501549	78
4919	Clarendon & Sunnyside	41.96353787	-87.65003428	135, 148
4920	Clarendon & Montrose	41.96193087	-87.64998976	135, 148
4921	Clarendon & Junior Terrace	41.96043837	-87.64994122	135, 148
4922	Clarendon & Buena	41.95856987	-87.64989076	135, 148
4923	Clarendon & Belle Plaine	41.95708302	-87.64985194	135, 148
4924	Clarendon & Cuyler	41.95586715	-87.64980757	135, 148
4925	Irving Park & Clarendon	41.95451877	-87.64941558	80, 135, 148
4926	Irving Park & Pine Grove	41.95453887	-87.64770976	80, 135, 148
4927	Irving Park & Marine Drive	41.95458442	-87.64548507	80, 135, 148
4928	Irving Park & Marine Drive	41.95469818	-87.64569019	135, 148
4929	Irving Park & Pine Grove	41.95465607	-87.64814756	135, 148
4930	Irving Park & Clarendon	41.95462607	-87.64951856	135, 148
4931	Clarendon & Bittersweet	41.95575979	-87.64964604	135, 148
4932	Clarendon & Belle Plaine	41.95735087	-87.64970876	135, 148
4933	Clarendon & Buena	41.95840487	-87.64974476	135, 148
4934	Clarendon & Junior Terrace	41.96027168	-87.64979997	135, 148
4936	Clarendon & Sunnyside	41.96367187	-87.64989576	135, 148
4941	Wilson & Broadway (Red Line)	41.9654608	-87.65817007	78
4943	Wilson & Magnolia	41.96540651	-87.66120935	78
4945	Wilson & Beacon	41.96535874	-87.66403519	78
4948	Wilson & Ashland	41.96529593	-87.66970398	9
4954	Damen & Eastwood (Brown Line)	41.96607787	-87.67903577	50
4957	LaSalle & Chicago	41.89635063	-87.63285232	156
4958	LaSalle & Huron	41.89464422	-87.63281155	156
4961	LaSalle & Grand	41.89132529	-87.63274927	156
4962	LaSalle & Hubbard	41.88984324	-87.63270696	156
4963	320 N LaSalle	41.88848652	-87.63270257	156
4970	LaSalle & Adams	41.87951096	-87.63243495	134, 135, 136, 156
4973	LaSalle & Madison	41.88184585	-87.63227075	134, 135, 136, 156
4975	LaSalle & Randolph	41.88431579	-87.63232494	134, 135, 136, 156
4978	321 N LaSalle	41.88855194	-87.63234287	156
4979	LaSalle & Illinois	41.89070212	-87.63241818	156
4980	LaSalle & Grand	41.8918008	-87.63244497	156
4982	LaSalle & Huron	41.89485034	-87.63258155	156
4983	LaSalle & Chicago	41.89687287	-87.63259829	156
4984	LaSalle & Eugenie	41.91283781	-87.63297837	156
4987	Belmont & Orchard	41.93996133	-87.64693015	77, 156
4990	Belmont & Pine Grove	41.94002233	-87.64207215	77, 156
4992	Clinton & Quincy	41.87874885	-87.64117675	1, 124, 125, 130, 192
4993	Belmont & Sheridan	41.94018454	-87.63991532	77, 156
4994	Belmont & Pine Grove	41.94014247	-87.64187708	77, 156
4996	Belmont & Broadway	41.94011989	-87.64429106	77, 156
4998	Belmont & Halsted	41.94005814	-87.64913468	77, 156
4999	Chestnut & Lake Shore Drive	41.89842328	-87.61839447	157
5000	Lake Shore & Chestnut/Pearson	41.89808286	-87.61798075	157
5001	Pearson & Dewitt	41.89769086	-87.62005975	157
5002	Pearson & Mies Van Der Rohe	41.89765486	-87.62171675	157
5004	Ontario & Fairbanks	41.89345286	-87.62058375	2, 157
5005	Ontario & St. Clair	41.89340486	-87.62256375	2, 157
5006	Madison & Canal	41.88194468	-87.63902989	60, 124, 157
5013	Ohio & St. Clair	41.89250686	-87.62285875	2, 157
5016	Mies Van Der Rohe & Delaware	41.89913686	-87.62183075	157
5018	Dewitt & Chestnut	41.89857586	-87.62025275	157
5019	Chestnut & Mies Van Der Rohe	41.89846811	-87.62267882	10, 125
5020	Wells & Grand	41.89172628	-87.63416709	37, 66, 125
5021	Wells & Hubbard	41.89011386	-87.63410575	37, 125
5023	Clinton & Washington	41.88332185	-87.64131875	125, 130
5024	Clinton & Madison	41.88198385	-87.64127275	192
5033	Lake Park & 47th Street	41.80884687	-87.59159424	2, 6, 28
5034	Lake Park & 48th Street	41.80782784	-87.59057273	2, 6, 28
5035	Lake Park & 49th Street	41.80573232	-87.58932763	2, 6, 28
5036	Lake Park & E. Hyde Park Blvd	41.80337784	-87.58829873	2, 6, 28
5037	Lake Park & E. Hyde Park Blvd	41.80288084	-87.58789373	2, 6, 28
5038	Lake Park & 49th Street	41.80581284	-87.58913073	2, 6, 28
5039	Lake Park & 48th Street	41.80803084	-87.59050573	2, 6, 28
5040	Lake Park & 47th Street Terminal	41.80914284	-87.59164373	2, 6, 28
5041	Racine & 87th Street Terminal	41.73658637	-87.65312311	24, 44
5042	Racine & 86th Street	41.73764727	-87.65331702	44
5043	Racine & 85th Street	41.73952149	-87.65335782	44
5044	Racine & 84th Street	41.74134401	-87.65341802	44
5045	Racine & 83rd Street	41.74309324	-87.65345146	44
5046	Racine & 82nd Street	41.74491932	-87.65351815	44
5047	Racine & 81st Street	41.7467956	-87.65356637	44
5048	Racine & 80th Street	41.74859667	-87.65361105	44
5050	Racine & 78th Street	41.75220727	-87.65371444	44
5051	Racine & 77th Street	41.75405121	-87.65375938	44
5053	Racine & 75th Street	41.75749874	-87.6538449	44, 75
5054	Racine & 74th Street	41.75949083	-87.65387174	44, 75
5055	Racine & 73rd Street	41.76135883	-87.65392375	44
5056	Racine & 72nd Street	41.76320183	-87.65397575	44
5057	Racine & 71st Street	41.76498509	-87.65401983	44
5058	Racine & 70th Street	41.76680774	-87.65408862	44
5060	Racine & 68th Street	41.77047283	-87.65416074	44
5061	Racine & Marquette Rd	41.77223978	-87.65422469	44
5062	Racine & 66th Street	41.77408994	-87.6542753	44
5063	Racine & 65th Street	41.77592479	-87.65431497	44
5064	Racine & 64th Street	41.77773884	-87.65435875	44
5066	Racine & 63rd Street	41.77950684	-87.65441375	44
5067	Racine & 62nd Street	41.78134584	-87.65445375	44
5068	Racine & 61st Street	41.78317451	-87.65451832	44
5069	Racine & 60th Street	41.7849802	-87.65455663	44
5070	Racine & 59th Street	41.78679818	-87.65459347	44
5071	Racine & 58th Street	41.78850084	-87.65462875	44
5072	Racine & 57th Street	41.79045784	-87.65470843	44
5073	Racine & 56th Street	41.79226813	-87.6547526	44
5074	Racine & Garfield	41.79372356	-87.65477077	44
5075	Racine & Garfield	41.79447539	-87.65479982	44
5076	Racine & 54th Street	41.79581284	-87.65479675	44
5077	Racine & 53rd Street	41.79763484	-87.65483775	44
5078	Racine & 52nd Street	41.79953484	-87.65491475	44
5080	Racine & 50th Street	41.80319664	-87.65501319	44
5081	Racine & 49th Street	41.80533184	-87.65504975	44
5082	Racine & 48th Street	41.80689184	-87.65510875	44
5083	Racine & 47th Street	41.80862669	-87.6551682	44
5084	47th Street & Aberdeen	41.80872094	-87.65296871	44, 47
5085	47th Street & Morgan	41.80875594	-87.65054272	44, 47
5086	Halsted & 47th Street	41.80911684	-87.64543875	8, 44
5087	Halsted & 46th Street	41.81061802	-87.64547909	8, 44
5088	Halsted & 45th Street	41.81253456	-87.64551901	8, 44
5090	Halsted & 43rd Place	41.81474397	-87.64560442	8, 44
5091	Halsted & 43rd Street	41.81607384	-87.64563575	8, 44
5092	Halsted & 42nd Street	41.81745084	-87.64566975	8, 44
5093	Halsted & Root	41.81844077	-87.64570373	8, 44
5095	Wallace & 41st Street	41.81983284	-87.6408893	44
5098	Wallace & Pershing	41.82342918	-87.64099869	44
5099	Wallace & 38th Street	41.82523379	-87.6410272	44
5100	Wallace & 37th Street	41.8270681	-87.6410704	44
5101	Wallace & 36th Street	41.8289041	-87.6411004	44
5102	Wallace & 35th Street	41.8307031	-87.6411414	44
5103	3403 S Wallace	41.8325983	-87.64116085	44
5104	Wallace & 33rd Street	41.83441165	-87.64123537	44
5105	Wallace & 32nd Street	41.83621552	-87.64124283	44
5107	Wallace & 30th Street	41.83984148	-87.64137945	44
5108	Wallace & 29th Street	41.84164569	-87.64142363	44
5109	Wallace & 28th Street	41.84346601	-87.64146713	44
5110	Wallace & 26th Street	41.84530085	-87.64141175	44
5111	26th Street & Normal	41.84534637	-87.64011785	44
5112	Canal & 26th Street	41.84561094	-87.63825145	44
5113	Canal & 24th Place	41.84809949	-87.63831857	44
5114	Canal & 24th Street	41.8489801	-87.63834271	44
5115	Canal & 23rd Street/Archer	41.85080387	-87.63838557	44
5116	Cermak & Wentworth (Red Line)	41.85273809	-87.6321679	21
5117	Cermak & Clark	41.85275206	-87.62997953	21
5122	Cermak & Clark (Red Line)	41.85301645	-87.6299301	21
5124	Cermak-Chinatown Red Line Station	41.85298608	-87.63118096	21
5129	Canal & 24th Place	41.84798639	-87.63849963	44
5130	Canal & 26th Street	41.84553433	-87.63843735	44
5131	26th Street & Normal	41.84546615	-87.63978155	44
5132	Wallace & 26th Street	41.84525752	-87.64167285	44
5133	Wallace & 28th Street	41.84363264	-87.64164767	44
5134	Wallace & 29th Street	41.84180264	-87.64161167	44
5135	Wallace & 30th Street	41.83998064	-87.64158066	44
5136	Wallace & 31st Street	41.83821855	-87.64149973	44
5137	Wallace & 32nd Street	41.83643546	-87.6414543	44
5138	Wallace & 33rd Street	41.83457765	-87.64138037	44
5139	3406 S Wallace	41.83257372	-87.64135536	44
5140	Wallace & 35th Street	41.83092814	-87.64132676	44
5141	Wallace & 36th Street	41.82908303	-87.64134418	44
5142	Wallace & 37th Street	41.82724703	-87.64131318	44
5143	Wallace & 38th Street	41.82539253	-87.64118036	44
5147	Wallace & Root	41.81908518	-87.64102513	44
5148	Root & Union	41.81901192	-87.6432306	43, 44
5149	Halsted & Exchange	41.81841625	-87.64588915	8, 44
5150	Halsted & 42nd Street	41.81759076	-87.64586125	8, 44
5155	Halsted & 46th Street	41.81063538	-87.64569208	8, 44
5157	47th Street & Morgan	41.80886061	-87.65042287	44, 47
5158	47th Street & Aberdeen	41.80882913	-87.65283838	44, 47
5159	Racine & 47th Street	41.80854876	-87.65533621	44
5160	Racine & 48th Street	41.80705684	-87.65525375	44
5161	Racine & 49th Street	41.80523684	-87.65519675	44
5162	Racine & 50th Street	41.80337636	-87.65520015	44
5164	Racine & 52nd Street	41.79970084	-87.65505975	44
5165	Racine & 53rd Street	41.79784859	-87.65499858	44
5166	Racine & 54th Street	41.79596484	-87.65494175	44
5167	Racine & Garfield	41.79425607	-87.65498074	44
5168	Racine & Garfield	41.79339307	-87.65494768	44
5169	Racine & 56th Street	41.79247951	-87.65491878	44
5170	Racine & 57th Street	41.79062384	-87.65485343	44
5171	Racine & 58th Street	41.78866684	-87.65477275	44
5172	Racine & 59th Street	41.78703964	-87.65478557	44
5173	Racine & 60th Street	41.7851452	-87.65470063	44
5174	Racine & 61st Street	41.78332215	-87.6546899	44
5175	Racine & 62nd Street	41.78149859	-87.65464298	44
5176	Racine & 63rd Street	41.77972788	-87.65459889	44
5178	Racine & 64th Street	41.77790384	-87.65450375	44
5179	Racine & 65th Street	41.77600879	-87.65446097	44
5180	Racine & 66th Street	41.77417394	-87.6544213	44
5181	Racine & Marquette Rd	41.77244347	-87.65440332	44
5182	Racine & 68th Street	41.77058539	-87.65434775	44
5184	Racine & 70th Street	41.76694901	-87.65425091	44
5185	Racine & 71st Street	41.76516349	-87.6542134	44
5186	Racine & 72nd Street	41.76336783	-87.65411974	44
5187	Racine & 73rd Street	41.76149334	-87.6541068	44
5188	Racine & 74th Street	41.75925775	-87.65405993	44, 75
5189	Racine & 75th Street	41.75762935	-87.65401077	44, 75
5190	Racine & 76th Street	41.75617674	-87.65398837	44, 75
5191	Racine & 77th Street	41.75421886	-87.65392234	44
5192	Racine & 78th Street	41.75243783	-87.65384774	44
5193	Racine & 79th Street	41.75061106	-87.65384017	44
5194	Racine & 80th Street	41.74878628	-87.65377974	44
5195	Racine & 81st Street	41.74693999	-87.65372583	44
5196	Racine & 82nd Street	41.74512977	-87.65367556	44
5197	Racine & 83rd Street	41.7433238	-87.65363891	44
5198	Racine & 84th Street	41.74147058	-87.65357659	44
5199	Racine & 85th Street	41.73963826	-87.6535198	44
5200	Racine & 86th Street	41.73783536	-87.65347577	44
5201	Stony Island & 63rd Street	41.78040988	-87.58656697	6, 15, 28
5202	Stony Island & 64th Street	41.77890519	-87.58652305	6, 15, 28, 63
5203	Stony Island & 65th Street	41.7770828	-87.58647549	6, 15, 28
5205	67th Street & Cornell	41.77329736	-87.58517981	6, 15, 67, N5
5206	67th Street & East End	41.77331168	-87.5839802	6, 15, 67, N5
5207	67th Street & Cregier	41.77334273	-87.5815175	6, 15, 67, N5
5208	67th Street & Bennett	41.77337284	-87.57916572	6, 15, 67, N5
5209	Jeffery & 67th Street	41.77316207	-87.57658395	15, J14
5210	Jeffery & 68th Street	41.77151711	-87.57656173	15, N5
5211	Jeffery & 69th Street	41.76973765	-87.57644122	15, N5
5212	Jeffery & 70th Street	41.76790565	-87.57640122	15, N5
5214	Jeffery & 72nd Street	41.76425325	-87.576421	15, N5
5215	Jeffery & 73rd Street	41.76244952	-87.57629132	15, N5
5216	Jeffery & 74th Street	41.76061252	-87.57623632	15, N5
5217	Jeffery & 75th Street	41.75863491	-87.57622727	15, J14
5219	Jeffery & 77th Street	41.75503784	-87.57612272	15, J14
5220	Jeffery & 78th Street	41.75322484	-87.57607272	15
5221	Jeffery & 79th Street	41.75147782	-87.57607588	15, J14
5222	Jeffery & 80th Street	41.74969981	-87.57599452	15
5223	Jeffery & 81st Street	41.7478438	-87.57595692	15, J14
5224	Jeffery & 82nd Street	41.74603681	-87.57594752	15
5226	Jeffery & Anthony	41.74226477	-87.57590772	15
5227	Jeffery & 85th Street	41.74062179	-87.57584352	15
5228	Jeffery & 86th Street	41.73883479	-87.57580852	15
5229	Jeffery & 87th Street	41.73688118	-87.57581049	15, J14
5230	Jeffery & 88th Street	41.73516635	-87.57578924	15
5231	Jeffery & 89th Street	41.73332613	-87.57572631	15, J14
5232	Jeffery & 90th Street	41.73151584	-87.57563539	15
5233	Jeffery & 91st Street	41.72968062	-87.57560125	15, J14
5234	Jeffery & 92nd Street	41.72782869	-87.57554548	15
5235	Jeffery & 93rd Street	41.72599144	-87.57552042	15, J14
5236	Jeffery & 95th Street	41.72227119	-87.57542687	15, J14
5237	Jeffery & 96th Street	41.72057754	-87.5754018	15
5238	Jeffery & 97th Street	41.71872055	-87.57536923	15, J14
5239	Jeffery & 98th Street	41.71705287	-87.57528089	15
5240	Van Vlissingen & 99th Street	41.71522812	-87.57411481	15, J14
5241	100th Street & Clyde	41.71338126	-87.57153212	15
5244	100th Street & Luella	41.71343795	-87.56809848	15
5245	100th Street & Crandon	41.71345295	-87.56688848	15
5246	100th Street & Yates	41.71347442	-87.56471125	15, J14
5247	100th Street & Bensley	41.71349406	-87.56316017	100
5248	100th Street & Calhoun	41.71350961	-87.56195556	100
5249	100th Street & Hoxie	41.71352607	-87.56074317	100, J14
5251	Torrence & 101st Street	41.71187612	-87.55980988	100
5252	Torrence & 102nd Street	41.71010886	-87.55975914	100
5253	Torrence & 103rd Street	41.70836584	-87.55976252	100
5255	103rd Street & Bensley	41.70818783	-87.56311571	26, J14
5257	103rd Street & Oglesby	41.70815599	-87.56562553	15, 26
5258	103rd Street & Luella	41.70810155	-87.56804473	15, 26, J14
5261	103rd Street & Luella	41.7079775	-87.56822099	15, 26, J14
5262	103rd Street & Oglesby	41.70803203	-87.56588958	15, 26
5264	103rd Street & Bensley	41.70807052	-87.5634301	26, J14
5266	Torrence & 103rd Street	41.70831678	-87.55957282	100, J14
5267	Torrence & 102nd Street	41.70999083	-87.55962571	100
5269	100th Street & Torrence	41.71365097	-87.56009382	100, J14
5270	100th Street & Hoxie	41.71363587	-87.56124565	100
5271	100th Street & Calhoun	41.71361901	-87.56244326	100
5273	100th Street & Yates	41.7135851	-87.56498534	15, J14
5274	100th Street & Oglesby	41.7135747	-87.56585795	15
5275	100th Street & Crandon	41.71355071	-87.56707595	15
5276	100th Street & Luella	41.71353571	-87.56829095	15
5277	100th Street & Paxton	41.71352026	-87.56950023	15, J14
5279	100th Street & Clyde	41.71350287	-87.57176648	15
5280	Van Vlissingen & 99th Street	41.71538895	-87.57407145	15, J14
5281	Jeffery & 98th Street	41.71720886	-87.57517232	15
5282	Jeffery & 97th Street	41.71888583	-87.57522072	15, J14
5283	Jeffery & 96th Street	41.72072712	-87.57514129	15
5284	Jeffery & 95th Street	41.72235688	-87.57528059	15, J14
5285	Jeffery & 93rd Street	41.72629474	-87.5753846	15, J14
5286	Jeffery & 92nd Street	41.72808382	-87.5753019	15
5287	Jeffery & 91st Street	41.72986058	-87.57545574	15, J14
5288	Jeffery & 90th Street	41.73172047	-87.57546214	15
5289	Jeffery & 89th Street	41.73351229	-87.57544795	15, J14
5290	Jeffery & 88th Street	41.73531983	-87.57562772	15
5292	Jeffery & 86th Street	41.73894987	-87.57568772	15
5293	Jeffery & 85th Street	41.74077758	-87.57568553	15
5294	Jeffery & Anthony	41.74214079	-87.57572672	15
5295	Jeffery & 83rd Street/South Chicago	41.74451346	-87.57566439	15, J14
5296	Jeffery & 82nd Street	41.74625565	-87.5758055	15
5297	Jeffery & 81st Street	41.74806028	-87.57580234	15, J14
5298	Jeffery & 80th Street	41.74991742	-87.57583943	15
5299	Jeffery & 79th Street	41.75180779	-87.57590776	15, J14
5300	Jeffery & 78th Street	41.75362784	-87.57595272	15
5302	Jeffery & 76th Street	41.75735784	-87.57604772	15
5303	Jeffery & 75th Street	41.75908084	-87.57608072	15, J14
5304	Jeffery & 74th Street	41.76091084	-87.57612372	15, N5
5305	Jeffery & 73rd Street	41.76277284	-87.57615072	15, N5
5306	Jeffery & 72nd Street	41.76452484	-87.57619572	15, N5
5307	Jeffery & 71st Street	41.76635602	-87.57622564	15, J14, N5
5308	Jeffery & 70th Street	41.76813084	-87.57628572	15, N5
5309	Jeffery & 69th Street	41.77004484	-87.57633372	15, N5
5310	Jeffery & 68th Street	41.77169084	-87.5762272	15, N5
5311	67th Street & Jeffery	41.77353178	-87.57680707	6, 15, 67, N5
5312	67th Street & Bennett	41.77349784	-87.57906872	6, 15, 67, N5
5313	67th Street & Cregier	41.7734534	-87.58141398	6, 15, 67, N5
5314	67th Street & East End	41.77342626	-87.58383618	6, 15, 67, N5
5315	67th Street & Cornell Drive	41.7733994	-87.58564316	6, 15, 67, N5
5317	Stony Island & 65th Street	41.77703584	-87.58620061	6, 15, 28
5318	Stony Island & 64th Street	41.77877187	-87.58633711	6, 15, 28
5321	Yates & 101st Street	41.71183684	-87.56460132	15
5322	Yates & 102nd Street	41.71006783	-87.56456371	15
5323	Yates & 103rd Street	41.70822564	-87.56458024	15
5324	Yates & 103rd Street	41.708307	-87.5644573	15
5325	Yates & 102nd Street	41.70980083	-87.56449071	15
5326	Yates & 101st Street	41.71160283	-87.56451772	15
5327	Jeffery & 67th Street	41.77333389	-87.57638893	J14
5332	Broadway & Glenlake	41.99279387	-87.66044977	36
5333	Broadway & Elmdale	41.99099751	-87.66041686	36
5336	Broadway & Victoria	41.98702087	-87.66024677	36
5338	Broadway & Bryn Mawr/Ridge	41.98387748	-87.66019165	36
5339	Broadway & Catalpa	41.98190374	-87.66015522	36
5340	Broadway & Balmoral	41.98013537	-87.66010654	36
5345	Broadway & Argyle	41.97331941	-87.65989807	36
5348	Broadway & Leland	41.9673477	-87.6588408	36
5349	Broadway & Wilson	41.9652543	-87.65750394	36
5350	Broadway & Sunnyside	41.96318859	-87.65617732	36
5351	Broadway & Montrose	41.96185413	-87.65540442	36
5354	Broadway & Buena	41.95853387	-87.65309476	36
5355	Broadway & Belle Plaine	41.95699587	-87.65210776	36
5356	Broadway & Irving Park	41.95469101	-87.65070251	36
5360	Broadway & Waveland	41.94927014	-87.6485142	36
5362	Broadway & Cornelia	41.94556414	-87.64626588	36
5366	Broadway & Barry	41.93797386	-87.64441976	36
5367	Broadway & Wellington	41.93658686	-87.64436776	36
5368	Broadway & Surf	41.93493616	-87.6443161	36
5370	Division & Clark (Red Line)	41.90384688	-87.63122704	36, 70
5371	Division & State	41.90388298	-87.62875496	36
5373	State & Maple	41.90199286	-87.62843575	36
5374	State & Oak	41.90088186	-87.62840475	36
5375	State & Delaware	41.89927186	-87.62836175	36
5379	State & Huron	41.89501486	-87.62824675	36
5380	State & Ontario	41.89340054	-87.62821062	36
5384	Clark & Harrison	41.87441185	-87.63059575	24
5385	State & Ontario	41.89319386	-87.62799775	36
5386	State & Huron	41.89476386	-87.62806575	36
5389	State & Delaware	41.89901486	-87.62819075	36
5390	State & Oak	41.90049186	-87.62823575	36
5391	State & Bellevue	41.90176286	-87.62827375	36
5392	State & Elm	41.90306286	-87.62851375	36
5394	Division & Dearborn	41.90398986	-87.62980975	36
5395	Division & Clark (Red Line)	41.90397724	-87.63131084	36
5399	Broadway & Barry	41.93789086	-87.64427376	36
5400	Broadway & Belmont	41.93996086	-87.64433776	36
5402	Broadway & Roscoe	41.94325863	-87.64460642	36
5403	Broadway & Cornelia	41.94546377	-87.64604394	36
5405	Broadway & Waveland	41.94910367	-87.64825036	36
5407	Broadway & Halsted	41.95117952	-87.64948834	36
5408	Broadway & W. Sheridan	41.9526532	-87.64956399	36
5409	Broadway & Irving Park	41.95445354	-87.65039451	36
5410	Broadway & Belle Plaine	41.95682987	-87.65196276	36
5411	Broadway & Buena	41.95836787	-87.65294976	36
5418	Broadway & Lawrence	41.96887308	-87.65955873	36
5421	Broadway & Winona	41.97513301	-87.6597142	36
5423	Broadway & Balmoral	41.97982632	-87.65985963	36
5424	Broadway & Catalpa	41.98171087	-87.65994677	36
5426	Broadway & Hollywood	41.98536487	-87.66002377	36
5427	Broadway & Ardmore	41.98744087	-87.66010777	36
5429	Broadway & Thorndale	41.98992212	-87.66015965	36
5430	Broadway & Elmdale	41.99105742	-87.66018952	36
5431	Broadway & Glenlake	41.99273966	-87.66021674	36
5432	Broadway & Granville	41.99444356	-87.66030129	36
5433	Broadway & Rosemont	41.996237	-87.66033594	36
5435	Milwaukee & Giddings	41.96669094	-87.75979919	56
5436	Milwaukee & Laramie	41.96478752	-87.75821297	56
5437	Milwaukee & Wilson	41.96404452	-87.75755897	56
5438	Milwaukee & Sunnyside	41.96260723	-87.75629929	56
5440	Milwaukee & Cullom	41.95890077	-87.75311118	56
5442	Milwaukee & Belle Plaine	41.95525778	-87.74992931	56
5443	Milwaukee & Irving Park/Cicero	41.95358886	-87.74770879	56
5444	Milwaukee & Kilpatrick/Byron	41.95175618	-87.7448321	56
5445	Milwaukee & Kenton	41.95053655	-87.74279143	56
5446	Milwaukee & Kilbourn	41.94950136	-87.74110005	56
5447	Milwaukee & Kenneth	41.94895957	-87.74014841	56
5448	Milwaukee & Kostner	41.94801105	-87.73859796	56
5450	Milwaukee & Addison	41.94639596	-87.73599184	56
5452	Milwaukee & Keeler	41.94412421	-87.73218137	56
5454	Milwaukee & Karlov	41.94267648	-87.72989374	56
5456	Milwaukee & Springfield	41.93982886	-87.72514978	56
5458	Milwaukee & Davlin	41.93836424	-87.72276327	56
5465	Milwaukee & Spaulding	41.93099947	-87.71068428	56, 76
5467	Milwaukee & Kedzie	41.92911904	-87.7076764	56
5468	Milwaukee & Logan Boulevard	41.92782331	-87.70547342	56
5469	Milwaukee & Sacramento	41.92606596	-87.70265335	56
5474	Milwaukee & Francis Place	41.92033662	-87.69328906	56
5475	Milwaukee & Maplewood	41.91910582	-87.69126547	56
5478	Milwaukee & Oakley/Moffat	41.91517162	-87.68509733	56
5481	Milwaukee & North Ave/Damen	41.91062481	-87.67795898	56
5487	Milwaukee & Paulina	41.90527271	-87.66958346	56
5489	Milwaukee & Division	41.90354186	-87.66689176	56
5490	Milwaukee & Haddon	41.90279315	-87.66574393	56
5491	Milwaukee & Thomas	41.90167357	-87.66406808	56
5492	Milwaukee & Noble	41.90083257	-87.66276707	56
5494	Milwaukee & Racine	41.89765244	-87.65770578	56
5496	Milwaukee & Chicago	41.89640386	-87.65578076	8, 56
5500	Milwaukee & Erie	41.8934114	-87.65113402	8, 56, 66
5502	Milwaukee & Grand/Halsted (Blue Line)	41.8913259	-87.64795086	56
5503	Milwaukee & Hubbard/Union	41.89025793	-87.64628818	56
5505	Desplaines & Fulton	41.88694785	-87.64438375	56
5509	Columbus (Mid) & E. Wacker	41.88736386	-87.62060075	124
5510	Columbus & North Water	41.88943886	-87.62027375	124
5511	Columbus & Illinois	41.89085986	-87.62008575	66, 124
5513	Columbus & Illinois	41.89116386	-87.62036975	66, 124
5514	Columbus & North Water	41.88969786	-87.62053375	66, 124
5515	Columbus (mid) & E. Wacker	41.88758486	-87.62084875	124
5516	Jefferson & Washington	41.88307296	-87.64261549	56, 60, 124, 125, 130, 157, 192, J14
5518	Jefferson & Lake	41.88561877	-87.64268928	56
5520	Fulton & Desplaines	41.88685186	-87.64408976	56
5525	Milwaukee & Erie	41.89349342	-87.65079263	8, 56, 66
5527	Milwaukee & Carpenter	41.89508992	-87.65332898	8, 56, 66
5529	Milwaukee & Chicago	41.89648117	-87.65558523	8, 56
5533	Milwaukee & Noble	41.90083731	-87.66222153	56
5534	Milwaukee & Thomas	41.90183588	-87.66396535	56
5535	Milwaukee & Haddon	41.90280356	-87.66546277	56
5537	Milwaukee & Ashland/Division (Blue Line)	41.90399843	-87.6673325	56
5545	Milwaukee & Leavitt	41.91360279	-87.68232568	56
5546	Milwaukee & Oakley/Moffat	41.91519358	-87.68477577	56
5547	Milwaukee & Western	41.91677428	-87.68720391	56
5550	Milwaukee & Maplewood	41.91933342	-87.69118246	56
5552	Milwaukee & Talman	41.92073023	-87.69357539	56
5553	Milwaukee & Washtenaw	41.92189243	-87.69535946	56
5554	Milwaukee & California	41.9229389	-87.6972732	56
5557	Milwaukee & Sacramento	41.92595946	-87.70218456	56
5558	Milwaukee & Logan Boulevard	41.92802845	-87.70557375	56
5559	Logan Square Blue Line Station	41.92953719	-87.70796551	56
5561	Milwaukee & Spaulding	41.93112492	-87.71064777	56
5568	Milwaukee & Hamlin	41.937951	-87.72181945	56
5569	Milwaukee & Belmont	41.9390434	-87.72347267	56
5572	Milwaukee & Karlov	41.94250533	-87.7292397	56
5577	Milwaukee & Waveland	41.94743614	-87.73726665	56
5578	Milwaukee & Kostner	41.94803714	-87.73829302	56
5579	Milwaukee & Kilbourn	41.94904664	-87.74005104	56
5580	Milwaukee & Kenton	41.95021403	-87.74195413	56
5581	Milwaukee & Kilpatrick/Byron	41.95170449	-87.74437005	56
5584	Milwaukee & Berteau	41.95698578	-87.75115023	56
5585	Milwaukee & Cullom	41.95876912	-87.75270845	56
5586	Milwaukee & Montrose	41.96052122	-87.75428805	56
5587	Milwaukee & Sunnyside	41.96240612	-87.75587144	56
5588	Milwaukee & Wilson	41.96401305	-87.75728469	56
5589	Milwaukee & Laramie	41.96472562	-87.75793205	56
5590	Milwaukee & Giddings	41.96661004	-87.75947858	56
5591	Milwaukee & Lawrence	41.96777256	-87.76056164	56
5592	Irving Park & Cumberland Terminal	41.95223084	-87.83754062	80
5593	Irving Park & Cumberland	41.95196252	-87.83642333	80
5594	Irving Park & Plainfield	41.95202813	-87.83439079	80
5595	Irving Park & Pioneer	41.9521082	-87.83189992	80
5596	Irving Park & Panama	41.95216814	-87.82944593	80
5597	Acacia Park Cemetery	41.95229574	-87.82372142	80
5598	Irving Park & Ozanam	41.95235278	-87.8221211	80
5599	Irving Park & Overhill	41.95243016	-87.81948927	80
5601	Irving Park & Oriole	41.95246437	-87.81723658	80
5602	Irving Park & Olcott	41.95252365	-87.81476987	80
5607	Irving Park & Nordica	41.9527052	-87.80370162	80
5608	Irving Park & Sayre	41.95268486	-87.80127581	80
5609	Irving Park & New England	41.95268386	-87.79885981	80
5610	Irving Park & Oak Park	41.95268386	-87.79638281	80
5611	Irving Park & Normandy	41.95272786	-87.7939308	80
5612	Irving Park & Neenah	41.95277683	-87.79102238	80
5615	Irving Park & Mobile	41.9528988	-87.78369507	80
5616	Irving Park & Melvina	41.95291986	-87.7818278	80
5617	Irving Park & Meade	41.95295586	-87.7793518	80
5618	Irving Park & Austin	41.95297518	-87.77690893	80
5619	Irving Park & Marmora	41.95298965	-87.77444647	80
5620	Irving Park & Menard	41.95302633	-87.77201328	80
5621	Irving Park & Major	41.95305663	-87.76955691	80
5623	Irving Park & Linder	41.95314886	-87.7646498	80
5624	Irving Park & Long	41.95314945	-87.7621963	80
5627	Irving Park & Leclaire	41.95323793	-87.75478723	80
5629	Irving Park & Lamon	41.95331561	-87.74995455	80
5630	Irving Park & Cicero	41.95333382	-87.74753229	80
5631	Irving Park & Kilpatrick	41.95335908	-87.74472267	80, 54A
5633	Irving Park & Kostner	41.95344288	-87.73813834	80, 54A
5634	Irving Park & Kildare	41.95347388	-87.73551234	80, 54A
5635	Irving Park & Tripp	41.95347709	-87.73413231	80, 54A
5636	Irving Park & Keeler	41.9534899	-87.73269722	80, 54A
5637	Irving Park Blue Line Station	41.95353758	-87.73014908	80
5638	Irving Park & Pulaski	41.95355966	-87.72779281	80
5639	Irving Park & Springfield	41.95359175	-87.72519148	80
5640	Irving Park & Hamlin	41.95366318	-87.72279463	80
5641	Irving Park & Ridgeway	41.95363601	-87.72157934	80
5642	Irving Park & Elston/Monticello	41.95367307	-87.71933272	80
5643	Irving Park & Central Park	41.95369333	-87.71790607	80
5644	Irving Park & St. Louis	41.95372692	-87.71546409	80
5645	Irving Park & Kimball	41.95375937	-87.71303542	80
5646	Irving Park & Spaulding	41.95379224	-87.71057027	80
5648	Irving Park & Albany	41.95384125	-87.70568891	80
5649	Irving Park & Sacramento	41.95385667	-87.70322666	80
5650	Irving Park & Francisco	41.95386419	-87.70079881	80
5651	Irving Park & Mozart	41.95387019	-87.69957881	80
5653	2700 W Irving Park	41.95388836	-87.69619631	80
5655	Irving Park & Campbell	41.95391419	-87.69097704	80
5657	Irving Park & Oakley	41.9539583	-87.68617137	80
5659	Irving Park & Hoyne	41.95402796	-87.68128719	80
5660	Irving Park & Damen/Lincoln	41.95405738	-87.67888547	80
5662	Irving Park Brown Line Station	41.95411059	-87.67487206	80
5663	Irving Park & Paulina	41.95415668	-87.67157828	80
5667	Irving Park & Southport	41.95428146	-87.66434767	80
5668	Irving Park & Clark	41.95431732	-87.66240438	80, X9
5669	Irving Park & Seminary	41.95438885	-87.6570423	80
5670	Irving Park & Sheridan	41.95442641	-87.65469381	80
5671	Irving Park & Fremont	41.95446541	-87.65192285	80
5672	Irving Park & Broadway	41.95448474	-87.65064272	80
5673	Sheridan & Broadway	41.95281416	-87.64949469	80
5676	Irving Park & Sheridan	41.95456767	-87.65434884	80, X9
5677	Irving Park & Kenmore	41.95453113	-87.65644015	80
5678	Irving Park & Clark	41.95446084	-87.66207857	80, X9
5682	Irving Park & Ashland	41.95436938	-87.66880132	80
5685	Irving Park Brown Line Station	41.95430446	-87.67492179	80
5687	Irving Park & Damen/Lincoln	41.95428313	-87.6785849	80
5688	Irving Park & Hoyne	41.95420486	-87.68099477	80
5690	Irving Park & Oakley	41.95417015	-87.68594425	80
5691	Irving Park & Western	41.95414169	-87.68822999	80
5693	Irving Park & Rockwell	41.95411341	-87.69306917	80
5694	2700 W Irving Park	41.95409922	-87.69619744	80
5695	Irving Park & California	41.95408812	-87.69805267	80
5696	Irving Park & Mozart	41.95407779	-87.69938323	80
5697	Irving Park & Francisco	41.95407679	-87.70058523	80
5698	Irving Park & Sacramento	41.95406639	-87.70304207	80
5699	Irving Park & Albany	41.95405256	-87.70546817	80
5700	Irving Park & Kedzie	41.95404199	-87.70790011	80
5701	Irving Park & Spaulding	41.95400968	-87.71034768	80
5702	Irving Park & Kimball	41.95397615	-87.71279781	80
5703	Irving Park & St. Louis	41.95392454	-87.71524568	80
5705	Irving Park & Elston/Monticello	41.95388607	-87.71897083	80
5706	Irving Park & Ridgeway	41.95385306	-87.72132563	80
5707	Irving Park & Hamlin	41.9538224	-87.72255685	80
5708	Irving Park & Springfield	41.95380419	-87.72509406	80
5710	Irving Park & Keystone (Blue Line)	41.95375355	-87.72904523	80
5711	Irving Park Blue Line Station	41.953735	-87.73113816	80, 54A
5712	Irving Park & Keeler	41.95370663	-87.73284764	80, 54A
5713	Irving Park & Tripp	41.95368224	-87.73386743	80, 54A
5716	Irving Park & Kilbourn	41.95361008	-87.74042668	80, 54A
5718	Irving Park & Cicero	41.95353047	-87.74709164	80, 54A
5719	Irving Park & Lamon	41.95349617	-87.74981519	80
5720	Irving Park & Lavergne	41.95344766	-87.75210185	80
5721	Irving Park & Leclaire	41.95343518	-87.7545966	80
5723	Irving Park & Lockwood	41.95337781	-87.75949001	80
5724	Irving Park & Long	41.95334846	-87.76192339	80
5725	Irving Park & Linder	41.9532637	-87.76458768	80
5726	Irving Park & Central	41.95329545	-87.76686049	80
5727	Irving Park & Major	41.95326058	-87.76935971	80
5728	Irving Park & Menard	41.9532292	-87.77179796	80
5729	Irving Park & Marmora	41.95319845	-87.77424701	80
5730	Irving Park & Austin	41.95316275	-87.77664812	80
5731	Irving Park & Meade	41.95306034	-87.77911136	80
5732	Irving Park & Melvina	41.95306245	-87.78159386	80
5733	Irving Park & Mobile	41.95303391	-87.78397653	80
5734	Irving Park & Narragansett	41.9529992	-87.78638713	80
5735	Irving Park & Natchez	41.95297386	-87.78881179	80
5736	Irving Park & Neenah	41.9529232	-87.79076866	80
5737	Irving Park & Normandy	41.95285318	-87.79371943	80
5738	Irving Park & Oak Park	41.9528177	-87.79610501	80
5739	Irving Park & New England	41.95281157	-87.79863624	80
5740	Irving Park & Sayre	41.95280805	-87.8010515	80
5741	Irving Park & Nordica	41.95282196	-87.80347282	80
5743	Irving Park & Harlem	41.95284624	-87.80708463	80
5744	Irving Park & Forest Preserve Avenue	41.95280855	-87.80916685	80
5745	Irving Park & Oketo	41.95273698	-87.8120841	80
5746	Irving Park & Olcott	41.95267918	-87.81448737	80
5747	Irving Park & Oriole	41.95262269	-87.81697108	80
5749	Irving Park & Overhill	41.95255453	-87.81937597	80
5750	Irving Park & Ozanam	41.95249281	-87.82169432	80
5751	Acacia Park Cemetery	41.95244213	-87.82360844	80
5752	Irving Park & Panama	41.95230333	-87.82927044	80
5753	Irving Park & Pioneer	41.95223603	-87.83165114	80
5754	Irving Park & Plainfield	41.95218752	-87.83412677	80
5755	Irving Park & Cumberland	41.95214444	-87.83649894	80
5756	Halsted & Waveland/Broadway Terminal	41.94983354	-87.64915545	8
5757	Waveland & Broadway	41.94919513	-87.64868994	8
5759	Halsted & Cornelia	41.94554686	-87.64951276	8
5760	Halsted & Roscoe	41.94370186	-87.64945576	8
5761	Halsted & Aldine	41.94189086	-87.64940076	8
5764	Halsted & Wellington	41.93657436	-87.64931223	8
5765	Halsted & George	41.93462386	-87.64916676	8
5767	Halsted & Schubert	41.93153786	-87.64906576	8
5768	Halsted & Wrightwood	41.92915486	-87.64897676	8
5769	Halsted & Altgeld	41.92735486	-87.64891276	8
5771	Halsted & Webster	41.9219361	-87.6487269	8
5772	Halsted & Dickens	41.92008611	-87.64867672	8
5774	1900 N Halsted	41.91602486	-87.64854076	8
5775	Halsted & Willow	41.91390486	-87.64844876	8
5776	1700 N Halsted	41.91182516	-87.64838495	8
5779	Halsted & Blackhawk	41.90866069	-87.64830974	8
5780	Halsted & Evergreen	41.9064731	-87.64825969	8
5782	Halsted & Division	41.90377758	-87.64818984	8
5792	Halsted & Fulton Market	41.88691285	-87.64757776	8
5799	Halsted & Jackson	41.87807685	-87.64731476	8
5802	Halsted & Maxwell	41.86485485	-87.64691475	8, 18, 62
5804	Halsted & 14th Place	41.86249878	-87.64687332	8, 18, 62
5806	Halsted & 16th Street	41.85972085	-87.64676975	8, 18, 62
5809	Halsted & Cullerton	41.85542566	-87.64666603	8, 62
5812	2300 S Halsted	41.85089985	-87.64651575	8, 62
5815	Halsted & 28th Street	41.84351509	-87.64651632	8
5817	Halsted & 30th Street	41.83990785	-87.64635275	8
5820	Halsted & 33rd Street	41.83447857	-87.64629421	8
5821	Halsted & 34th Street	41.83270249	-87.6462481	8
5822	Halsted & 35th Street	41.83084415	-87.64621554	8
5823	Halsted & 36th Street	41.82875778	-87.64615753	8
5825	Halsted & 38th Street	41.82566149	-87.64606269	8
5827	Halsted & 41st Street	41.82029255	-87.6459339	8
5829	Halsted & 48th Street	41.80708234	-87.64562287	8
5830	Halsted & 49th Street	41.80565716	-87.64555797	8
5831	Halsted & 50th Street	41.80347684	-87.64545275	8
5833	Halsted & 52nd Street	41.79984498	-87.64539913	8
5835	Halsted & 54th Street	41.79613003	-87.64530482	8
5836	Halsted & Garfield	41.794415	-87.64526487	8
5837	Halsted & Garfield	41.79370597	-87.64524189	8
5838	Halsted & 56th Street	41.79255477	-87.64522527	8
5839	Halsted & 57th Street	41.79076222	-87.64516212	8
5840	Halsted & 58th Street	41.78893106	-87.6451183	8
5841	Halsted & 59th Street	41.78711905	-87.64508334	8
5842	Halsted & 60th Street	41.78531014	-87.64502294	8
5848	6400 S Halsted	41.77803622	-87.64487084	8
5850	Halsted & 66th Street	41.77438992	-87.64476625	8
5852	Halsted & 68th Street	41.77081484	-87.64461874	8
5854	Halsted & 70th Street	41.76715083	-87.64452874	8
5855	Halsted & 71st Street	41.76533983	-87.64447774	8
5856	Halsted & 72nd Street	41.76345743	-87.64446261	8
5857	Halsted & 73rd Street	41.76166583	-87.64437774	8
5859	Halsted & 75th Street	41.75847798	-87.64430902	8
5860	Halsted & 75th Street	41.75771262	-87.64435037	8
5861	Halsted & 76th Street	41.75619876	-87.64428504	8
5863	Halsted & 78th Street	41.75250691	-87.64412802	8
5864	Halsted & 79th Street	41.75076203	-87.64415164	8, 169
5866	Halsted & 78th Street	41.7523831	-87.64400903	8
5869	Halsted & 75th Street	41.75772883	-87.64412074	8
5870	Halsted & 74th Street	41.75965724	-87.64418977	8
5871	Halsted & 73rd Street	41.76150083	-87.64423274	8
5872	Halsted & 72nd Street	41.76331668	-87.64428535	8
5873	Halsted & 71st Street	41.76511345	-87.64432936	8
5874	Halsted & 70th Street	41.76692006	-87.64440133	8
5875	Halsted & 69th Street	41.76873252	-87.64442641	169
5876	Halsted & 68th Street	41.77049532	-87.64447297	8
5877	Halsted & Marquette Rd	41.77233432	-87.64452158	8
5878	Halsted & 66th Street	41.77421165	-87.64453728	8
5879	Halsted & 65th Street	41.77641486	-87.64458741	8
5881	Halsted Green Line Station	41.77871962	-87.64465384	8
5884	Halsted & 61st Street	41.78320342	-87.64478102	8
5885	Halsted & 60th Street	41.78493677	-87.64483085	8
5887	Halsted & 58th Street	41.78877324	-87.64492539	8
5889	Halsted & 56th Street	41.79236817	-87.64502285	8
5890	Halsted & Garfield	41.793857	-87.64505976	8
5891	Halsted & Garfield	41.79454461	-87.64507727	8
5892	Halsted & 54th Street	41.79605961	-87.64509821	8
5894	Halsted & 52nd Street	41.79968287	-87.64520393	8
5895	Halsted & 51st Street	41.80144984	-87.64526475	8
5896	Halsted & 50th Street	41.80331084	-87.64530775	8
5898	Halsted & 48th Street	41.80696063	-87.64539956	8
5900	Halsted & 41st Street	41.82017384	-87.64573375	8
5901	Halsted & Pershing	41.82333058	-87.64583515	8
5902	Halsted & 38th Street	41.82513462	-87.64588853	8
5903	Halsted & 37th Street	41.82700951	-87.64592739	8
5904	Halsted & 36th Street	41.82880584	-87.64599675	8
5905	Halsted & 35th Street	41.83067363	-87.64601515	8
5906	Halsted & 34th Street	41.83249882	-87.646058	8
5907	Halsted & 33rd Street	41.83427083	-87.64610639	8
5908	Halsted & 32nd Street	41.83631985	-87.64615175	8
5912	Halsted & 28th Street	41.84340439	-87.64633167	8
5914	Halsted & 26th Street	41.84524439	-87.64636767	8
5917	Halsted Orange Line Station	41.84688784	-87.64773856	8
5918	2300 S Halsted	41.85081685	-87.64636975	8, 62
5921	Halsted & Cullerton	41.85530561	-87.64647935	8, 62
5924	Halsted & 16th Street	41.85981585	-87.64662175	8, 18, 62
5926	Halsted & 14th Place	41.86221823	-87.64669696	8, 18, 62
5928	Halsted & Maxwell	41.86468885	-87.64676975	8, 18, 62
5931	Halsted & Monroe	41.88038685	-87.64725076	8
5936	Halsted & Hubbard	41.89039291	-87.64752596	8
5947	Halsted & Evergreen	41.90627583	-87.64806044	8
5950	Halsted & North Ave	41.9108376	-87.64818568	8
5951	1700 N Halsted	41.91246977	-87.64826155	8
5952	Halsted & Willow	41.91373886	-87.64830376	8
5953	1900 N Halsted	41.91604077	-87.64835854	8
5956	Halsted & Webster	41.92173259	-87.64854218	8
5957	Halsted & Belden	41.92354286	-87.64863776	8
5959	Halsted & Altgeld	41.92727086	-87.64876676	8
5960	Halsted & Wrightwood	41.92898986	-87.64883176	8
5961	Halsted & Schubert	41.93145386	-87.64891976	8
5963	Halsted & George	41.93453986	-87.64902076	8
5966	Halsted & Belmont	41.93990748	-87.64916951	8
5967	Halsted & Aldine	41.94172586	-87.64925576	8
5968	Halsted & Roscoe	41.94353686	-87.64931076	8
5969	Halsted & Cornelia	41.94540366	-87.64933047	8
5970	Halsted & Addison	41.94720021	-87.64939379	8
5972	Clark & Archer	41.85551075	-87.63006322	24
5973	Lowe & 127th Street	41.66315282	-87.63774273	108, 8A
5974	127th Street & Emerald	41.66331482	-87.64001773	108, 8A
5975	127th Street & Halsted	41.66331183	-87.64134014	108, 8A
5976	Halsted & 126th Street	41.66494282	-87.64139073	108, 8A
5977	Halsted & 125th Street	41.66679065	-87.6414196	108, 8A
5978	Halsted & 124th Street	41.66858582	-87.64149573	108, 8A
5980	Halsted & 122nd Street	41.67228255	-87.64160673	108, 8A
5981	12100 S Halsted	41.67400797	-87.64163596	108, 8A
5984	12100 S Halsted	41.67423539	-87.64190748	108, 8A
5985	Halsted & 122nd Street	41.67243982	-87.64186532	108, 8A
5986	Halsted & 123rd Street	41.67061165	-87.64180649	108, 8A
5987	Halsted & 124th Street	41.66885582	-87.64171273	108, 8A
5988	Halsted & 125th Street	41.66695896	-87.64168388	108, 8A
5989	Halsted & 126th Street	41.66502282	-87.64157873	108, 8A
5990	Halsted & 127th Street	41.66342082	-87.64152873	108, 8A
5991	Vermont & Halsted	41.66204575	-87.64112168	108, 8A
5992	Vermont & Union	41.66257082	-87.63921873	108, 8A
5995	Ashland & Irving Park	41.95409882	-87.66917809	9, X9
6009	Ashland & Wrightwood	41.92885735	-87.66841178	9
6011	Ashland & Fullerton	41.92526991	-87.66830329	9, X9
6013	Ashland & Webster	41.92113213	-87.66870701	9
6015	Ashland & Elston	41.91905986	-87.66839258	9
6016	Ashland & Cortland	41.91631182	-87.66793824	9, X9
6019	Ashland & North Ave	41.91074212	-87.66784719	9, X9
6024	Ashland & Division (Blue Line)	41.90351822	-87.66766329	9, X9
6034	Ashland & Fulton	41.88699437	-87.66728081	9
6035	Ashland & Lake (Green & Pink Lines)	41.88510285	-87.66705476	9, X9
6040	Ashland & Adams	41.87897678	-87.66688528	9
6041	Ashland & Jackson	41.87736866	-87.66684301	9, X9
6043	Ashland & Harrison	41.87396408	-87.66674615	9, X9
6046	Ashland & Roosevelt	41.8671167	-87.66655755	9, X9
6049	Ashland & 15th Street	41.86154538	-87.66638776	9
6054	Ashland & Cullerton	41.85515613	-87.66619475	9
6057	Ashland & Cermak/Blue Island	41.85249152	-87.66617869	9, X9
6059	2450 S Ashland	41.8475193	-87.66607992	9
6063	Ashland & Archer	41.83779212	-87.66590328	9
6066	Ashland & 33rd Street	41.83428954	-87.66579386	9
6068	Ashland & 35th Street	41.83063964	-87.66571882	9, X9
6075	Ashland & 42nd Street	41.81781718	-87.66527079	9
6076	Ashland & 43rd Street	41.81592907	-87.66523843	9, X9
6082	Ashland & 49th Street	41.8050484	-87.66500203	9
6084	Ashland & 51st Street	41.80144988	-87.66492837	9, X9
6085	Ashland & 52nd Street	41.79957976	-87.66486308	9
6089	Ashland & Garfield	41.79350883	-87.66472933	9, X9
6091	Ashland & 57th Street	41.79046337	-87.6646389	9
6093	Ashland & 59th Street	41.78691975	-87.66455052	9, X9
6100	Ashland & 65th Street	41.77594006	-87.66425704	9
6101	Ashland & 66th Street	41.77412637	-87.66420637	9
6105	Ashland & 70th Street	41.76688148	-87.66397423	9
6108	Ashland & 73rd Street	41.76137383	-87.66375575	9
6109	Ashland & 74th Street	41.75919889	-87.66376892	9, X9
6111	Ashland & 76th Street	41.75593531	-87.66370928	9
6112	Ashland & 77th Street	41.75412123	-87.66361593	9
6114	Ashland & 79th Street	41.75045294	-87.66358649	9, X9
6115	Ashland & 80th Street	41.74859863	-87.66350426	9
6116	Ashland & 81st Street	41.74678788	-87.66348368	9
6117	Ashland & 82nd Street	41.74501462	-87.66343872	9
6118	Ashland & 83rd Street	41.74325441	-87.66340578	9, X9
6120	Ashland & 85th Street	41.73952444	-87.663293	9
6124	Ashland & 89th Street	41.73223367	-87.66309588	9
6126	Ashland & 91st Street	41.72854803	-87.66298216	9, X9
6128	Ashland & 93rd Street	41.72495345	-87.66292714	9
6129	Ashland & 94th Street	41.72310905	-87.66283408	9
6130	Ashland & 95th Street	41.72138684	-87.66284598	9, X9
6131	Ashland & 95th Street Terminal	41.72059822	-87.66298609	9, X9
6132	9653 S Beverly	41.71897739	-87.66221132	9
6133	9700 S Beverly	41.71744116	-87.66139212	9
6134	9800 S Beverly	41.71597298	-87.66075839	9
6136	Beverly & 100th Place	41.71142666	-87.65842506	9
6137	10112 S Beverly	41.70982848	-87.65759616	9
6138	Beverly & 103rd/Vincennes	41.70696443	-87.65617066	9
6140	Beverly & 103rd/Vincennes	41.70733454	-87.65615126	9
6141	10113 S Beverly	41.70976057	-87.65739803	9
6142	Beverly & 100th Place	41.71130582	-87.65810874	9
6143	Beverly & 99th Street	41.7139303	-87.65945818	9
6144	9800 S Beverly	41.71587495	-87.6604059	9
6145	9653 S Beverly	41.71733471	-87.66122889	9
6146	9600 S Beverly	41.7190873	-87.66208324	9
6147	Ashland & 95th Street	41.7214905	-87.6625485	9, X9
6148	Ashland & 94th Street	41.72293183	-87.66254674	9
6149	Ashland & 93rd Street	41.72477522	-87.66263981	9
6153	Ashland & 89th Street	41.73194022	-87.66282105	9
6155	Ashland & 87th Street	41.73564625	-87.66292034	9, X9
6159	Ashland & 83rd Street	41.74294014	-87.66310797	9, X9
6160	Ashland & 82nd Street	41.74476422	-87.6631933	9
6162	Ashland & 80th Street	41.74846193	-87.66326598	9
6163	Ashland & 79th Street	41.75023996	-87.66328925	9, X9
6165	Ashland & 77th Street	41.75383283	-87.66345675	9
6166	Ashland & 76th Street	41.75571024	-87.66345307	9
6168	Ashland & 74th Street	41.75937146	-87.66351784	9, X9
6169	Ashland & 73rd Street	41.76120883	-87.66357575	9
6171	Ashland & 71st Street	41.76478668	-87.66364647	9
6176	Ashland & 66th Street	41.77396177	-87.66396927	9
6177	Ashland & 65th Street	41.77576377	-87.66401827	9
6179	Ashland/63rd Green Line Station	41.77887301	-87.66405438	9, X9
6182	Ashland & 61st Street	41.78298475	-87.66418724	9
6186	Ashland & 57th Street	41.79026083	-87.66434822	9
6189	Ashland & Garfield	41.79415671	-87.66443813	9, X9
6191	Ashland & 53rd Street	41.79760674	-87.66455319	9
6192	Ashland & 52nd Street	41.79939884	-87.66460575	9
6195	Ashland & 49th Street	41.80507918	-87.66475519	9
6202	Ashland & 42nd Street	41.8180086	-87.66499363	9
6205	Ashland & Pershing	41.82343406	-87.66527057	9, X9
6209	Ashland & 35th Street	41.83039426	-87.6654264	9, X9
6213	Ashland & Archer	41.83760221	-87.66560389	9
6215	2700 S Ashland	41.84326127	-87.66570766	9
6217	2451 S Ashland	41.84779948	-87.66581575	9
6227	Ashland & 15th Street	41.86163916	-87.66612351	9
6228	Ashland & 14th Street	41.86316533	-87.66616702	9
6230	Ashland & Roosevelt	41.86668798	-87.66624272	9, X9
6233	Ashland & Harrison	41.87402183	-87.66644453	9, X9
6241	Ashland & Carroll	41.88744861	-87.66688871	9
6245	Ashland & Erie	41.89326836	-87.66708687	9
6252	Ashland & Milwaukee (Blue Line)	41.90374186	-87.66737076	9, X9
6259	Ashland & Cortland	41.91603186	-87.66770228	9, X9
6260	Ashland & Armitage	41.91783586	-87.66779977	9
6262	Ashland & Webster	41.92136829	-87.66847679	9
6266	Ashland & Wrightwood	41.92871796	-87.66814059	9
6270	Ashland & Wellington	41.93596786	-87.66845577	9
6274	Ashland & Roscoe	41.94317678	-87.66862211	9
6278	Ashland & Grace	41.95056186	-87.66888577	9
6281	Clark & Irving Park	41.95465243	-87.6623323	22
6283	Clark & 18th Street	41.85767992	-87.63011752	24
6286	Clark & 15th Street	41.86179285	-87.63020575	24
6288	Clark & Roosevelt	41.86717697	-87.63035976	24
6290	Clark & Polk	41.87209885	-87.63053075	24
6293	Clark & Roosevelt	41.86756371	-87.630537	24
6295	Clark & 15th Street	41.86184285	-87.63031075	24
6300	Clark & Archer	41.85522957	-87.63026385	24
6301	Cicero & 24th Place Terminal	41.8465587	-87.74432902	35, 54
6302	4631 W 26th Street	41.84384454	-87.7399763	60
6303	4537 W 26th Street	41.84399521	-87.7374636	60
6304	26th Street & Kostner	41.84405626	-87.73442171	60
6305	26th Street & Kildare	41.84408384	-87.73195078	60
6306	26th Street & Keeler	41.84412584	-87.72952477	60
6307	26th Street & Karlov	41.84415884	-87.72709478	60
6308	26th Street & Pulaski	41.84419675	-87.72470873	60
6309	26th Street & Springfield	41.84422984	-87.72221977	60
6310	26th Street & Hamlin	41.84426284	-87.71977977	60
6311	26th Street & Lawndale	41.84429684	-87.71733877	60
6312	26th Street & Central Park	41.84432984	-87.71490277	60
6313	26th Street & St. Louis	41.84436284	-87.71246577	60
6315	26th Street & Spaulding	41.84442984	-87.70758677	60
6317	26th Street & Albany	41.84450284	-87.70267977	60
6318	26th Street & Sacramento	41.84454384	-87.70028077	60
6319	26th Street & California Avenue	41.84463542	-87.69535254	60
6320	26th Street & California Boulevard	41.84464888	-87.69436695	60
6321	26th Street & Washtenaw	41.84466405	-87.69288191	60
6323	Blue Island & Western	41.84491535	-87.68498851	60
6328	Blue Island & Wolcott	41.84931961	-87.67349648	60
6330	Blue Island & Paulina	41.85119731	-87.6686035	60
6331	Blue Island & Ashland/Cermak	41.85208746	-87.66629301	60
6337	Blue Island & 16th Street	41.85961685	-87.65949415	60
6339	Blue Island & 15th Street	41.86154551	-87.65789155	60
6341	Racine & 14th Street	41.86367198	-87.65651876	60
6342	Racine & 13th Street	41.86514085	-87.65656376	60
6344	Racine & Taylor	41.86931475	-87.6566656	60
6346	Racine & Harrison	41.87415885	-87.65671976	60
6347	Harrison & Halsted	41.87427985	-87.64748676	7, 60
6353	Randolph & Columbus	41.88428685	-87.62082075	60
6355	Harbor Drive & Randolph	41.88497317	-87.61507805	60
6357	Randolph & Field Blvd	41.88460886	-87.61709275	60
6359	Randolph & Columbus	41.88455986	-87.62031975	60
6360	Randolph & Stetson	41.88455586	-87.62214875	6, 20, 60
6361	Clinton & Jackson	41.87814785	-87.64115675	7, 60, 126, 157
6363	Clinton Blue Line Station	41.87559585	-87.64108575	7, 37, 60, 157
6365	Harrison & Jefferson	41.87443585	-87.64225175	7, 60
6366	Racine & Harrison	41.87394885	-87.65689376	60
6370	Racine & 13th Street	41.86530685	-87.65670876	60
6371	Racine & 14th Street	41.86353223	-87.65666288	60
6373	Blue Island & 15th Street	41.86165942	-87.65808813	60
6375	Blue Island & 16th Street	41.85954412	-87.65985136	60
6381	Blue Island & Ashland/Cermak	41.85216892	-87.66657053	60
6382	Blue Island & Paulina	41.8515229	-87.6682764	60
6384	Blue Island & Wolcott	41.84962516	-87.67320831	60
6385	Blue Island & Damen	41.84870313	-87.6755802	60
6386	Blue Island & Hoyne	41.84775674	-87.67804822	60
6388	Blue Island & Oakley	41.8459073	-87.68295478	60
6389	Blue Island & Western	41.84504609	-87.68513199	60
6390	2500 W 26th Street	41.84485849	-87.68768533	60
6391	26th Street & Rockwell	41.84482858	-87.69015469	60
6392	26th Street & Washtenaw	41.84480495	-87.69269465	60
6393	26th Street & California Boulevard	41.84477164	-87.69447369	60
6394	26th Street & California Avenue	41.84474951	-87.69546584	60
6395	26th Street & Francisco	41.84472781	-87.69749673	60
6396	26th Street & Sacramento	41.84469465	-87.70005436	60
6397	26th Street & Albany	41.8446266	-87.70237448	60
6399	26th Street & Spaulding	41.84456629	-87.70734208	60
6400	26th Street & Homan	41.84451128	-87.70970608	60
6401	26th Street & St. Louis	41.84446728	-87.71220208	60
6402	26th Street & Central Park	41.84446666	-87.71465803	60
6404	26th Street & Hamlin	41.84438025	-87.71958507	60
6405	26th Street & Springfield	41.84434877	-87.72201862	60
6407	26th Street & Karlov	41.84431881	-87.72609229	60
6408	26th Street & Keeler	41.84424422	-87.72926027	60
6409	26th Street & Kildare	41.84423507	-87.7313702	60
6411	4537 W 26th Street	41.8441245	-87.73739421	60
6412	4630 W 26th Street	41.8440645	-87.74064115	60
6413	Vincennes & 103rd Street	41.70667638	-87.65596591	112
6414	Vincennes & Winston (10200 South)	41.70855908	-87.65529307	112
6415	Vincennes & 100th Place	41.71134056	-87.65425914	112
6416	Vincennes & 99th Street	41.71399417	-87.65326067	112
6417	Vincennes & 98th Street	41.71574285	-87.65262399	112
6418	Vincennes & 97th Street	41.7174524	-87.65199032	112
6419	Vincennes & 96th Street	41.71916917	-87.65137169	112
6420	Vincennes & 95th Street	41.72119077	-87.65060331	112
6434	Vincennes & 83rd Street	41.74426083	-87.63583274	24
6435	Vincennes & 82nd Street	41.74545983	-87.63550874	24
6436	Vincennes & 81st Street	41.74699283	-87.63510074	24
6439	Vincennes & 78th Street	41.75252083	-87.63364574	24
6440	Vincennes & 77th Street	41.75430483	-87.63308874	24
6441	Vincennes & 76th Street	41.75616283	-87.63220274	24
6443	Vincennes & 74th Street	41.75981083	-87.63046774	24
6444	Wentworth & Vincennes	41.76248583	-87.62961374	24
6445	Wentworth & 72nd Street	41.76349483	-87.62966374	24
6446	Wentworth & 71st Street	41.76530283	-87.62969574	24
6447	Wentworth & 70th Street	41.76714783	-87.62974774	24
6448	Wentworth & 69th Street	41.76893983	-87.62977874	24
6450	Wentworth & Marquette Rd	41.77259135	-87.62987456	24
6451	Wentworth & 66th Street	41.77442584	-87.62994374	24
6452	Wentworth & 65th Street	41.77648187	-87.63002523	24
6454	Wentworth & 63rd Street	41.77973584	-87.63010274	24
6455	Wentworth & 62nd Street	41.78152084	-87.63017074	24
6456	Wentworth & 61st Street	41.78299084	-87.63018274	24
6457	Wentworth & 60th Street	41.78530284	-87.63023074	24
6458	Wentworth & 59th Street	41.78710784	-87.63026874	24
6459	Wentworth & 57th Place	41.78984737	-87.63026104	24, 59
6461	5556 S Wentworth	41.79244784	-87.63042874	24, 59
6463	Wentworth & Garfield	41.79482103	-87.6304429	24
6464	5400 S Wentworth	41.79625484	-87.63051574	24
6472	Wentworth & 47th Street	41.80896984	-87.63083874	24
6473	LaSalle & 46th Place	41.81064984	-87.62990874	24, 43
6476	LaSalle & 43rd Street	41.81627284	-87.62937574	24, 43
6477	LaSalle & Root	41.81900284	-87.62943874	24
6478	LaSalle & Pershing	41.82395993	-87.62957394	24, 39
6480	LaSalle & 35th Street	41.8311953	-87.6297726	24, 31
6481	LaSalle & 33rd Street	41.83444485	-87.62986075	24, 31
6482	LaSalle & 31st Street	41.83851985	-87.62998575	24
6485	Wentworth & 26th Street	41.84532285	-87.63175075	24
6486	Wentworth & 24th Street	41.84900085	-87.63184575	24
6487	Wentworth & 23rd Street	41.85096785	-87.63188775	24
6492	Wentworth & Cermak	41.85264943	-87.63209373	24
6493	Wentworth & 23rd Street	41.85109485	-87.63202775	24
6494	Wentworth & 24th Street	41.84930485	-87.63201075	24
6496	Wentworth & 27th Street	41.84413859	-87.63194771	24
6497	Wentworth & 28th Place	41.84281585	-87.63183575	24
6498	Wentworth & 29th Street	41.84134085	-87.63180375	24
6499	3000 S Wentworth	41.83988085	-87.63175275	24
6500	Wentworth & 31st Street	41.83789041	-87.63173749	24, 31
6501	3200 S Wentworth	41.83648585	-87.63168275	24, 31
6502	Wentworth & 33rd Street	41.83474985	-87.63164075	24, 31
6504	Wentworth & 35th Street	41.83110125	-87.63158848	24
6505	3600 S Wentworth	41.82874484	-87.63148074	24, 39
6506	Wentworth & 37th Street	41.82744484	-87.63146875	24, 39
6507	3800 S Wentworth	41.82563285	-87.63143075	24, 39
6508	Wentworth & Pershing	41.82384159	-87.63140503	24
6510	Wentworth & Root	41.81934784	-87.63131574	24
6514	Wentworth & 45th Street	41.8126677	-87.63115629	24, 43
6515	Wentworth & 46th Street	41.81114784	-87.63150974	24, 43
6516	Wells & 47th Street	41.80879484	-87.63267374	15, 24, 51
6517	Wells & 48th Place	41.80620784	-87.63260574	15, 24, 51
6519	Wells & 50th Street	41.80387484	-87.63237074	15, 24, 51
6520	Wells & 51st Street	41.80162011	-87.63206362	24
6521	Wells & 52nd Street	41.80019284	-87.63201774	24
6522	Wells & 53rd Street	41.79834284	-87.63195374	24
6524	Garfield Red Line Station	41.79412329	-87.63105016	24, 55
6525	Wentworth & Grand Blvd Shopping Ctr (5440 S)	41.79538084	-87.62926074	24
6526	Wentworth & Grand Blvd Shopping Ctr (5400 S)	41.79641584	-87.62938074	24
6528	Wells & Garfield	41.79398057	-87.63188806	24, 59
6529	5600 S Wells	41.79257084	-87.63181874	24, 59
6530	Wells & 57th Street	41.79103284	-87.63178774	24, 59
6531	Wells & 58th Street	41.78901584	-87.63178574	24, 59
6532	Wells & 59th Street	41.78743584	-87.63198574	24
6533	Yale & 60th Street	41.78559084	-87.63194374	24
6534	Yale & 61st Street	41.78378784	-87.63196574	24
6535	Yale & 63rd Street	41.78010873	-87.63186071	24
6536	Wells & 64th Street	41.7782168	-87.63133577	24
6537	Wells & 65th Street	41.7767069	-87.63025884	24
6538	Wentworth & 66th Street	41.77470084	-87.63008574	24
6541	Wentworth & 69th Street	41.76928784	-87.62999874	24
6542	Wentworth & 70th Street	41.76742783	-87.62987574	24
6543	Wentworth & 71st Street	41.76559083	-87.62982574	24
6544	Wentworth & 72nd Street	41.76378283	-87.62978374	24
6545	Wentworth & 73rd Street	41.76198083	-87.62975874	24
6550	Vincennes & 78th Street	41.75287583	-87.63377574	24
6552	Vincennes & 80th Street	41.74910083	-87.63476074	24
6554	Vincennes & 82nd Street	41.74544983	-87.63567074	24
6569	Vincennes & 95th Street	41.72094933	-87.65089324	112
6570	Vincennes & 96th Street	41.71930282	-87.65151855	112
6572	Vincennes & 97th Place	41.71707856	-87.65234004	112
6573	Vincennes & 98th Street	41.71596449	-87.65273082	112
6574	Vincennes & 99th Street	41.71419034	-87.65338207	112
6575	Vincennes & 100th Place	41.71151645	-87.65437346	112
6576	Vincennes & Winston (10100 South)	41.70908615	-87.65527726	112
6577	Vincennes & 103rd Street	41.70717429	-87.65598372	112
6579	Canal & Randolph/Washington	41.88354985	-87.63986975	120
6583	Michigan (Lower) & E. Wacker	41.88806406	-87.62445718	120, 121
6585	Michigan (Lower) & Illinois	41.89084476	-87.62399922	120, 121
6586	Michigan (Lower) & Illinois	41.89101394	-87.62429815	120, 121
6588	Wacker (Lower) & Michigan	41.88836886	-87.62493675	120, 121
6595	Pershing & Wood	41.82328559	-87.67012684	39
6596	Pershing & Wood	41.82312405	-87.6701965	39
6597	Fullerton & Sheffield (Red/Brown/Purple Line)	41.92533013	-87.65282847	37, 74
6599	Sedgwick & Wisconsin	41.91659563	-87.63883934	37
6600	Sedgwick & Menomonee	41.91478186	-87.63876776	37
6601	Sedgwick & Eugenie	41.91296386	-87.63871676	37
6605	Sedgwick & Evergreen	41.90666548	-87.63850568	37
6607	Sedgwick & Scott	41.90486229	-87.63846803	37
6608	Orleans & Hill	41.90217986	-87.63746975	37
6609	Orleans & Oak	41.90061686	-87.63741075	37
6610	Orleans & Locust	41.89902486	-87.63735175	37
6611	Orleans & Chestnut	41.89825986	-87.63732075	37
6613	Wells & Huron	41.8948332	-87.63423842	37, 66
6614	Wells & Ontario	41.8932572	-87.63419742	37, 66
6621	Clinton & Polk	41.87176785	-87.64096475	157
6623	Clinton & Taylor	41.86987985	-87.64090175	157
6627	900 W Taylor	41.86965677	-87.64868836	157
6628	Taylor & Morgan	41.86956185	-87.65148876	157
6629	Taylor & Aberdeen	41.86952896	-87.65412041	157
6631	Taylor & Throop	41.86944928	-87.65915128	157
6632	Taylor & Loomis	41.86940473	-87.66149894	157
6633	Taylor & Laflin	41.86937124	-87.66399119	157
6636	Taylor & Paulina	41.86930227	-87.66884214	157
6637	Polk Pink Line Station	41.87164377	-87.66966974	7, 157
6638	Polk & Wood	41.87163108	-87.67135173	7, 157
6639	Polk & Wolcott	41.87157807	-87.67367702	157
6640	Polk & Damen	41.87154488	-87.67592912	157
6642	2102 W Ogden	41.87071337	-87.67903542	157
6643	Ogden & Taylor	41.86916723	-87.68090171	157
6644	Taylor & Oakley	41.86907819	-87.68346009	157
6650	Ogden & Rockwell	41.8632965	-87.69070026	18, 157
6653	Ogden & Sacramento	41.85944572	-87.70161835	18, 157
6655	Ogden & Kedzie	41.85816722	-87.70527149	157
6656	Ogden & Spaulding	41.85730388	-87.70777923	157
6657	Ogden & Homan	41.85641407	-87.71022458	157
6658	Ogden & St. Louis	41.85561103	-87.71257114	157
6659	Ogden & Central Park	41.85475736	-87.71494408	157
6660	Ogden & Lawndale	41.85381757	-87.71746096	157
6661	Ogden & Hamlin	41.85296857	-87.71986497	157
6662	Ogden & Springfield	41.85220026	-87.72217677	157
6665	Cermak & Pulaski	41.85140951	-87.72491142	21
6666	Ogden & Springfield	41.8517927	-87.72238214	157
6667	Ogden & Hamlin	41.85264238	-87.71995806	157
6669	Ogden & Central Park	41.85426708	-87.71524604	157
6670	Ogden & St. Louis	41.85520173	-87.71270302	157
6671	Ogden & Homan	41.85605473	-87.71029002	157
6672	Ogden & Spaulding	41.85690673	-87.70787803	157
6673	Ogden & Kedzie	41.85764624	-87.7056121	157
6675	Ogden & Sacramento	41.8592191	-87.70113692	18, 157
6676	Ogden & California	41.86108819	-87.69591517	18, 157
6678	Ogden & Rockwell	41.86281904	-87.69099882	18, 157
6681	Western & Roosevelt	41.86648423	-87.68590893	49, 157, X49
6683	Western & Taylor	41.86887965	-87.68598134	49, 157
6684	Taylor & Oakley	41.86894585	-87.68377177	157
6685	Ogden & Taylor	41.86939353	-87.68030481	157
6686	2102 W Ogden	41.87055085	-87.67890476	157
6689	Polk & Wolcott	41.87147041	-87.67387827	157
6690	Polk & Wood	41.87147485	-87.67159876	157
6691	Polk Pink Line Station	41.87152996	-87.66971182	7, 157
6694	Taylor & Laflin	41.86925537	-87.66426481	157
6696	Taylor & Throop	41.8693221	-87.65929941	157
6698	Taylor & Aberdeen	41.86940249	-87.65438074	157
6700	900 W Taylor	41.86949185	-87.64875975	157
6701	Taylor & Halsted	41.86951485	-87.64737175	157
6711	Franklin & Jackson	41.87792311	-87.63511522	134, 135, 136
6712	Orleans & Erie	41.89386218	-87.63700822	37, 66
6713	Orleans & Huron	41.89464786	-87.63703675	37, 66
6714	Orleans & Chicago	41.89640086	-87.63708075	37, 66
6715	Orleans & Chestnut	41.89807186	-87.63714875	37
6716	Orleans & Locust	41.89885386	-87.63717475	37
6718	Orleans & Hill	41.90196486	-87.63730275	37
6719	Sedgwick & Scott	41.90474625	-87.6382896	37
6721	Sedgwick & Evergreen	41.90658428	-87.6383756	37
6723	Sedgwick & Blackhawk	41.90918186	-87.63846576	37
6724	Sedgwick & North Avenue	41.9109686	-87.63851896	37
6725	Sedgwick & Eugenie	41.91276546	-87.63857211	37
6726	Sedgwick & Menomonee	41.91461686	-87.63862176	37
6727	Sedgwick & Wisconsin	41.91638186	-87.63866776	37
6728	Sedgwick & Armitage/Lincoln	41.91809918	-87.63874963	37
6730	Webster & Orchard	41.92193362	-87.64611165	37
6735	16th Street & 46th Court	41.85860784	-87.74060778	18
6736	16th Street & Kilbourn	41.85861743	-87.73734635	18
6737	16th Street & Kostner	41.85865243	-87.73490136	18
6738	16th Street & Kildare	41.85865249	-87.73227579	18
6739	16th Street & Keeler	41.85874866	-87.72994273	18
6740	16th Street & Karlov	41.85878803	-87.727498	18
6741	16th Street & Pulaski	41.85881333	-87.72509823	18
6742	16th Street & Springfield	41.85883885	-87.72259277	18
6744	16th Street & Lawndale	41.85889385	-87.71776777	18
6745	16th Street & Central Park	41.858911	-87.71538854	18
6746	16th Street & St. Louis	41.85894985	-87.71287877	18
6747	16th Street & Homan	41.85897785	-87.71044277	18
6748	16th Street & Spaulding	41.85900485	-87.70800577	18
6750	16th Street & Albany	41.85906285	-87.70305777	18
6755	18th Street & Western	41.85727443	-87.68538155	18
6756	18th Street & Oakley	41.85747285	-87.68343576	18
6757	18th Street & Leavitt	41.85750885	-87.68099276	18
6758	18th Street & Hoyne	41.85754485	-87.67851076	18
6760	18th Street & Wolcott	41.85764097	-87.67367216	18
6761	18th Street & Wood	41.85766685	-87.67121376	18
6762	18th Street & Paulina (Pink Line)	41.85771185	-87.66875676	18
6763	18th Street & Ashland	41.85772103	-87.66633488	18
6764	18th Street & Laflin	41.85779385	-87.66387976	18
6765	18th Street & Blue Island	41.85781075	-87.66150785	18
6766	18th Street & Throop	41.85786185	-87.65900476	18
6769	18th Street & Carpenter	41.85794285	-87.65341075	18
6771	18th Street & Sangamon	41.85799285	-87.65004175	18
6772	18th Street & Peoria	41.85799001	-87.64840851	18
6805	18th Street & Halsted	41.85816745	-87.64677423	18
6806	18th Street & Peoria	41.85809101	-87.64857935	18
6807	18th Street & Sangamon	41.85811788	-87.64975546	18
6809	18th Street & Carpenter	41.85805634	-87.65294353	18
6812	18th Street & Throop	41.85801274	-87.65862493	18
6813	18th Street & Blue Island	41.85795336	-87.66090623	18
6814	18th Street & Laflin	41.85792823	-87.66354347	18
6815	18th Street & Ashland	41.85787637	-87.66596489	18
6817	18th Street & Wood	41.85779439	-87.67093664	18
6819	18th Street & Damen	41.85772741	-87.67587451	18
6820	18th Street & Hoyne	41.85770029	-87.67833582	18
6821	18th Street & Leavitt	41.85766927	-87.68080691	18
6822	18th Street & Oakley	41.85761092	-87.68332109	18
6823	18th Street & Western	41.85733706	-87.6856885	18
6828	16th Street & Albany	41.85921328	-87.70307659	18
6829	16th Street & Kedzie	41.85914291	-87.70533632	18
6830	16th Street & Spaulding	41.85915377	-87.70773296	18
6832	16th Street & St. Louis	41.85908814	-87.71260166	18
6833	16th Street & Central Park	41.85905594	-87.71506019	18
6834	16th Street & Lawndale	41.85901841	-87.7175402	18
6836	16th Street & Springfield	41.85896939	-87.72230502	18
6837	16th Street & Pulaski	41.85893337	-87.7248163	18
6838	16th Street & Karlov	41.85891236	-87.72731091	18
6840	16th Street & Kildare	41.8588352	-87.73217586	18
6841	16th Street & Kostner	41.8588174	-87.73461403	18
6842	16th Street & Kilbourn	41.85881639	-87.73711303	18
6843	16th Street & 46th Court	41.85871962	-87.74058401	18
6846	Cermak & Archer	41.85294864	-87.63427925	21
6851	Cermak & Union	41.85274755	-87.6446078	21
6855	Cermak & Morgan	41.85265302	-87.65167132	21
6858	Cermak & Racine	41.85257766	-87.65611014	21
6859	Cermak & Throop	41.85251394	-87.65859733	21
6861	Cermak & Laflin	41.85245918	-87.66350675	21, 60
6862	Cermak & Ashland	41.8524373	-87.66576962	21
6863	Cermak & Paulina	41.852366	-87.66836777	21
6865	Cermak & Wolcott	41.85227275	-87.67315419	21
6867	Cermak & Hoyne	41.85222236	-87.67808552	21
6869	Cermak & Oakley	41.85214271	-87.68312623	21
6872	Cermak & Rockwell	41.85206017	-87.69037882	21
6877	Cermak & Albany	41.85187708	-87.70263707	21
6879	Cermak & Spaulding	41.85180882	-87.70757513	21
6880	Cermak & Homan	41.8517835	-87.7102626	21
6881	Cermak & St. Louis	41.85182996	-87.71223167	21
6883	Cermak & Lawndale	41.85172728	-87.71728105	21
6884	Cermak & Hamlin	41.85168976	-87.7197692	21
6885	Cermak & Karlov	41.85163449	-87.72707868	21
6887	Cermak & Kildare	41.8516165	-87.73112063	21
6888	Cermak & Kostner	41.85158772	-87.73431896	21
6889	Cermak & Kilbourn	41.85155481	-87.7367619	21
6890	79th Street & Vincennes	41.75073263	-87.63370845	24
6893	Cermak & 47th Avenue	41.85145007	-87.74162062	21
6895	Cermak & 49th Avenue	41.85134599	-87.74650299	21, 60, 54B
6896	Cermak & 50th Avenue	41.85132488	-87.74895667	21, 60, 54B
6897	Cermak & Laramie	41.8512369	-87.75383751	21, 60, 54B
6900	Cermak & 54th Avenue	41.85096477	-87.75921076	21
6901	Cermak & Laramie (Pink Line)	41.85102933	-87.75434062	21, 60, 54B
6902	Cermak & 50th Avenue	41.85104176	-87.74952195	21, 60, 54B
6903	Cermak & 49th Avenue (Pink Line)	41.85116277	-87.74695139	21, 60, 54B
6906	4632 W Cermak	41.85122944	-87.74026992	21
6908	Cermak & Kilbourn	41.85119414	-87.73704349	21
6909	Cermak & Kostner	41.85126198	-87.73472468	21
6910	Cermak & Kolin	41.85128872	-87.73244353	21
6911	Cermak & Keeler	41.8513352	-87.72974939	21
6912	Cermak & Karlov	41.85135803	-87.72718352	21
6913	Cermak & Ogden	41.8516566	-87.72219148	21
6914	Cermak & Hamlin	41.85153824	-87.71996885	21
6915	Cermak & Lawndale	41.85157145	-87.71750113	21
6917	Cermak & St. Louis	41.85165182	-87.71237278	21
6918	Cermak & Homan	41.85164421	-87.71025165	21
6919	Cermak & Spaulding	41.85166031	-87.70785343	21
6921	Cermak & Albany	41.8518088	-87.70288267	21
6924	Cermak & Marshall Boulevard	41.85179291	-87.69876901	21
6925	Cermak & California	41.85183722	-87.69561104	21
6930	Cermak & Oakley	41.85200885	-87.68328576	21
6932	Cermak & Hoyne	41.85208385	-87.67838076	21
6934	Cermak & Wolcott	41.85215885	-87.67350876	21
6936	Cermak & Paulina	41.85223385	-87.66859476	21
6937	Cermak & Ashland/Blue Island	41.85225199	-87.66648982	21
6938	Cermak & Laflin	41.85231434	-87.6637929	21, 60
6941	Cermak & Racine	41.85240626	-87.65646131	21
6944	Cermak & Morgan	41.85250985	-87.65149675	21
6947	Cermak & Halsted	41.85257616	-87.64667482	21
6948	Cermak & Union	41.85260487	-87.64485589	21
6950	Cermak & Lumber	41.85265185	-87.64201975	21
6952	Cermak & Canal	41.85272685	-87.63868706	21
6953	Cermak & Archer	41.85281741	-87.63531831	21
6957	Cermak & 58th Avenue	41.851033	-87.76866127	21
6958	Cermak & Austin	41.85092389	-87.77354963	21
6959	Cermak & Lombard	41.85086384	-87.77833079	21
6960	Cermak & Ridgeland	41.85084301	-87.78383989	21
6962	Cermak & Riverside Drive	41.85064084	-87.79063479	21
6964	Cermak & Home	41.85056584	-87.7981618	21
6965	Cermak & Wisconsin	41.85056085	-87.80076622	21
6968	North Riverside Mall	41.84807629	-87.80931676	21
6970	7250 W Cermak	41.85022704	-87.80601789	21
6971	Cermak & Harlem	41.85026549	-87.80317628	21
6972	Cermak & Wisconsin	41.85028646	-87.80115114	21
6973	Cermak & Home	41.85039525	-87.79865669	21
6975	Cermak & Riverside Drive	41.85053184	-87.79083179	21
6976	Cermak & East	41.85052501	-87.78867306	21
6977	Cermak & Ridgeland	41.85062476	-87.78372173	21
6978	Cermak & Lombard	41.85066292	-87.77877764	21
6979	Cermak & Austin	41.8507778	-87.77392372	21
6980	Cermak & 58th Avenue	41.85084498	-87.76902098	21
6981	Cermak & Central	41.85088928	-87.76409265	21
6982	Torrence & 112th Street Terminal	41.69290899	-87.55974155	71
6983	11100 S Torrence	41.69407683	-87.55937671	71
6984	11000 S Torrence	41.69553483	-87.55939571	71
6985	Torrence & 109th Street	41.69781705	-87.55940137	71
6986	Torrence & 108th Street	41.69912263	-87.55943451	71
6987	Torrence & 107th Street	41.70098263	-87.55945651	71
6989	Torrence & 105th Street	41.70451018	-87.55952926	26, 71, 100
6990	Torrence & 104th Street	41.70621717	-87.55955085	26, 71, 100
6991	2701 E 104th Street	41.70634177	-87.55908269	71
6993	104th Street & Muskegon	41.70632985	-87.55523394	71
6994	Commercial & 103rd Street	41.70811032	-87.55305046	71
6995	Commercial & 102nd Street	41.70996892	-87.55219031	71
6996	Commercial & 101st Street	41.71181463	-87.55144646	71
6997	Commercial & 100th Street	41.71328717	-87.55087263	71
6998	Commercial & 99th Street	41.71534245	-87.55085897	71
6999	Commercial & 98th Street	41.71721551	-87.55089721	71
7000	Commercial & 97th Street	41.71905732	-87.55094695	71
7001	Commercial & 96th Street	41.72080687	-87.5509509	71
7002	Commercial & 95th Street	41.72267025	-87.55099276	71
7004	Commercial & 94th/Anthony	41.72426132	-87.55103589	71
7005	Commercial & 93rd Street/South Chicago	41.72642603	-87.55099545	71
7008	Commercial & 90th Street	41.73179173	-87.55122695	26, 71, 87, N5
7010	Commercial & 88th Street	41.73546915	-87.5513135	26, 71, 87, N5
7011	Commercial & 87th Street	41.73728617	-87.5513574	26, 71, N5
7012	Commercial & 86th Street	41.73912618	-87.55139078	26, 71, N5
7014	Commercial & 83rd Place	41.74338825	-87.55165639	26, 71, N5
7015	Exchange & 83rd Street	41.74453165	-87.55256649	26, 71, N5
7016	83rd Street & Commercial	41.74460966	-87.55151533	26, 71, N5
7017	83rd Street & Coles	41.74463656	-87.54913273	26, 71, N5
7018	S. Shore Drive & 83rd Street	41.74486175	-87.54784624	26, 71, N5
7019	S. Shore Drive & 82nd Street	41.74670505	-87.54789006	26, 71, N5
7020	S. Shore Drive & 81st Street	41.74838526	-87.5479019	26, 71, N5
7021	S. Shore Drive & 80th Street	41.7502771	-87.54796949	26, 71, N5
7022	S. Shore Drive & 79th Street	41.75224187	-87.54823814	6, 26, 71, N5
7023	S. Shore Drive & Cheltenham	41.75364026	-87.54974274	6, 26, 71, N5
7024	S. Shore Drive & 78th Street	41.75553407	-87.55177877	6, 26, 71, N5
7025	S. Shore Drive & 77th Street	41.75729657	-87.55367943	6, 26, 71, N5
7026	S. Shore Drive & 76th Street	41.75903283	-87.55554668	6, 26, 71, N5
7027	S. Shore Drive & 75th Street	41.76080014	-87.55731445	6, 26
7028	S. Shore Drive & 74th Street	41.76250472	-87.55899777	6, 26
7029	S. Shore Drive & 73rd Street	41.76422274	-87.56069347	6, 26
7030	S. Shore Drive & 72nd Street	41.76598121	-87.56243432	6, 26
7031	S. Shore Drive & Coles	41.76638002	-87.56487373	6, 26
7032	S. Shore Drive & 71st Street	41.76689477	-87.56635809	6, 26
7033	S. Shore Drive & 70th Street	41.76832219	-87.56643975	6, 26
7034	S. Shore Drive & 69th Street	41.77000821	-87.56643144	6, 26
7035	S. Shore Drive & 68th Street	41.77194525	-87.56653437	6, 26
7038	67th Street & Crandon	41.77358457	-87.56996557	6, 26, 67
7040	67th Street & Clyde	41.77353731	-87.57399769	6, 26, 67
7041	67th Street & Jeffery	41.7735364	-87.57630678	26
7042	67th Street & Jeffery	41.77339236	-87.57669883	6, 67, N5
7043	67th Street & Clyde	41.77343205	-87.57414813	6, 26, 67
7044	67th Street & Paxton	41.77344071	-87.5716975	6, 26, 67
7045	67th Street & Crandon	41.77349025	-87.57013742	6, 26, 67
7046	67th Street & Oglesby	41.77349134	-87.56849148	6, 26, 67
7047	67th Street & South Shore	41.77350423	-87.56696431	6, 26
7048	S. Shore Drive & 68th Street	41.77152013	-87.56667359	6, 26
7049	S. Shore Drive & 69th Street	41.76973242	-87.56662564	6, 26
7050	S. Shore Drive & 70th Street	41.76781209	-87.56658276	6, 26
7051	S. Shore Drive & 71st Street	41.76622599	-87.56603586	6, 26
7052	S. Shore Drive & Coles	41.76628119	-87.56418207	6, 26
7053	S. Shore Drive & 72nd Street	41.7656368	-87.56223666	6, 26
7054	S. Shore Drive & 73rd Street	41.76387439	-87.56049676	6, 26
7055	S. Shore Drive & 74th Street	41.76216299	-87.55880743	6, 26
7056	S. Shore Drive & 75th Street	41.76039089	-87.55705934	6, 26
7057	S. Shore Drive & 76th Street	41.75865613	-87.55529695	6, 26, 71, N5
7058	S. Shore Drive & 77th Street	41.7569033	-87.55340487	6, 26, 71, N5
7059	S. Shore Drive & 78th Street	41.75506764	-87.55142704	6, 26, 71, N5
7060	S. Shore Drive & Cheltenham	41.75326557	-87.54949063	6, 26, 71, N5
7062	S. Shore Drive & 80th Street	41.7500469	-87.54808398	26, 71, N5
7063	S. Shore Drive & 81st Street	41.74818766	-87.54804472	26, 71, N5
7064	S. Shore Drive & 82nd Street	41.74638774	-87.54800827	26, 71, N5
7065	S. Shore Drive & 83rd Street	41.74486596	-87.54797997	26, 71, N5
7066	83rd Street & Coles	41.74476071	-87.54904465	26, 71, N5
7067	83rd Street & Commercial	41.7447292	-87.55134698	26, 71, N5
7068	Commercial & 83rd Place	41.74352964	-87.55181747	26, 71, N5
7069	Commercial & 85th Street	41.74108089	-87.55158398	26, 71, N5
7070	Commercial & 86th Street	41.73931548	-87.55154303	26, 71, N5
7072	Commercial & 88th Street	41.7356574	-87.55147389	26, 71, N5
7073	Commercial & 89th Street	41.73382066	-87.55143754	26, 71, N5
7074	Commercial & 90th Street	41.73201947	-87.55138172	26, 71, N5
7077	Commercial & 93rd Street/South Chicago	41.72679505	-87.55119395	71
7078	Commercial & 94th/Anthony	41.72421835	-87.55122468	71
7080	Commercial & 95th Street	41.72288292	-87.55117198	71
7081	Commercial & 96th Street	41.72101688	-87.55114876	71
7082	Commercial & 97th Street	41.71919303	-87.55112846	71
7083	Commercial & 98th Street	41.71739897	-87.55110906	71
7084	Commercial & 99th Street	41.71553339	-87.55107394	71
7086	Commercial & 101st Street	41.71191116	-87.55159765	71
7088	Commercial & 103rd Street	41.70835783	-87.55307771	71
7089	Commercial & 104th Street	41.70649023	-87.55478269	71
7091	2700 E 104th Street	41.70648037	-87.55814878	71
7092	104th Street & Torrence	41.70646513	-87.55946348	71
7093	Torrence & 105th Street	41.70471508	-87.55972313	26, 71, 100
7094	Torrence & 106th Street	41.70285494	-87.55971243	71
7095	Torrence & 107th Street	41.70106765	-87.55968479	71
7096	Torrence & 108th Street	41.69920578	-87.55960319	71
7097	Torrence & 109th Street	41.69784639	-87.55965527	71
7098	11000 S Torrence	41.69560635	-87.55961084	71
7099	11100 S Torrence	41.69407779	-87.55960147	71
7100	Stony Island & 95th Street	41.72269083	-87.58501572	28, 95, N5
7101	Stony Island & 94th Street	41.72446227	-87.58485067	28, 95, N5
7102	Stony Island & 93rd Street	41.72587944	-87.5848265	28, 95, N5
7103	Stony Island & 92nd Street	41.72781171	-87.58489928	28
7104	Stony Island & 91st Street	41.72955744	-87.58489047	28
7105	Stony Island & 90th Street	41.7313492	-87.58504069	28
7106	Stony Island & 89th Street	41.73319289	-87.58504711	28
7107	Stony Island & 88th Street	41.73499233	-87.58503631	28
7108	Stony Island & 87th Street	41.73676373	-87.58511281	28
7109	Stony Island & 86th Street	41.73885917	-87.58522626	28
7110	Stony Island & 85th Street	41.74066917	-87.58527525	28
7111	Stony Island & 84th Street	41.74247117	-87.58530824	28
7112	Stony Island & 83rd Street	41.74414762	-87.58526103	28
7113	Stony Island & 82nd Street	41.74596062	-87.58530602	28
7114	Stony Island & 81st Street	41.74779905	-87.5854067	28
7115	Stony Island & Anthony	41.74869135	-87.58540729	28
7116	Stony Island & South Chicago/79th Street	41.75108639	-87.58550057	28
7117	Stony Island & South Chicago/79th Sreeet	41.75210997	-87.58545517	28
7118	Stony Island & 78th Street	41.75331283	-87.58552673	28
7119	Stony Island & 77th Street	41.75506788	-87.58556377	28
7120	Stony Island & 76th Street	41.75675435	-87.58559703	28
7121	Stony Island & 75th Street	41.7586103	-87.5856159	28
7122	Stony Island & 74th Street	41.76049084	-87.58567772	28
7124	Stony Island & 72nd Street	41.76411509	-87.58576175	28
7126	Stony Island & 70th Street	41.76774197	-87.5858683	28
7127	Stony Island & 69th Street	41.76956479	-87.58583019	28
7128	Stony Island & 68th Street	41.77091485	-87.58586469	28
7130	Stony Island & 56th Street	41.79324892	-87.58653804	15, 28
7131	Lake Park & 56th Street	41.79363089	-87.58774498	15, 28
7132	Lake Park & 55th Street	41.79504738	-87.58745792	15, 28
7133	Lake Park & 54th Street	41.79826523	-87.58713399	15, 28
7134	Lake Park & 53rd Street	41.79943837	-87.5871782	15, 28
7135	Lake Park & 52nd Street	41.80094191	-87.58736834	15, 28
7137	5000 S Lake Park	41.80445587	-87.58852133	2, 6, 28
7138	47th Street & Lake Park	41.80976839	-87.59288468	47
7140	1240 E 47th Street	41.80974461	-87.5951369	47
7141	47th Street & Woodlawn	41.80972762	-87.5967354	47
7142	47th Street & Greenwood	41.80970018	-87.59910854	47
7143	47th Street & Ellis	41.8096561	-87.60153843	47
7144	47th Street & Drexel	41.80962922	-87.60379128	47
7145	47th Street & Drexel	41.80963442	-87.60455	47
7146	47th Street & Cottage Grove	41.80961639	-87.60640345	47
7152	47th Street & King Drive	41.8094855	-87.61625595	47
7160	47th Street & King Drive	41.80930075	-87.6161735	47
7161	47th Street & Vincennes	41.80936383	-87.61394898	47
7168	47th Street & Drexel	41.80947836	-87.6037422	47
7170	47th Street & Greenwood	41.80954781	-87.59939218	47
7171	47th Street & Woodlawn	41.80956881	-87.59698518	47
7172	1240 E 47th Street	41.80959307	-87.5951381	47
7174	47th Street & Lake Park	41.80962002	-87.59249439	47
7175	5000 S Lake Park	41.80441784	-87.58869073	2, 6, 28
7176	Lake Park & 52nd Street	41.80113593	-87.58764517	15, 28
7178	Lake Park & 54th Street	41.79819098	-87.58737065	15, 28
7179	Lake Park & 55th Street	41.79533261	-87.58763557	15, 28
7180	Lake Park & 56th Street	41.79348071	-87.58804566	15, 28
7181	Stony Island & 56th Street	41.79308166	-87.58674501	15, 28
7182	Stony Island & 67th Street	41.77289106	-87.58640316	28
7184	Stony Island & 69th Street	41.76978261	-87.58633789	28
7185	Stony Island & 70th Street	41.7679994	-87.58648903	28
7186	Stony Island & 71st Street	41.76627733	-87.58643069	28
7187	Stony Island & 72nd Street	41.76438231	-87.5864135	28
7188	Stony Island & 73rd Street	41.76251318	-87.58634698	28
7189	Stony Island & 74th Street	41.76065197	-87.58627283	28
7190	Stony Island & 75th Street	41.75887726	-87.58625157	28
7191	Stony Island & 76th Street	41.75702384	-87.58612573	28
7192	Stony Island & 77th Street	41.75523624	-87.58607193	28
7193	Stony Island & 78th Street	41.75339907	-87.58601297	28
7194	Stony Island & South Chicago/79th Street	41.75214111	-87.5860855	28
7195	Stony Island & South Chicago/79th Street	41.75122103	-87.58601033	28
7196	Stony Island & Anthony	41.74902916	-87.58596482	28
7197	Stony Island & 81st Street	41.74790228	-87.58589272	28
7198	Stony Island & 82nd Street	41.74611128	-87.58585872	28
7199	Stony Island & 83rd Street	41.74429828	-87.58581372	28
7200	Stony Island & 84th Street	41.74263883	-87.58586172	28
7201	Stony Island & 85th Street	41.74083683	-87.58582772	28
7202	Stony Island & 86th Street	41.73902783	-87.58577872	28
7203	Stony Island & 87th Street	41.73708381	-87.58574279	28
7204	Stony Island & 88th Street	41.73522886	-87.5857241	28
7205	Stony Island & 89th Street	41.73352637	-87.5856822	28
7206	Stony Island & 90th Street	41.73151786	-87.5855941	28
7208	Stony Island & 92nd Street	41.72789483	-87.58552172	28
7210	Stony Island & 94th Street	41.7243073	-87.58541772	28, 95, N5
7211	Stony Island & 95th Street	41.72258683	-87.58530072	28, 95, N5
7212	Woodlawn & 103rd Street	41.70839325	-87.59399536	106
7213	Olive-Harvey College	41.70942381	-87.58921354	28, 106
7215	69th Street & Wabash	41.76911581	-87.62349443	30, 67, N5
7216	69th Street & Michigan	41.76915781	-87.62191142	30, 67, N5
7217	69th Street & Indiana	41.76917881	-87.62031142	30, 67, N5
7218	69th Street & Prairie	41.76920781	-87.61869442	30, 67, N5
7219	69th Street & Calumet	41.76923381	-87.61706841	30, 67, N5
7220	69th Street & King Drive	41.76928838	-87.61548827	30, 67, N5
7221	69th Street & Anthony	41.76936223	-87.61358591	30, 67, N5
7222	Keefe & South Chicago	41.7704783	-87.61225425	30, 67, N5
7224	South Chicago & 69th Place	41.76794266	-87.6086547	30
7225	South Chicago & 71st Street/Cottage Grove	41.76602417	-87.60597959	30
7226	South Chicago & 71st Street/Cottage Grove	41.76538076	-87.60507525	30
7230	South Chicago & 74th Street/Greenwood	41.76046729	-87.5982471	30
7231	South Chicago & 75th Street/Woodlawn	41.7588144	-87.59595467	30
7232	South Chicago & 76th Street	41.7570143	-87.59344113	30
7233	South Chicago & Dorchester	41.75556599	-87.59142841	30
7234	South Chicago & Dante	41.75471283	-87.59023497	30
7236	South Chicago & Harper	41.752862	-87.58767023	30
7237	South Chicago & 79th Street/Stony Island	41.75181014	-87.58621704	30
7238	South Chicago & 79th Street/Stony Island	41.75100037	-87.58508576	30
7239	South Chicago & East End	41.74991311	-87.5835635	30
7240	South Chicago & East End	41.74893274	-87.58226081	30
7241	South Chicago & Bennett	41.74615675	-87.57834209	30
7242	South Chicago & Jeffery	41.74447567	-87.5760098	30
7244	South Chicago & 86th Street/Crandon	41.73956512	-87.56918706	30
7245	South Chicago & Oglesby	41.73867393	-87.56786578	30
7246	South Chicago & 87th Street/Yates	41.73736049	-87.56612657	30
7247	South Chicago & Kingston	41.73508033	-87.56295193	30
7248	South Chicago & 89th Street	41.73324912	-87.56040472	30
7249	South Chicago & 91st Street	41.72995018	-87.55583662	30
7250	9177 S South Chicago (Cha Building)	41.72878161	-87.55421344	30
7251	92nd Street & Exchange	41.728169	-87.55268404	30
7254	Houston & 91st Street	41.73000853	-87.5497839	30
7256	91st Street & Brandon	41.73003963	-87.54699499	26, 30
7258	91st Street & Buffalo	41.73009799	-87.54445844	26, 30, 95
7260	Mackinaw & 92nd Street	41.72849509	-87.54298412	26, 30
7261	9320 S Ewing	41.72665243	-87.54005623	26, 30
7262	Ewing & 94th Street	41.72480586	-87.53819564	26, 30
7263	Ewing & 95th Street	41.72308032	-87.53676461	26, 30
7264	Ewing & 96th Street	41.72143745	-87.53544169	26, 30
7265	Ewing & 97th Street	41.71968683	-87.53544171	26, 30
7266	Ewing & 98th Street	41.71787683	-87.53541371	26, 30
7267	Ewing & 99th Street	41.71600683	-87.53542771	26, 30
7270	Ewing & 102nd Street	41.71023183	-87.53538971	26, 30
7271	Ewing & 103rd Street	41.70844683	-87.5353947	26, 30
7272	Ewing & 104th Street	41.70659583	-87.53538971	26, 30
7273	Ewing & 105th Street	41.70478783	-87.5354007	26, 30
7274	Ewing & 106th Street	41.70285339	-87.53538693	26, 30
7275	Ewing & 107th Street	41.70104953	-87.53532119	30
7276	Ewing & 108th Street	41.69929183	-87.5353857	30
7277	Ewing & 109th Street	41.69730298	-87.53539718	30
7278	Ewing & 110th Street	41.69557383	-87.5354297	30
7279	Ewing & 111th Street	41.69374683	-87.5354117	30
7280	Ewing & 112th Street	41.69199783	-87.5353767	30
7282	112th Street & Avenue M	41.69193388	-87.5375653	30
7284	Avenue O & 112th Street	41.69161844	-87.54020937	30
7285	Avenue O & 113th Street	41.69011971	-87.54021524	30
7286	Avenue O & 114th Street	41.68835513	-87.54023116	30
7287	Avenue O & 116th Street	41.68492878	-87.54027942	30
7288	11731 S Avenue O	41.68233149	-87.54024976	30
7291	118th Street & Lake Point Plaza (3600 E)	41.68193477	-87.53740821	30
7292	11919 S Avenue O	41.67894664	-87.54018857	30
7293	Avenue O & Ewing (12000 South)	41.67617687	-87.5401506	30
7294	12243 S Avenue O	41.67271651	-87.54017102	30
7295	Avenue O & Veteran's Drive (12400 S)	41.66790119	-87.53910051	30
7296	12800 S Avenue O	41.66425254	-87.53979548	30
7297	Avenue O & 130th Street	41.65945092	-87.5400114	30
7298	Avenue O & 131st Street	41.65765292	-87.54001139	30
7299	Avenue O & 132nd Street	41.65558092	-87.54000038	30
7300	Avenue O & 133rd Street	41.65371268	-87.53997822	30
7310	Baltimore & 134th Street	41.65180239	-87.5470275	30
7312	132nd Street & Baltimore	41.65557329	-87.54741243	30
7313	132nd Street & Carondolet	41.65557099	-87.54941539	30
7314	132nd Street & Exchange	41.65555384	-87.55179294	30
7315	Exchange & 131st Street	41.65732893	-87.55188557	30
7316	Exchange & 130th Street	41.65902457	-87.55193166	30
7317	130th Street & Carondolet	41.65910571	-87.54967351	30
7318	130th Street & Baltimore	41.65909871	-87.54728252	30
7320	Baltimore & 132nd Street	41.65560011	-87.54721149	30
7322	Baltimore & 134th Street	41.65207082	-87.5472367	30
7323	Baltimore & Brainard	41.64968802	-87.54726862	30
7331	Avenue O & 133rd Street	41.65360287	-87.5397182	30
7332	Avenue O & 132nd Street	41.65557534	-87.53981256	30
7333	Avenue O & 131st Street	41.6572317	-87.53982463	30
7335	12800 S Avenue O	41.66426422	-87.53946578	30
7336	Avenue O & Veteran's Drive (12400 S)	41.66815479	-87.53873675	30
7337	12243 S Avenue O	41.67256887	-87.53985022	30
7338	Avenue O & Ewing (12000 South)	41.67588654	-87.53989431	30
7339	11919 S Avenue O	41.67892682	-87.5397807	30
7340	11731 S Avenue O	41.68232305	-87.53993903	30
7341	Avenue O & 116th Street	41.68471723	-87.54000236	30
7342	Avenue O & 114th Street	41.68814345	-87.54003279	30
7343	Avenue O & 113th Street	41.68998191	-87.5399995	30
7344	Avenue O & 112th Street	41.69178791	-87.5400035	30
7346	112th Street & Avenue M	41.69177971	-87.53781043	30
7348	Ewing & 112th Street	41.69212973	-87.53518372	30
7349	Ewing & 111th Street	41.69361702	-87.53515209	30
7350	Ewing & 110th Street	41.69537004	-87.53517	30
7351	Ewing & 109th Street	41.6973744	-87.53516498	30
7352	Ewing & 108th Street	41.69904153	-87.5351964	30
7353	Ewing & 107th Street	41.70088353	-87.53517619	30
7355	Ewing & 105th Street	41.7045114	-87.53519126	26, 30
7356	Ewing & 104th Street	41.7063184	-87.53518026	26, 30
7357	Ewing & 103rd Street	41.7081694	-87.53518626	26, 30
7358	Ewing & 102nd Street	41.70999116	-87.53514689	26, 30
7359	Ewing & 101st Street	41.71191316	-87.53515288	26, 30
7361	Ewing & 99th Street	41.71577815	-87.53513536	26, 30
7363	Ewing & 97th Street	41.71945915	-87.53515035	26, 30
7364	Ewing & 96th Street	41.72127559	-87.53519103	26, 30
7365	Ewing & 95th Street	41.72277359	-87.5362482	26, 30
7366	Ewing & 94th Street	41.72484329	-87.53797562	26, 30
7367	9320 S Ewing	41.72673119	-87.5398765	26, 30
7370	91st Street & Buffalo	41.73023536	-87.54417784	26, 30
7372	91st Street & Brandon	41.73018889	-87.54685509	26, 30, 87
7374	Houston & 91st Street	41.72992188	-87.54995498	30
7376	92nd Street & Commercial	41.72831904	-87.55105879	30, 95
7377	92nd Street & Exchange	41.7283048	-87.55248733	30
7378	9177 S South Chicago (CHA Building)	41.72875783	-87.55378471	30
7379	South Chicago & Marquette Avenue	41.73078123	-87.55656776	30
7380	South Chicago & Colfax	41.73294838	-87.55959677	30
7381	South Chicago & Kingston	41.73513583	-87.56258072	30
7382	South Chicago & 87th Street	41.73708068	-87.56533286	30
7383	South Chicago & Oglesby	41.73864366	-87.56750192	30
7384	South Chicago & Crandon	41.73951011	-87.5686856	30
7385	South Chicago & 85th Street	41.74161165	-87.57162886	30
7386	South Chicago & 83rd Street	41.74420238	-87.57522778	30
7387	South Chicago & Jeffery	41.74490371	-87.57620904	30
7388	South Chicago & Bennett	41.74636192	-87.57823562	30
7389	South Chicago & Ridgeland	41.74868819	-87.58146429	30
7390	South Chicago & East End	41.74989495	-87.58314769	30
7391	South Chicago & 79th Street/Stony Island	41.75136638	-87.58519699	30
7392	South Chicago & 79th Street/Stony Island	41.75221255	-87.5863674	30
7396	South Chicago & Dorchester	41.7555925	-87.5910522	30
7397	South Chicago & 76th Street	41.75679181	-87.59273262	30
7398	South Chicago & 75th Street/Woodlawn	41.75910781	-87.59592368	30
7399	South Chicago & 74th Street	41.76040044	-87.59774939	30
7400	South Chicago & 73rd Street/Ellis	41.76215207	-87.60017984	30
7401	South Chicago & Ingleside	41.76354283	-87.60212616	30
7403	South Chicago & 71st Street/Cottage Grove	41.7657347	-87.60516561	30
7404	South Chicago & 71st Street/Cottage Grove	41.76636566	-87.60606652	30
7405	South Chicago & 69th Place	41.76803646	-87.60839252	30
7406	South Chicago & 69th Street	41.7693395	-87.61023092	30
7408	69th Street & Anthony	41.76942133	-87.61374894	30, 67, N5
7409	69th Street & King Drive	41.76940749	-87.61523438	30, 67, N5
7410	69th Street & Calumet	41.76938864	-87.61674419	30, 67, N5
7411	69th Street & Prairie	41.76937464	-87.6183762	30, 67, N5
7412	69th Street & Indiana	41.76929279	-87.62009266	30, 67, N5
7413	69th Street & Michigan	41.76929079	-87.62159267	30, 67, N5
7414	69th Street & Wabash	41.76925387	-87.623294	30, 67, N5
7415	35th Street & Western Avenue	41.83033384	-87.68533076	35
7416	35th Street & Artesian	41.83031484	-87.68631076	35
7417	35th Street & Maplewood	41.8302665	-87.68870414	35
7418	35th Street & Rockwell	41.83025491	-87.68991067	35
7419	35th Street & Washtenaw	41.83019184	-87.69241476	35
7425	31st Street & Spaulding	41.83727908	-87.70709298	35
7426	31st Street & Homan	41.83721614	-87.70961364	35
7428	31st Street & Central Park	41.83713651	-87.71447237	35
7430	31st Street & Hamlin	41.8370265	-87.71937237	35, 82
7431	31st Street & Springfield	41.83698649	-87.72178236	35, 82
7441	31st Street & Kildare	41.83675304	-87.73169259	35
7442	31st Street & Keeler	41.83674924	-87.72933397	35
7443	31st Street & Karlov	41.83678925	-87.72688397	35
7445	31st Street & Pulaski	41.8368167	-87.72459236	35, 82
7446	31st Street & Springfield	41.83683905	-87.72195485	35, 82
7447	31st Street & Hamlin	41.83688905	-87.71954486	35, 82
7451	31st Street & Homan	41.83707361	-87.70983188	35
7452	31st Street & Spaulding	41.83710297	-87.70731447	35
7458	35th Street & Washtenaw	41.83008384	-87.69249376	35
7459	35th Street & Rockwell	41.83013084	-87.69004676	35
7460	35th Street & Maplewood	41.83015484	-87.68883176	35
7461	35th Street & Artesian	41.83021484	-87.68641176	35
7462	35th Street & Western Avenue	41.83023884	-87.68521676	35
7464	35th Street & Oakley	41.83026184	-87.68274376	35
7465	35th Street & Leavitt	41.83028366	-87.68030105	35
7469	31st Street & Throop	41.83782546	-87.65858503	31
7470	31st Street & Racine	41.83785568	-87.65608053	31
7472	31st Street & Aberdeen	41.83790802	-87.65364756	31
7473	31st Street & Morgan	41.8379213	-87.65118161	31
7474	31st Street & Lituanica	41.8379783	-87.64877188	31
7475	31st Street & Halsted	41.83799497	-87.64643438	31
7477	31st Street & Wallace	41.83805756	-87.64155943	31
7489	31st Street & Giles	41.83830785	-87.61952574	31
7491	26th Street & King Drive	41.84579223	-87.61787525	21
7493	26th Street & Prairie	41.84575524	-87.62037946	21
7494	26th Street & Indiana	41.8457244	-87.62213824	21
7503	31st Street & King Drive	41.83848412	-87.61773079	31
7504	31st Street & Giles	41.83850244	-87.6195885	31
7515	31st Street & Canal	41.83823204	-87.63767217	31
7519	31st Street & Halsted	41.83810994	-87.64612981	31
7521	31st Street & Throop	41.83808951	-87.64864305	31
7524	31st Street & Loomis	41.83803638	-87.65434817	31
7525	31st Street & Racine	41.83800548	-87.65564928	31
7529	Michigan & 96th Street	41.72006167	-87.62064496	3, 34, 103, 106, 119
7530	Michigan & 97th Street	41.71824945	-87.62060484	3, 34, 103, 106, 119
7531	Michigan & 98th Street	41.71645683	-87.62055173	3, 34, 103, 106, 119, X4
7532	Michigan & 99th Street	41.71495079	-87.62056685	34, 103, 106, 119
7534	Michigan & 101st Street	41.71093537	-87.61998592	34, 103, 106, 119
7535	Michigan & 102nd Street	41.70916335	-87.61998801	34, 103, 106, 119
7536	Michigan & 103rd Street	41.70732057	-87.62029048	34, 103, 119
7537	Michigan & 104th Street	41.70547745	-87.62056749	34, 119
7538	Michigan & 105th Street	41.70361715	-87.62072932	34, 119
7539	10600 S Michigan	41.70170152	-87.62086594	34, 119
7541	Michigan & 108th Street	41.69817763	-87.62095795	34, 119
7542	Michigan & 109th Street	41.69634563	-87.62089595	34, 119
7543	Michigan & 110th Street	41.69451242	-87.62086954	34, 119
7545	Michigan & 112th Street	41.69086999	-87.62110866	34, 119
7546	Michigan & 113th Street	41.68907862	-87.62109026	34, 119
7547	Michigan & 114th Street	41.68715458	-87.62103121	34, 119
7549	Michigan & Kensington	41.68403236	-87.62078178	34, 119
7550	Michigan & 116th Street	41.68266702	-87.62074451	34, 119
7551	Michigan & 117th Street	41.68174325	-87.62071119	34, 119
7552	Michigan & 118th Street	41.6800026	-87.62067001	34, 119
7553	Michigan & 119th Street	41.67818131	-87.62059243	34, 119
7554	Michigan & 120th Street	41.67634925	-87.62054137	34
7555	Michigan & 121st Street	41.67450452	-87.62046769	34
7556	Michigan & 122nd Street	41.67266934	-87.62043281	34
7557	Michigan & 123rd Street	41.67086982	-87.62037173	34
7558	Michigan & 124th Street	41.66903756	-87.62029103	34
7559	Michigan & 124th Place	41.66780561	-87.62025645	34
7560	Michigan & 125th Place	41.66645764	-87.62015708	34
7561	Michigan & 126th Street	41.66451682	-87.62008373	34
7562	130th Street & Indiana	41.65903539	-87.61751032	34
7563	130th Street & Daniel Drive	41.65902708	-87.6152057	34
7576	Ellis & 131st Street	41.65708106	-87.59834564	34
7577	Ellis & 132nd Place	41.65504127	-87.59687742	34
7578	Ellis & 133rd Street	41.65389278	-87.59688223	34
7579	948 E 133rd Place	41.65381633	-87.59977276	34
7580	133rd Place & Corliss	41.65328806	-87.60185228	34
7581	133rd Place & Langley	41.65267378	-87.60446327	34
7582	Langley & 133rd Street	41.65417789	-87.60496657	34
7583	Langley & 132nd Street	41.65572571	-87.60507494	34
7584	Langley & 131st Street	41.65724193	-87.60507923	34
7585	131st Street & St. Lawrence	41.6573763	-87.60745098	34
7586	131st Street & Rhodes	41.65750682	-87.60960672	34
7587	Eberhart & 130th Street	41.65900797	-87.61051244	34
7588	130th Street & Daniel Drive	41.65921501	-87.6149246	34
7589	130th Street & Indiana	41.6591963	-87.61725087	34
7590	127th Street & Michigan	41.66355227	-87.61978999	34
7591	Michigan & 126th Street	41.66443382	-87.61993873	34
7592	Michigan & 125th Place	41.66625354	-87.62001366	34
7593	Michigan & 124th Place	41.66762917	-87.62007169	34
7594	Michigan & 124th Street	41.66885171	-87.62012946	34
7595	Michigan & 123rd Street	41.67070482	-87.62022673	34
7596	Michigan & 122nd Street	41.67247682	-87.62026873	34
7597	Michigan & 121st Street	41.6743599	-87.62028952	34
7598	Michigan & 120th Street	41.67613388	-87.62037064	34
7599	Michigan & 119th Street	41.67823531	-87.62044669	34, 119
7600	Michigan & 118th Street	41.67980787	-87.62049614	34, 119
7601	Michigan & 117th Street	41.68146997	-87.62055453	34, 119
7602	Michigan & 116th Street	41.68246829	-87.62056935	34, 119
7603	Michigan & Kensington	41.68386063	-87.62062453	34, 119
7604	Michigan & 115th Street	41.68520907	-87.62072823	34, 119
7605	Michigan & 114th Street	41.68713282	-87.62081973	34, 119
7609	Michigan & 110th Street	41.69468229	-87.62070169	34, 119
7611	Michigan & 108th Street	41.69801751	-87.62080109	34, 119
7612	Michigan & 107th Street	41.6998112	-87.62085793	34, 119
7613	10600 S Michigan	41.70168326	-87.62066201	34, 119
7614	Michigan & 105th Street	41.70337697	-87.62055223	34, 119
7615	Michigan & 104th Street	41.70528047	-87.62044149	34, 119
7616	Michigan & 103rd Street	41.70749621	-87.62008182	34, 103, 119
7617	Michigan & 102nd Street	41.70898957	-87.61986268	34, 103, 106, 119
7618	Michigan & 101st Street	41.71074462	-87.61981554	34, 103, 106, 119
7619	Michigan & 100th Street	41.71259149	-87.62001669	34, 103, 106, 119
7620	Michigan & 99th Street	41.71449734	-87.6202654	34, 103, 106, 119
7621	Michigan & 98th Street	41.7162914	-87.62033868	34, 103, 106, 119
7622	Michigan & 97th Street	41.71809783	-87.62041473	34, 103, 106, 119
7623	Michigan & 96th Street	41.71989583	-87.62045173	34, 103, 106, 119
7627	33rd Place & Cottage Grove	41.83364753	-87.61168059	35
7628	Cottage Grove & Woodland Park (3423 S)	41.83232185	-87.61111174	35
7629	35th Street & Cottage Grove	41.83132956	-87.61183025	4, 35, X4
7631	35th Street & Giles	41.83115549	-87.61924829	4, 35
7635	35th Street & State (Green Line)	41.83119116	-87.6259419	35
7636	35th Street & Federal	41.83104373	-87.62886471	31, 35
7638	Sox-35th Red Line Station	41.8310375	-87.63055393	35, 39
7640	35th Street & Shields	41.83096398	-87.63492697	35
7641	35th Street & Normal	41.8309061	-87.63864109	35
7642	35th Street & Wallace	41.83089155	-87.64112363	35
7643	35th Street & Union	41.83086424	-87.64357011	35
7645	35th Street & Lituanica	41.83078569	-87.64841952	35
7646	35th Street & Morgan	41.8307627	-87.65082827	35
7647	35th Street & Aberdeen	41.83071696	-87.65329451	35
7648	35th Street & Racine	41.83068786	-87.65561379	35
7649	35th Street & Iron	41.83064482	-87.65921232	35
7650	1349 W 35th Street	41.83063219	-87.66066528	35
7652	35th Street & Ashland	41.83057615	-87.66537234	35
7653	35th Street & Paulina	41.83055623	-87.6677644	35
7656	35th Street & Wolcott	41.83047484	-87.67269276	35
7657	35th Street & Damen	41.83045184	-87.67512076	35
7658	35th Street & Archer	41.83043284	-87.67727576	35
7659	Harlem & 56th Street	41.79009983	-87.80128879	62H
7660	Harlem & Archer	41.79171999	-87.80134923	62H
7661	35th Street & Damen	41.83034584	-87.67544276	35
7662	35th Street & Wolcott	41.83037584	-87.67297876	35
7663	35th Street & Wood	41.83040784	-87.67050576	35
7665	35th Street & Paulina	41.83042984	-87.66805976	35
7668	1349 W 35th Street	41.83051496	-87.6606704	35
7669	35th Street & Iron	41.83052703	-87.65943591	35
7671	35th Street & Aberdeen	41.83059384	-87.65344975	35
7673	35th Street & Lituanica	41.83066725	-87.64788127	35
7674	35th Street & Halsted	41.83065385	-87.64622175	35
7675	35th Street & Union	41.83070664	-87.64377515	35
7677	35th Street & Normal	41.83076334	-87.63887978	35
7678	35th Street & Shields	41.83084957	-87.63484735	35
7680	Sox-35th Red Line Station	41.83085403	-87.63068697	31, 35
7681	35th Street & Federal	41.83089488	-87.62909306	31, 35
7684	35th Street & Michigan	41.83098239	-87.62343557	35
7686	35th Street & Giles	41.8310257	-87.6195256	4, 35
7687	35th Street & King Drive	41.83103024	-87.61763027	4, 35
7688	Rhodes & 35th Street	41.83225933	-87.6133143	35
7689	Rhodes & 33rd Place	41.83354457	-87.61333287	35
7693	Harlem & Archer	41.79158267	-87.80168701	62H
7694	Harlem & 56th Street	41.79070939	-87.80164563	62H
7695	Harlem & 57th Street	41.78842558	-87.80154442	62H
7696	Harlem & 58th Street	41.78660565	-87.80150536	62H
7697	Harlem & 59th Street	41.78473597	-87.80142535	62H
7698	Harlem & 60th Street	41.78281197	-87.80134934	62H
7701	Harlem & 63rd Street	41.77748125	-87.80107586	62H
7703	Harlem & 62nd Street	41.77902983	-87.80083279	62H
7704	Harlem & 61st Street	41.78086383	-87.80092079	62H
7705	Western Blvd & Archer	41.82567892	-87.68441077	39
7706	Pershing & Western Boulevard	41.82291572	-87.68391738	39
7708	Pershing & Leavitt	41.82297242	-87.68016454	39
7711	Pershing & Wolcott	41.82308073	-87.67278105	39
7712	Pershing & Paulina	41.82310753	-87.66778991	39
7714	1501 W Pershing	41.82307419	-87.66313587	39
7715	Pershing & Loomis	41.82312807	-87.66068842	39
7722	Pershing & Normal	41.82349048	-87.63872518	39
7723	Pershing & Canal	41.82349284	-87.63747675	39
7724	Pershing & Princeton	41.82355169	-87.63388897	39
7725	Pershing & Wentworth	41.82354295	-87.63153198	39
7726	Pershing & LaSalle	41.82356883	-87.62974381	39
7727	Pershing & Federal	41.82362342	-87.62841483	39
7729	Pershing & Wabash	41.82367095	-87.62499002	39
7730	Pershing & Michigan	41.82367575	-87.62337119	39
7731	Pershing & Indiana	41.82371348	-87.6213625	39
7732	Pershing & Giles	41.82376248	-87.61926131	39
7733	Pershing & King Drive	41.82376248	-87.61735597	39
7736	Pershing & Vincennes	41.82381187	-87.61279343	39
7737	Pershing & Langley	41.8238539	-87.61004235	39
7738	Pershing & Cottage Grove	41.82382303	-87.60707651	39
7741	40th Street & Ellis	41.82194482	-87.60367269	39
7743	Lake Park & 40th Street	41.8226224	-87.60232045	39
7744	Lake Park & Oakwood	41.82421787	-87.60334858	39
7746	Pershing & Cottage Grove	41.82405805	-87.60678142	39
7747	Pershing & Langley	41.82399859	-87.60975216	39
7750	Pershing & King Drive	41.82392104	-87.61664244	39
7751	Pershing & King Drive	41.8239038	-87.61747156	39
7752	Pershing & Giles	41.82388187	-87.61907465	39
7753	Pershing & Indiana	41.82384855	-87.6218652	39
7754	Pershing & Michigan	41.82383524	-87.6229744	39
7755	Pershing & Wabash	41.823817	-87.62469701	39
7757	Pershing & Federal	41.82377022	-87.62888009	39
7759	Pershing & Wentworth	41.82375395	-87.63160499	39
7760	Pershing & Princeton	41.82369099	-87.63399908	39
7761	Pershing & Canal	41.82364369	-87.63742009	39
7762	Pershing & Normal	41.82363749	-87.63852037	39
7763	Pershing & Wallace	41.82359942	-87.64090834	39
7768	1111 W Pershing	41.82347139	-87.65350464	39
7769	Pershing & Loomis	41.82331715	-87.660254	39
7770	1501 W Pershing	41.82326476	-87.66313388	39
7771	Pershing & Ashland	41.823272	-87.66521411	39
7772	Pershing & Paulina	41.82323703	-87.66753786	39
7773	Pershing & Wolcott	41.82324551	-87.67242915	39
7776	Pershing & Leavitt	41.82313947	-87.68004652	39
7778	Pershing & Western Boulevard	41.82309255	-87.68407377	39
7779	Western Blvd & Archer	41.8261503	-87.68427326	39
7780	38th Street & Homan	41.82439018	-87.7095497	39
7783	St. Louis & Pershing	41.82254984	-87.71183477	39
7784	Pershing & Homan	41.82247909	-87.70923463	39
7785	Pershing & Spaulding	41.82251172	-87.70688858	39
7786	36th Street & Albany	41.82806584	-87.70221677	35
7787	36th Street & Sacramento	41.82811484	-87.69976476	35
7788	36th Street & Francisco	41.82816284	-87.69731376	35
7789	36th Street & California	41.82821084	-87.69486276	35
7790	Pershing & Washtenaw	41.82288559	-87.69204133	39
7791	Pershing & California	41.82286566	-87.69445773	39
7792	Pershing & Francisco	41.82279975	-87.6969735	39
7793	Pershing & Sacramento	41.82275247	-87.69943706	39
7794	Pershing & Albany	41.82270308	-87.70184284	39
7795	Pershing & Kedzie	41.82265425	-87.70423757	39
7796	Pershing & Spaulding	41.82260526	-87.70676644	39
7797	Pershing & Homan	41.82258378	-87.70922784	39
7798	Pershing & Kedzie	41.82252943	-87.70464479	39
7799	Pershing & Albany	41.82257827	-87.70219332	39
7800	Pershing & Sacramento	41.82264245	-87.69970256	39
7801	Pershing & Francisco	41.82268761	-87.6972149	39
7802	Pershing & California	41.82271735	-87.69478536	39
7804	Archer & Pershing/Rockwell	41.82308518	-87.68944463	39, 62
7808	36th Street & Kedzie Terminal	41.82844391	-87.70501726	35
7809	36th Street & Kedzie	41.82803326	-87.70431579	35
7811	Harlem & 59th Street	41.78476105	-87.80106491	62H
7812	Harlem & 58th Street	41.78643883	-87.80118379	62H
7813	Harlem & 57th Street	41.78825983	-87.80123679	62H
7855	3501 N Kimball	41.94469848	-87.71276077	82
7857	Kimball & Avondale/Henderson	41.94240263	-87.71265678	82
7858	Belmont & Kimball (Blue Line)	41.93921726	-87.71218857	77
7859	Belmont & Spaulding	41.9392513	-87.71005936	77
7860	Belmont & Kedzie	41.93927286	-87.70778478	77
7861	Belmont & Albany	41.93929186	-87.70530078	77
7863	Belmont & Francisco	41.93930184	-87.70042064	77
7865	Belmont & California	41.93933686	-87.69758278	77, 94
7866	Belmont & Washtenaw	41.9393938	-87.69542819	77, 94
7868	Belmont & Campbell	41.93942181	-87.69073919	77
7937	Belmont & Western/Clybourn	41.93955533	-87.68849068	77
7938	Belmont & Campbell	41.93953376	-87.69045055	77
7940	Belmont & Washtenaw	41.93950018	-87.69506918	77
7941	Belmont & California	41.93950018	-87.69767219	77
7942	Belmont & Francisco	41.93945892	-87.700099	77
7945	Belmont & Kedzie	41.93940266	-87.70755021	77
7947	Belmont & Kimball (Blue Line)	41.93904851	-87.71220153	77
7948	Kimball & Avondale/Henderson	41.9422274	-87.71246107	82
7950	3501 N Kimball	41.94471446	-87.71258481	82
7951	Kimball & Addison	41.94647003	-87.71262498	82
7989	Oakenwald & 43rd Street	41.81698385	-87.59748273	43
7991	42nd Place & Lake Park	41.81807689	-87.59952563	43
7996	43rd Street & Drexel	41.81690682	-87.60459223	43
7997	43rd Street & Cottage Grove	41.81688957	-87.60658045	43
7998	43rd Street & Langley	41.81684795	-87.60906158	43
8000	43rd Street & St. Lawrence	41.81679737	-87.6115442	43
8001	43rd Street & Vincennes	41.8167507	-87.61399012	43
8002	43rd Street & King Drive	41.8167137	-87.61638577	43
8003	43rd Street & King Drive	41.81670168	-87.61717507	43
8004	43rd Green Line Station	41.81667312	-87.61898439	43
8010	43rd Street & LaSalle	41.81652289	-87.62956488	43
8011	43rd Street & Wentworth	41.81649559	-87.63139017	43
8012	43rd Street & Princeton	41.81644832	-87.63345316	43
8013	Princeton & 42nd Place	41.81722657	-87.63348313	43
8014	Root & Princeton	41.81914482	-87.63370045	43
8016	Root & Normal	41.81907265	-87.63833133	43
8017	Root & Wallace	41.8190582	-87.64079219	43
8040	Root & Wallace	41.81891984	-87.64102775	43
8041	Root & Normal	41.81895284	-87.63856875	43
8043	Root & Princeton	41.81900384	-87.63365075	43
8044	Princeton & 42nd Place	41.81714317	-87.63364975	43
8045	43rd Street & Princeton	41.81634054	-87.63329414	43
8049	43rd Street & State	41.81643055	-87.62596749	43
8054	43rd Street & King Drive	41.81657985	-87.61719915	43
8055	43rd Street & King Drive	41.81656061	-87.61635868	43
8056	43rd Street & Vincennes	41.81663126	-87.61418126	43
8057	43rd Street & St. Lawrence	41.81668133	-87.61174129	43
8059	43rd Street & Langley	41.81671833	-87.60930229	43
8060	43rd Street & Cottage Grove	41.81675091	-87.60684633	43
8062	43rd Street & Drexel	41.81678408	-87.60386491	43
8070	47th Street & Federal	41.80927549	-87.62809594	47
8073	47th Street & Wells	41.80919928	-87.63301327	47
8074	47th Street & Normal	41.80908972	-87.63805186	47
8075	47th Street & Wallace	41.80903265	-87.64048059	47
8076	47th Street & Union	41.80897397	-87.64299839	47
8079	47th Street & Throop	41.80876744	-87.65764319	47
8080	47th Street & Loomis	41.80873335	-87.66010354	47
8081	47th Street & Laflin	41.80870562	-87.66239691	47
8084	47th Street & Wood	41.80862363	-87.66969316	47
8085	47th Street & Wolcott	41.80858815	-87.67206304	47
8089	47th Street & Oakley	41.80850863	-87.68186267	47, 48
8090	47th Street & Western Boulevard	41.80848113	-87.68363044	47
8091	47th Street & Western Avenue	41.80850123	-87.68469235	47, 94
8092	47th Street & Campbell	41.80845636	-87.68689377	47, 94
8093	47th Street & Rockwell	41.80842866	-87.68921914	47, 94
8094	47th Street & Washtenaw	41.80839019	-87.69160507	47, 94
8095	47th Street & California	41.80836008	-87.694029	47, 94
8096	47th Street & Francisco	41.80830978	-87.6964957	47
8097	47th Street & Sacramento	41.80826799	-87.69901134	47
8099	47th Street & Albany	41.80823073	-87.70141059	47
8100	Kedzie & 47th Street	41.80794797	-87.70406465	47, 52
8102	47th Street & Spaulding	41.8081614	-87.70631252	47
8104	47th Street & St. Louis	41.8080981	-87.7108958	47
8107	47th Street & Lawndale	41.80800684	-87.71640777	47
8108	47th Street & Hamlin	41.80800384	-87.71849477	47
8109	47th Street & Springfield	41.80796934	-87.7210478	47
8111	47th Street & Karlov	41.80792501	-87.72592308	47
8112	47th Street & Keeler	41.8078844	-87.72837505	47
8114	47th Street & Kostner	41.80781583	-87.73335381	47
8115	47th Street & Kilbourn	41.80778189	-87.73575388	47
8116	47th Street & Kolmar	41.80776709	-87.73711234	47
8117	47th Street & Knox	41.80774023	-87.7393388	47
8118	47th Street & Kilpatrick	41.80775178	-87.74062759	47
8120	Cicero & 47th Street	41.80739408	-87.74331281	47, 54B
8121	Cicero & 48th Street	41.80589295	-87.74326983	47, 54B
8122	Cicero & 49th Street	41.80427379	-87.74321953	47, 54B
8123	Cicero & 50th Street	41.80224162	-87.74317949	47, 54B
8124	Cicero & 51st Street	41.80042709	-87.74312842	47, 54B
8125	Cicero & 51st Street	41.800232	-87.74279058	47, 54B
8126	Cicero & 50th Street	41.80206359	-87.74286214	47, 54B
8127	Cicero & 49th Street	41.80390478	-87.74290883	47, 54B
8128	Cicero & 48th Street	41.80572944	-87.74295809	47, 54B
8129	47th Street & Kilpatrick	41.80759884	-87.74083678	47
8130	47th Street & Knox	41.80759794	-87.73963719	47
8131	47th Street & Kolmar	41.80764564	-87.73711388	47
8133	47th Street & Kostner	41.80767958	-87.73346227	47
8135	47th Street & Keeler	41.807758	-87.72858964	47
8136	47th Street & Karlov	41.80778777	-87.72613406	47
8138	47th Street & Springfield	41.80784798	-87.72120605	47
8139	47th Street & Hamlin	41.80785356	-87.7187604	47
8140	47th Street & Lawndale	41.80790703	-87.71631627	47
8141	47th Street & Archer	41.80793722	-87.71461427	47
8142	47th Street & St. Louis	41.80797363	-87.71142519	47
8144	47th Street & Spaulding	41.80804007	-87.70648125	47
8147	47th Street & Albany	41.80810879	-87.70157236	47
8149	47th Street & Sacramento	41.80815033	-87.69907815	47
8150	47th Street & Francisco	41.80818489	-87.69671117	47
8152	47th Street & Washtenaw	41.80826513	-87.69187273	47, 94
8153	47th Street & Rockwell	41.8083058	-87.68943018	47, 94
8154	47th Street & Campbell	41.80833184	-87.68698874	47, 94
8155	47th Street & Western Avenue	41.80838174	-87.6845683	47, 94
8156	47th Street & Western Boulevard	41.80836536	-87.68361759	47, 48
8157	47th Street & Oakley	41.80838285	-87.68211191	47, 48
8158	47th Street & Hoyne	41.80843558	-87.67722461	47, 48
8160	47th Street & Damen	41.80845449	-87.67484062	47, 48
8161	47th Street & Wolcott	41.80846372	-87.67232813	47
8166	47th Street & Loomis	41.80860867	-87.66023845	47
8167	47th Street & Throop	41.80864067	-87.65778946	47
8168	47th Street & Racine	41.80867182	-87.6553958	47
8169	47th Street & Halsted	41.80879991	-87.64570321	47
8170	47th Street & Union	41.80884104	-87.64322613	47
8171	47th Street & Wallace	41.80888159	-87.64082336	47
8172	47th Street & Normal	41.80891027	-87.63829451	47
8173	47th Street & Princeton	41.80899674	-87.63346123	47
8175	47th Red Line Station	41.80903229	-87.63168018	43, 47
8177	47th Street & Federal	41.80913041	-87.62842325	47
8178	47th Street & State	41.80917087	-87.6262299	47
8180	47th Street & Michigan	41.80922413	-87.62296638	47
8181	47th Street & Indiana	41.8092453	-87.62133469	47
8184	Western & Leland (Brown Line)	41.96661807	-87.68899243	49, X49
8185	Western & Wilson	41.96494887	-87.68887078	49
8187	Western & Montrose	41.96142727	-87.68882946	49, X49
8189	Western & Berteau	41.9578081	-87.68871176	49
8193	Western & Grace	41.95047009	-87.68851731	49
8195	Western & Addison	41.94638681	-87.68839987	49, X49
8200	Western & Barry	41.93777371	-87.68817035	49
8205	Western & Logan/Jones	41.92952118	-87.68800408	49
8207	Western & Fullerton	41.9250555	-87.68778384	49, X49
8208	Western & Belden	41.92339894	-87.68773393	49
8210	Western & Palmer	41.92174827	-87.68767001	49
8212	Western & Armitage	41.91767887	-87.68754132	49
8214	Western & Cortland (Blue Line)	41.91580156	-87.68748105	49, X49
8215	Western & St. Paul	41.91353885	-87.6874177	49
8222	Western & Thomas	41.90127985	-87.68707177	49
8223	Western & Augusta	41.89923663	-87.687067	49
8224	Western & Iowa	41.89734465	-87.68702996	49
8225	Western & Chicago	41.89589332	-87.68699686	49, X49
8226	Western & Huron	41.89380836	-87.68688737	49
8228	Western & Grand	41.89079318	-87.68682649	49, X49
8231	Western & Lake	41.88443594	-87.68665702	49
8233	Western & Warren	41.88220044	-87.6866023	49
8239	Western Blue Line Station	41.87555885	-87.68644277	49, X49
8245	Western & 14th Street	41.86281131	-87.68609124	18, 49
8249	Western & 18th Street	41.85706649	-87.68593507	49
8255	Western & 24th Street	41.84849218	-87.68566786	49
8257	Western & 26th Street	41.84491758	-87.68560452	49, X49
8259	Western & 28th Street	41.84123384	-87.68536376	49
8260	Western & 31st Street	41.83911784	-87.68529576	49
8262	Western & 33rd Street	41.8339065	-87.68501958	49
8264	Western & 35th Street	41.83040698	-87.68515166	49, X49
8269	4102 S Western	41.81930084	-87.68480076	49
8271	Western & 43rd Street	41.81579284	-87.68478776	49, X49
8275	Western & 47th Street	41.80849948	-87.68449286	49, X49
8279	Western & 51st Street	41.80129605	-87.68433521	49, 94, X49
8281	Western & 53rd Street	41.79760569	-87.6842396	49
8283	Western & 55th Street/Garfield	41.79400442	-87.68418205	49, X49
8289	Western & 61st Street	41.78303884	-87.68388323	49
8294	Western & 66th Street	41.77386183	-87.68352775	49
8297	Western & 69th Street	41.76845999	-87.68350047	49, X49
8299	Western & 71st Street	41.76485403	-87.6833858	49, 67, 94
8302	Western & Columbus	41.7588351	-87.68323256	49, X49
8304	Western & 76th Street	41.75555296	-87.68308145	49
8305	Western & 77th Street	41.75386496	-87.68303645	49
8307	79th & Western Terminal	41.75074086	-87.68264151	49, X49
8313	Western & 73rd Street	41.76096281	-87.68302098	49
8317	Western & 69th Street	41.76822828	-87.68321234	49, 67, 94, X49
8319	Western & Marquette Rd	41.77188133	-87.6833185	49, X49
8320	Western & 66th Street	41.77369583	-87.68338275	49
8321	Western & 65th Street	41.77553083	-87.68342776	49
8323	Western & 63rd Street	41.7790439	-87.68342893	49, X49
8331	Western & Garfield	41.7937405	-87.68390553	49, X49
8337	Western Orange Line Station	41.80534663	-87.68414107	94
8339	Western & 47th Street	41.80835328	-87.68433287	48, 49, X49
8345	4102 S Western	41.81918727	-87.68469242	49
8347	Western & Pershing	41.82290355	-87.6847192	49
8350	Western & 35th Street	41.83018486	-87.68492665	49, X49
8352	3225 S Western	41.83486479	-87.68437597	49
8353	Western & 31st Street	41.83910384	-87.68514876	49
8354	Western & 28th Street	41.84108184	-87.68521876	49
8356	Western & 26th Street	41.84522732	-87.68532184	49, X49
8360	Western & Cermak	41.8519232	-87.6855199	49, X49
8362	Western Pink Line Station	41.85433585	-87.68560176	49, X49
8364	Western & 18th Place	41.85689458	-87.68564649	49
8368	Western & 14th Street	41.86291985	-87.68586176	18, 49
8371	Western & Polk	41.87113775	-87.68601825	49
8373	Western & Harrison	41.87376383	-87.68611362	49, X49
8379	Western & Madison	41.88105871	-87.68630579	49, X49
8381	Western & Washington	41.88291685	-87.68640177	49
8383	Western & Fulton	41.88669311	-87.68647932	49
8384	Western & Hubbard	41.88948985	-87.68658877	49
8385	Western & Grand	41.8908792	-87.68657765	49, X49
8387	Western & Huron	41.89384285	-87.68671877	49
8388	Western & Chicago	41.89564256	-87.68671176	49, X49
8389	Western & Iowa	41.89785185	-87.6867473	49
8390	Western & Augusta	41.89956599	-87.68681864	49
8391	Western & Division	41.90285972	-87.68687452	49, X49
8394	Western & Le Moyne	41.90842476	-87.68705174	49
8400	Western & Armitage	41.91747034	-87.6872863	49
8402	Western & Palmer	41.92179825	-87.6874224	49
8404	Western & Belden	41.92329764	-87.68746743	49
8407	Western & Logan/Jones	41.92929403	-87.68765348	49
8408	Western & Schubert	41.93024918	-87.68770798	49
8412	Western & Barry	41.9374791	-87.68784522	49
8417	Western & Addison	41.94660132	-87.68811429	49, X49
8419	Western & Grace	41.95029937	-87.68822007	49
8422	Western & Belle Plaine	41.95574186	-87.68839392	49
8423	Western & Berteau	41.95756187	-87.68844778	49
8427	Western & Wilson	41.96478557	-87.68864732	49
8439	Western & 89th Street	41.73214228	-87.68259988	95
8440	Western & 90th Street	41.73004942	-87.68255709	95
8441	Western & 91st Street	41.72833142	-87.68248808	95
8444	Western & 94th Street	41.72283212	-87.68225584	95
8518	Western & 94th Street	41.72267801	-87.68202996	95
8521	Western & 91st Street	41.72798891	-87.68218283	95
8523	Western & 89th Street	41.73174579	-87.68227031	95
8525	Western & 87th Street	41.73517879	-87.68236831	95
8535	Harlem & Higgins	41.980795	-87.80713629	90
8536	Harlem & Rascher	41.97873786	-87.80708081	90
8537	Harlem & Summerdale	41.97724695	-87.80709675	90
8538	Harlem & Farragut	41.97631586	-87.80710581	90
8539	Harlem & Foster	41.97463886	-87.80715881	90
8574	Lawrence & Chester	41.96670046	-87.83899905	81W
8575	Lawrence & Chester	41.96644704	-87.83920726	81W
8576	Lawrence & Delphia	41.96663823	-87.84150956	81W
8577	Lawrence & Delphia	41.96639021	-87.84181317	81W
8578	Lawrence & Knight	41.96657733	-87.84393146	81W
8579	Lawrence & Oakview	41.96636141	-87.84400787	81W
8580	Lawrence & East River Rd	41.96661558	-87.84632272	81W
8581	Lawrence & East River Rd	41.966297	-87.84607159	81W
8582	East River Rd & Ainslie	41.96810711	-87.84631385	81W
8583	East River Rd & Ainslie	41.96824885	-87.8466534	81W
8584	East River Rd & Argyle	41.97000612	-87.84634485	81W
8585	East River Rd & Argyle	41.97020985	-87.84663339	81W
8586	East River Rd & Carmen	41.97127915	-87.84633989	81W
8587	East River Rd & Carmen	41.97131058	-87.84658874	81W
8588	East River Rd & Foster	41.97362986	-87.84641082	81W
8589	East River Rd & Foster	41.97378186	-87.84655682	81W
8590	East River Rd & Berwyn	41.97487286	-87.84641282	81W
8591	East River Rd & Berwyn	41.97502486	-87.84655882	81W
8592	East River Rd & Evelyn Lane	41.97672954	-87.84637529	81W
8593	East River Rd & Evelyn Lane	41.97682895	-87.84655631	81W
8594	Pavilion 5441 Building	41.97842218	-87.84292792	81W
8595	Pavilion 5441 Building	41.97853283	-87.84299765	81W
8596	Delphia & Catalpa	41.97942786	-87.84147982	81W
8597	Delphia & Catalpa	41.97932286	-87.84156482	81W
8598	Delphia & Bryn Mawr	41.98088986	-87.84145982	81W
8599	Delphia & Bryn Mawr	41.98095681	-87.84158412	81W
8600	Bryn Mawr & Chester	41.98103186	-87.83916482	81W
8601	Bryn Mawr & Chester	41.98116523	-87.8389771	81W
8602	Bryn Mawr & Gregory	41.98013986	-87.83701282	81W
8603	Bryn Mawr & Gregory	41.98032186	-87.83718982	81W
8611	North Avenue Beach	41.91402986	-87.62567975	72
8613	Columbus & Randolph	41.88469586	-87.62080175	6, 20
8614	Broadway & Hollywood	41.98551587	-87.66024677	36
8616	Ashland & Balmoral	41.97992621	-87.6698516	50
8617	Ashland & Berwyn	41.97809987	-87.66976977	50
8618	Ashland & Foster	41.97627387	-87.66973777	50
8619	Damen & Foster	41.9758648	-87.67950371	50
8620	Ashland & Foster	41.97641641	-87.66949463	50
8621	Ashland & Berwyn	41.97790987	-87.66957977	50
8622	Ashland & Balmoral	41.97972928	-87.66958659	50
8627	Ups Facility Stop 1	41.74761182	-87.88430281	169
8628	Ups Facility Stop 2	41.75019982	-87.88234281	169
8629	69th Street & State (Red Line)	41.76911576	-87.62527625	169
8630	79th Street & Western	41.75000883	-87.68307275	169
8703	Damen & 87th Street Terminal	41.73624241	-87.67298899	48, 95
8704	Damen & 86th Street	41.73739183	-87.67268075	48
8705	Damen & 85th Street	41.73918883	-87.67272975	48
8706	Damen & 84th Street	41.74100783	-87.67278675	48
8707	Damen & 83rd Street	41.74281483	-87.67284475	48
8708	Damen & 82nd Street	41.7447648	-87.67290253	48
8709	Damen & 81st Street	41.74652311	-87.67297752	48
8710	Damen & 80th Street	41.7483748	-87.67301053	48
8712	Damen & 78th Street	41.75190483	-87.67311175	48, 75
8713	Damen & 77th Street	41.75375783	-87.67316875	48, 75
8714	Damen & 76th Street	41.75557283	-87.67320875	48, 75
8716	Damen & 73rd Street	41.76108183	-87.67337075	48, 94
8717	Damen & 72nd Street	41.76291883	-87.67340675	48, 94
8719	Damen & 70th Street	41.76659983	-87.67350475	48, 94
8720	Damen & 69th Street	41.76835203	-87.67353662	48
8721	Damen & 68th Street	41.77018083	-87.67358975	48
8722	Damen & Marquette Rd	41.77201083	-87.67364875	48
8723	Damen & 66th Street	41.77379883	-87.67368575	48
8724	Damen & 65th Street	41.77560983	-87.67373575	48
8725	Damen & 64th Street	41.77744883	-87.67377975	48
8726	Damen & 63rd Street	41.7791955	-87.67381711	48
8728	Damen & 61st Street	41.78285884	-87.67386875	48
8729	Damen & 60th Street	41.78468184	-87.67392175	48
8730	Damen & 59th Street	41.78652632	-87.67400004	48
8734	Damen & Garfield	41.79347973	-87.67419577	48
8735	Damen & Garfield	41.79411114	-87.67421247	48
8736	Damen & 54th Street	41.79566484	-87.67418376	48
8738	Damen & 52nd Street	41.79933232	-87.67437563	48
8739	Damen & 51st Street	41.80113284	-87.67437076	48
8740	Damen & 50th Street	41.80295184	-87.67443076	48
8741	Damen & 49th Street	41.80510484	-87.67449576	48
8742	Damen & 48th Street	41.80665284	-87.67455376	48
8749	Damen & Archer	41.83211741	-87.67525625	50
8750	Damen & 33rd Street	41.83394684	-87.67530376	50
8751	2559 S Damen	41.84478385	-87.67549776	50
8752	2501 S Damen	41.84648085	-87.67557876	50
8753	Damen & Blue Island	41.84883951	-87.67566105	50
8755	2501 S Damen	41.84646501	-87.67578128	50
8756	2608 S Damen	41.84475615	-87.67578285	50
8757	Damen & 33rd Street	41.83411184	-87.67544876	50
8758	Damen & Archer	41.83192573	-87.67540223	50
8759	Midway Orange Line Station	41.78643568	-87.73845014	62H
8767	Damen & 49th Street	41.80500984	-87.67464276	48
8768	Damen & 50th Street	41.80318532	-87.67464651	48
8770	Damen & 52nd Street	41.79910351	-87.67455646	48
8771	Damen & 53rd Street	41.79764864	-87.67448002	48
8772	Damen & 54th Street	41.79584364	-87.67441102	48
8773	Damen & Garfield	41.79400054	-87.67440529	48
8774	Damen & Garfield	41.79343264	-87.67437282	48
8775	Damen & 56th Street	41.79214655	-87.67434974	48
8778	Damen & 59th Street	41.78673284	-87.67420758	48
8779	Damen & 60th Street	41.78483284	-87.67406675	48
8780	Damen & 61st Street	41.78301083	-87.67401375	48
8781	Damen & 62nd Street	41.78126397	-87.67406586	48
8783	Damen & 64th Street	41.7776116	-87.6739648	48
8787	Damen & 68th Street	41.77034683	-87.67373475	48
8789	Damen & 70th Street	41.76676583	-87.67364975	48, 94
8791	Damen & 72nd Street	41.76308483	-87.67355175	48, 94
8792	Damen & 73rd Street	41.76124683	-87.67351475	48, 94
8794	Damen & 76th Street	41.75576663	-87.6734227	48, 75
8795	Damen & 77th Street	41.75392383	-87.67331375	48, 75
8796	Damen & 78th Street	41.75206983	-87.67325675	48, 75
8798	Damen & 80th Street	41.74842183	-87.67315675	48
8799	Damen & 81st Street	41.74659083	-87.67309575	48
8800	Damen & 82nd Street	41.74481083	-87.67304875	48
8801	Damen & 83rd Street	41.74298021	-87.6730556	48
8802	Damen & 84th Street	41.74117321	-87.6729976	48
8803	Damen & 85th Street	41.73935421	-87.6729406	48
8804	Damen & 86th Street	41.73771869	-87.67292288	48
8805	Edgewater & Clark	41.98584751	-87.66939243	50
8815	Damen & Winona	41.97471187	-87.67941577	50
8816	Damen & Argyle	41.97247787	-87.67937077	50
8817	Damen & Ainslie	41.97065887	-87.67931577	50
8819	Damen & Eastwood (Brown Line)	41.96609187	-87.67918277	50
8820	Damen & Wilson	41.96520128	-87.67917852	50
8821	Damen & Sunnyside	41.96335787	-87.67910377	50
8822	Damen & Montrose	41.9615847	-87.67906941	50
8823	Damen & Cullom	41.95971286	-87.67898377	50
8824	Damen & Berteau	41.95788986	-87.67893377	50
8825	Damen & Belle Plaine	41.95606586	-87.67888477	50
8827	Damen & Irving Park/Lincoln	41.95394699	-87.67884671	50
8828	Damen & Byron	41.95241886	-87.67877877	50
8829	Damen & Grace	41.95059586	-87.67872877	50
8830	Damen & Waveland	41.94877286	-87.67867877	50
8831	Damen & Addison	41.94700544	-87.67863902	50
8832	Damen & Cornelia	41.94512186	-87.67857777	50
8833	Damen & Roscoe	41.94330386	-87.67852777	50
8834	Damen & School	41.94148086	-87.67847777	50
8835	Damen & Belmont	41.93965786	-87.67842677	50
8836	Damen & Barry	41.93785886	-87.67836877	50
8837	Damen & Wellington	41.93597971	-87.67828189	50
8838	Damen & George	41.93416036	-87.67827966	50
8839	Damen & Clybourn/Diversey	41.93249674	-87.67819633	50
8841	Damen & Fullerton	41.92486534	-87.67798242	50
8842	Damen & Webster	41.92147386	-87.67785377	50
8843	Damen & Dickens	41.91965586	-87.67776177	50
8844	Damen & Armitage	41.91786234	-87.67771976	50
8845	Damen & Cortland	41.91631986	-87.67766377	50
8846	Damen & Churchill	41.91480386	-87.67763177	50
8847	Damen & Wabansia	41.91238986	-87.67758177	50
8849	Damen & Milwaukee/North Ave (Blue Line)	41.91026471	-87.67755126	50
8851	Damen & Schiller	41.90722686	-87.67744177	50
8853	Damen & Potomac	41.90509086	-87.67737777	50
8855	Damen & Thomas	41.90146086	-87.67726777	50
8857	Damen & Iowa	41.89783585	-87.67715877	50
8858	Damen & Chicago	41.89601785	-87.67710377	50
8859	Damen & Huron	41.89419385	-87.67705477	50
8860	Damen & Ohio	41.89235585	-87.67700476	50
8862	Damen & Hubbard	41.88980985	-87.67693577	50
8863	Damen & Carroll	41.88776385	-87.67687776	50
8864	Damen & Fulton	41.88685885	-87.67685476	50
8872	Damen & Harrison	41.87413445	-87.6765559	50
8873	Damen & Ogden	41.87282349	-87.676547	50
8874	Damen & Polk	41.87161217	-87.67649684	50
8875	V.A. Medical Center	41.87023539	-87.67642569	50
8876	Damen & Taylor	41.86923783	-87.67638373	50
8878	Damen & Roosevelt	41.86699557	-87.67641205	50
8880	Damen & 13th Street	41.86501085	-87.67627376	50
8881	Damen & Hastings	41.86406385	-87.67624776	50
8882	Damen & 14th Street	41.86317685	-87.67622276	50
8883	Damen & 17th Street	41.85842948	-87.67610327	50
8884	Damen & 18th Street	41.85775679	-87.67609098	50
8885	Damen & 19th Street	41.85590385	-87.67602376	50
8888	Damen & Cermak	41.85228729	-87.67593725	50
8889	Damen & 23rd Street	41.85044385	-87.67586776	50
8890	Damen & Coulter	41.84953785	-87.67585276	50
8891	Damen & 23rd Street	41.85027885	-87.67572276	50
8895	Damen & 19th Street	41.85573785	-87.67587876	50
8896	Damen & 18th Street	41.85757067	-87.67591956	50
8897	Damen & 17th Street	41.85848285	-87.67594876	50
8898	Damen & 14th Street	41.86327185	-87.67607576	50
8899	Damen & Hastings	41.86389785	-87.67610176	50
8900	Damen & 13th Street	41.86484485	-87.67612776	50
8901	Damen & Roosevelt	41.86653663	-87.67615574	50
8902	Damen & Roosevelt	41.86720399	-87.67609734	50
8904	Damen & Taylor	41.86902342	-87.67622274	50
8905	Damen & Polk	41.87139751	-87.67628417	50
8906	Damen & Ogden	41.87264469	-87.67631964	50
8907	Damen & Harrison	41.87395765	-87.67635643	50
8910	Damen & Madison	41.88121985	-87.67656376	50
8911	Damen & Warren	41.8820996	-87.67657328	50
8912	Damen & Washington	41.88306785	-87.67661076	50
8913	Damen & Lake (Green Line)	41.88489785	-87.67666076	50
8914	Damen & Fulton	41.88669385	-87.67670976	50
8915	Damen & Carroll	41.88759785	-87.67673176	50
8916	Damen & Hubbard	41.88964385	-87.67679076	50
8917	Damen & Grand	41.89073585	-87.67681976	50
8918	Damen & Ohio	41.89219085	-87.67685977	50
8919	Damen & Huron	41.89402885	-87.67690976	50
8920	Damen & Chicago	41.89585185	-87.67695877	50
8921	Damen & Iowa	41.89767085	-87.67701377	50
8922	Damen & Augusta	41.8994405	-87.67707071	50
8923	Damen & Thomas	41.90129486	-87.67712277	50
8925	Damen & Potomac	41.90492586	-87.67723277	50
8929	Damen & Milwaukee/North Ave (Blue Line)	41.9099598	-87.67737616	50
8930	Damen & Wabansia	41.91222386	-87.67743677	50
8931	Damen & Churchill	41.91472086	-87.67748577	50
8932	Damen & Cortland	41.9158835	-87.67750504	50
8933	Damen & Armitage	41.91766573	-87.67752906	50
8934	Damen & Dickens	41.91949086	-87.67761577	50
8935	Damen & Webster	41.92130786	-87.67770877	50
8938	Damen & Clybourn/Diversey	41.93185343	-87.67797719	50
8939	Damen & George	41.93402686	-87.67810577	50
8940	Damen & Wellington	41.93584886	-87.67816477	50
8941	Damen & Barry	41.93769386	-87.67822377	50
8942	Damen & Belmont	41.93949286	-87.67828177	50
8943	Damen & School	41.94131486	-87.67833177	50
8944	Damen & Roscoe	41.94313786	-87.67838177	50
8945	Damen & Cornelia	41.94495586	-87.67843277	50
8946	Damen & Addison	41.94673185	-87.67847875	50
8947	Damen & Waveland	41.94860786	-87.67853277	50
8948	Damen & Grace	41.95042986	-87.67858377	50
8949	Damen & Byron	41.95225286	-87.67863377	50
8951	Damen & Irving Park/Lincoln	41.95439535	-87.67867319	50
8952	Damen & Belle Plaine	41.95590086	-87.67873877	50
8953	Damen & Berteau	41.95772387	-87.67878877	50
8954	Damen & Cullom	41.95954786	-87.67883777	50
8955	Damen & Montrose	41.96135593	-87.67886233	50
8956	Damen & Sunnyside	41.96319287	-87.67895877	50
8957	Damen & Wilson	41.96501635	-87.67899821	50
8958	Damen & Ainslie	41.97049287	-87.67917077	50
8960	Damen & Winona	41.97462887	-87.67926977	50
8961	Damen & Foster	41.9759273	-87.67930222	50
8969	Ashland & Bryn Mawr	41.98340779	-87.66969089	50
8972	Pulaski & Peterson Terminal	41.98985872	-87.72821935	53
8973	Pulaski & Thorndale	41.98848087	-87.72862379	53
8975	Pulaski & Ardmore	41.98598704	-87.72860139	53
8976	Pulaski & Victoria	41.98500688	-87.72857704	53
8979	5400 N Pulaski	41.97966875	-87.72845246	53
8980	5300 N Pulaski	41.97762434	-87.72839027	53
8981	Pulaski & Foster	41.9756737	-87.72836304	53
8982	5061 N Pulaski	41.97348484	-87.7282723	53
8983	Pulaski & Argyle	41.97196986	-87.72820479	53
8984	Pulaski & Ainslie	41.97017445	-87.72817774	53
8985	Pulaski & Lawrence	41.96835572	-87.72812925	53
8986	Pulaski & Leland	41.96658878	-87.72809524	53
8988	Pulaski & Sunnyside	41.96258266	-87.72798059	53
8989	Pulaski & Montrose	41.9610421	-87.72793327	53
8990	Pulaski & Elston	41.95987297	-87.72788175	53
8992	Pulaski & Belle Plaine	41.95556153	-87.72776663	53
8994	Irving Park Blue Line Station	41.95195342	-87.7277451	53
8995	Pulaski & Avondale	41.95084214	-87.72764832	53
8996	Pulaski & Waveland	41.94830762	-87.72755634	53
8998	Pulaski & Cornelia	41.94489025	-87.72744993	53
8999	Pulaski & Roscoe	41.9432396	-87.72740896	53
9000	Pulaski & Milwaukee	41.94141886	-87.72733578	53
9002	Pulaski & Barry	41.937374	-87.72723244	53
9004	Pulaski & George	41.93375972	-87.72713727	53
9007	Pulaski & Wrightwood	41.92827661	-87.72697956	53
9008	Pulaski & Altgeld	41.92624783	-87.72691731	53
9010	Pulaski & Belden	41.92289961	-87.72665904	53
9011	Pulaski & Palmer	41.92092078	-87.72676672	53
9012	Pulaski & Dickens	41.91911809	-87.72674086	53
9015	1741 N Pulaski	41.91291306	-87.72653423	53
9016	Pulaski & Wabansia	41.91183628	-87.72652589	53
9017	Pulaski & North Ave	41.9096254	-87.72653603	53
9018	Pulaski & Le Moyne	41.90818087	-87.72658051	53
9019	Pulaski & Grand	41.90636557	-87.72651743	53
9020	Pulaski & Potomac	41.90460398	-87.72645847	53
9022	Pulaski & Thomas	41.90089121	-87.7263209	53
9024	Pulaski & Iowa	41.89732752	-87.72625014	53
9027	Pulaski & Erie	41.89303924	-87.72611839	53
9028	Pulaski & Ohio	41.89170694	-87.72604853	53
9029	Pulaski & Ferdinand	41.88979329	-87.72602065	53
9031	Pulaski & Lake (Green Line)	41.88529558	-87.72590124	53
9032	Pulaski & West End	41.88345289	-87.72585022	53
9033	Pulaski & Washington	41.88212011	-87.7258079	53
9035	Pulaski & Wilcox	41.87903869	-87.72571095	53
9036	Pulaski & Jackson	41.87717789	-87.72564811	53
9037	Pulaski & Van Buren	41.87539153	-87.72558881	53
9039	Pulaski Blue Line Station	41.87383996	-87.7255367	53
9041	Pulaski & Polk	41.87112339	-87.72545731	53
9046	Pulaski & 13th Street	41.86442785	-87.72518578	53
9049	Pulaski & 16th Street	41.85896762	-87.72504811	53
9050	Pulaski & 18th Street	41.85715498	-87.72503698	53
9051	Pulaski & 19th Street	41.85510193	-87.72496677	53
9053	Pulaski & Cermak	41.85175678	-87.72487447	53
9054	Pulaski & Ogden	41.85074266	-87.7248338	53
9056	Pulaski & 24th Street	41.84798899	-87.72475832	53
9058	Pulaski & 26th Street	41.84438723	-87.72465481	53
9059	Pulaski & 27th Street	41.84249084	-87.72457077	53
9061	Pulaski & 30th Street	41.83880784	-87.72446977	53
9064	Pulaski & 31st Street	41.83706184	-87.72427177	53
9065	Pulaski & 30th Street	41.83864284	-87.72432477	53
9066	Pulaski & 28th Street	41.84048384	-87.72437477	53
9067	Pulaski & 27th Street	41.84232584	-87.72442577	53
9072	Pulaski & Ogden	41.85100609	-87.72466648	53
9073	Pulaski & Cermak	41.8518946	-87.72465888	53, 157
9074	Pulaski Pink Line Station	41.85387051	-87.72472496	53, 157
9076	Pulaski & 18th Street	41.85695885	-87.72482677	53
9082	Pulaski & Fillmore	41.86792606	-87.72513346	53
9084	Pulaski & Arthington	41.86992944	-87.72522318	53
9087	Pulaski & Harrison (Blue Line)	41.87338089	-87.72531868	53
9089	Pulaski & Van Buren	41.87516784	-87.72538098	53
9091	Pulaski & Wilcox	41.8787582	-87.72550868	53
9092	Pulaski & Madison	41.88061397	-87.72558118	53
9095	Pulaski & Lake (Green Line)	41.88538425	-87.72570577	53
9098	Pulaski & Ohio	41.89156826	-87.72587594	53
9099	Pulaski & Erie	41.89274326	-87.72590994	53
9101	Pulaski & Chicago	41.89525529	-87.72589418	53
9102	Pulaski & Iowa	41.89710047	-87.72604805	53
9103	Pulaski & Augusta	41.89890929	-87.72600517	53
9104	Pulaski & Thomas	41.90073629	-87.72606017	53
9106	Pulaski & Potomac	41.90436998	-87.72625741	53
9107	Pulaski & Grand	41.90600958	-87.72630705	53
9108	Pulaski & Le Moyne	41.90796764	-87.72637278	53
9109	Pulaski & North Ave	41.90971665	-87.72629447	53
9110	Pulaski & Wabansia	41.91162985	-87.72631078	53
9111	1739 N Pulaski	41.9130539	-87.72634182	53
9112	Pulaski & Cortland	41.91526385	-87.72642878	53
9114	Pulaski & Dickens	41.91887466	-87.72651971	53
9116	Pulaski & Belden	41.92248383	-87.72689485	53
9118	Pulaski & Altgeld	41.92623789	-87.72672841	53
9120	Pulaski & Schubert	41.92987903	-87.72683046	53
9122	Pulaski & George	41.93352466	-87.72693522	53
9124	Pulaski & Barry	41.93717218	-87.72702861	53
9126	Pulaski & Milwaukee	41.94088986	-87.72714378	53
9127	Pulaski & Roscoe	41.94265654	-87.7272115	53
9128	Pulaski & Cornelia	41.94448775	-87.72725048	53
9130	Pulaski & Waveland	41.94809266	-87.72735962	53
9131	Pulaski & Avondale	41.9506754	-87.72742679	53
9132	Irving Park Blue Line Station	41.95191771	-87.72738114	53
9134	Pulaski & Belle Plaine	41.95541127	-87.72757705	53
9137	Pulaski & Montrose	41.96085967	-87.72771038	53
9140	Pulaski & Leland	41.96633286	-87.72790679	53
9141	Pulaski & Lawrence	41.96815585	-87.72792686	53
9142	Pulaski & Ainslie	41.96996658	-87.72799034	53
9144	5061 N Pulaski	41.97352986	-87.72802579	53
9145	Pulaski & Foster	41.97539125	-87.7281156	53
9146	5300 N Pulaski	41.97757838	-87.7282012	53
9147	5400 N Pulaski	41.97920434	-87.72819919	53
9150	Pulaski & Victoria	41.98489287	-87.72838679	53
9151	Pulaski & Ardmore	41.98576048	-87.72842881	53
9153	Pulaski & Thorndale	41.98832887	-87.72847779	53
9154	51st Street & Kedzie	41.80076515	-87.70354755	51
9155	51st Street & Albany	41.80078584	-87.70134076	51
9156	51st Street & Sacramento	41.80083784	-87.69890476	51
9157	51st Street & Francisco	41.80088484	-87.69643676	51
9158	51st Street & California	41.80092767	-87.69424199	51
9159	51st Street & Washtenaw	41.80097684	-87.69159176	51, 94
9160	51st Street & Rockwell	41.80102484	-87.68914376	51, 94
9161	51st Street & Campbell	41.80104264	-87.6867924	51, 94
9162	51st Street & Western Avenue	41.80109068	-87.68444957	51
9163	51st Street & Western Boulevard	41.80106322	-87.68336313	51
9164	51st Street & Oakley	41.80108631	-87.68190015	51
9165	2135 W 51st Street	41.80117984	-87.67884076	51
9166	51st Street & Hoyne	41.80113684	-87.67697876	51
9167	51st Street & Damen	41.80115372	-87.67464034	51
9168	51st Street & Wolcott	41.80118084	-87.67212575	51
9169	51st Street & Wood	41.80121084	-87.66969675	51
9170	51st Street & Paulina	41.80123384	-87.66726875	51
9172	51st Street & Laflin	41.80125845	-87.66253683	51
9174	51st Street & Throop	41.80134102	-87.65763044	51
9176	51st Street & Aberdeen	41.80139635	-87.65278899	51
9177	51st Street & Morgan	41.80145335	-87.65038575	51
9178	51st Street & Peoria	41.80145027	-87.64796938	51
9179	51st Street & Halsted	41.80151844	-87.64553482	51
9180	51st Street & Union	41.80154459	-87.64306186	51
9181	51st Street & Lowe	41.80158179	-87.64141117	51
9182	51st Street & Princeton	41.80174876	-87.63327952	51
9183	51st Street & Wells	41.80173733	-87.63217475	51
9185	51st Street & Federal	41.80191131	-87.62784863	15
9186	51st Street & State	41.8018801	-87.62612004	15
9187	51st Street & Wabash	41.80194704	-87.62430257	15
9188	Payne & Cottage Grove	41.8016003	-87.60531409	2
9189	51st Street & Michigan	41.80211256	-87.62245967	15
9190	51st Street & Wabash	41.80211456	-87.62406268	15
9191	51st Street & State	41.80202395	-87.62570451	15
9192	51st Street & Federal	41.8019947	-87.62794671	15
9194	51st Street & Wells	41.80189617	-87.63210586	51
9195	51st Street & Princeton	41.80188043	-87.63309548	51
9196	601 W 51st Street	41.80171368	-87.64169635	51
9197	51st Street & Union	41.80169942	-87.64274932	51
9198	51st Street & Halsted	41.80166309	-87.64521079	51
9199	51st Street & Peoria	41.80163662	-87.64763631	51
9201	51st Street & Aberdeen	41.80155981	-87.65246788	51
9202	51st Street & Racine	41.80150783	-87.65489663	51
9203	51st Street & Throop	41.80148992	-87.6573032	51
9205	51st Street & Laflin	41.80140384	-87.66209675	51
9207	51st Street & Paulina	41.80137196	-87.66701576	51
9208	51st Street & Wood	41.80132508	-87.66953996	51
9209	51st Street & Wolcott	41.80133683	-87.67194959	51
9210	51st Street & Damen	41.80132698	-87.67433483	51
9211	51st Street & Hoyne	41.8012916	-87.67683018	51
9212	51st Street & Leavitt	41.80127377	-87.67903931	51
9213	51st Street & Oakley	41.80117282	-87.68159507	51
9214	51st Street & Western Boulevard	41.80119035	-87.68348754	51
9215	51st Street & Western Avenue	41.80122348	-87.68461073	51
9216	51st Street & Campbell	41.80113917	-87.68648082	51, 94
9217	51st Street & Rockwell	41.801118	-87.68904295	51, 94
9218	51st Street & Washtenaw	41.80109917	-87.69146522	51, 94
9219	51st Street & California	41.80106688	-87.69381664	51
9220	51st Street & Francisco	41.80101563	-87.69639343	51
9221	51st Street & Sacramento	41.80096676	-87.69887532	51
9222	51st Street & Albany	41.80090484	-87.70140576	51
9223	51st Street & Kedzie	41.80090849	-87.70361433	51
9224	Belmont & Cumberland Terminal	41.93727458	-87.83554395	77
9225	Belmont & Plainfield	41.93759657	-87.83341978	77
9226	Belmont & Pioneer	41.93764056	-87.83112578	77
9227	Belmont & Panama	41.93768656	-87.82856178	77
9228	Belmont & Pacific (80th Avenue)	41.93769997	-87.82639511	77
9229	Belmont & Orange (79th Avenue)	41.93771797	-87.82391638	77
9230	Belmont & Ozanam (78th Avenue)	41.93776997	-87.82148038	77
9231	Belmont & Overhill (77th Avenue)	41.93782097	-87.81904138	77
9232	Belmont & Oriole (76th Avenue)	41.93784497	-87.81659139	77
9233	Belmont & Olcott	41.93792285	-87.81419181	77
9234	Belmont & Oketo	41.93793585	-87.81174181	77
9236	Belmont & Harlem	41.93793311	-87.80695871	77
9237	Belmont & Nottingham	41.93797985	-87.80435981	77
9239	Belmont & New England	41.93806785	-87.79822581	77
9240	Belmont & Oak Park	41.93810385	-87.7958028	77
9241	Belmont & Normandy	41.93814386	-87.7933788	77
9242	Belmont & Nashville	41.93820628	-87.79084241	77
9243	Belmont & Natchez	41.93824528	-87.78851341	77
9245	Belmont & Mobile	41.93830018	-87.78355979	77
9246	Belmont & Melvina	41.93833118	-87.78114079	77
9247	Belmont & Meade	41.93839617	-87.7787155	77
9252	Belmont & Major	41.93845529	-87.76901685	77, 91
9256	Belmont & Lockwood	41.93856051	-87.75924672	77
9258	Belmont & Leclaire	41.93867686	-87.75435079	77
9263	Belmont & Knox	41.93881334	-87.74329901	77
9264	Belmont & Kilbourn	41.93883716	-87.73964585	77
9268	Belmont & Karlov	41.93890482	-87.7297172	77
9269	Belmont & Pulaski	41.93903786	-87.72733578	77
9270	Belmont & Milwaukee	41.93906939	-87.72398978	77
9273	Belmont & Central Park	41.93915639	-87.71746677	77
9274	Belmont & St. Louis	41.93922318	-87.71516905	77
9280	Belmont & Ravenswood	41.93958668	-87.67393001	77
9281	Belmont & Paulina	41.9396176	-87.67121369	77
9285	Belmont & Lakewood	41.93966815	-87.66125618	77
9291	Belmont & Sheridan	41.94005697	-87.63977817	77, 156
9293	Lake Shore Drive & Briar	41.93887796	-87.63800024	77
9294	Lake Shore Drive & Wellington	41.93670076	-87.63694184	77
9295	Lake Shore Drive & Oakdale	41.93570628	-87.63684586	77
9296	St. Joseph Hospital	41.9340008	-87.63655255	77
9302	Belmont & Lakewood	41.9398827	-87.66123959	77
9306	Belmont & Paulina	41.93973235	-87.67100895	77
9307	Belmont & Ravenswood	41.9396985	-87.67377502	77
9308	Belmont & Wolcott	41.93967086	-87.67573411	77
9312	Belmont & Oakley	41.93955277	-87.68552555	77
9317	Belmont & Milwaukee	41.93922638	-87.72376353	77
9321	Belmont & Kildare	41.9390667	-87.73449248	77
9322	Belmont & Kostner	41.93903942	-87.73693612	77
9323	Belmont & Kilbourn	41.93898687	-87.73939582	77
9324	Belmont & Kilpatrick	41.9389382	-87.74379709	77
9326	Belmont & Lamon	41.93884878	-87.74919625	77
9327	Belmont & Lavergne	41.93883289	-87.75169194	77
9328	Belmont & Leclaire	41.93880393	-87.75413266	77
9329	Belmont & Laramie	41.93877947	-87.75650206	77
9330	Belmont & Lockwood	41.93874392	-87.75906129	77
9331	Belmont & Long	41.93873015	-87.76145063	77
9332	Belmont & Linder	41.9387018	-87.7639292	77
9333	Belmont & Central	41.9386511	-87.76636868	77
9334	Belmont & Major	41.93860251	-87.76886613	77, 91
9335	Belmont & Menard	41.93858334	-87.77127399	77, 91
9337	Belmont & Mason	41.93854514	-87.77500835	77, 91
9338	Belmont & Austin	41.93853338	-87.77606939	77
9339	Belmont & Meade	41.93848837	-87.7785584	77
9340	Belmont & Melvina	41.93841435	-87.78101319	77
9341	Belmont & Mobile	41.9384054	-87.78343941	77
9343	Belmont & Natchez	41.93831546	-87.78839234	77
9344	Belmont & Nashville	41.93830245	-87.79081035	77
9345	Belmont & Normandy	41.93828544	-87.79319936	77
9346	Belmont & Oak Park	41.93825219	-87.79558687	77
9347	Belmont & New England	41.93819497	-87.79804836	77
9349	Belmont & Nottingham	41.93810449	-87.80414248	77
9350	Belmont & Harlem	41.93807632	-87.80647601	77
9351	Belmont & Octavia	41.93801296	-87.80902795	77
9352	Belmont & Oketo	41.93803281	-87.81114428	77
9353	Belmont & Olcott	41.93800963	-87.81397626	77
9354	Belmont & Oriole (76th Avenue)	41.93802156	-87.8163926	77
9356	Belmont & Ozanam (78th Avenue)	41.93794241	-87.82130749	77
9357	Belmont & Orange (79th Avenue)	41.93789851	-87.82374926	77
9358	Belmont & Pacific (80th Avenue)	41.93783022	-87.82620216	77
9359	Belmont & Panama	41.93777522	-87.82871316	77
9360	Belmont & Pioneer	41.93774932	-87.83104443	77
9361	Belmont & Plainfield	41.93766852	-87.83354923	77
9362	Belmont & Pontiac	41.93767475	-87.83474392	77
9363	87th Street & Cicero Terminal	41.73279368	-87.74165988	87
9364	87th Street & Kilpatrick	41.73445259	-87.73854448	87
9365	87th Street & Kenton	41.73444475	-87.73670531	87
9366	87th Street & Kilbourn	41.73449673	-87.7337168	87
9367	87th Street & Kostner	41.73452786	-87.73175862	87
9368	87th Street & Kildare	41.7345792	-87.72878903	87
9369	87th Street & Keeler	41.73461031	-87.72686874	87
9370	87th Street & Karlov	41.73470903	-87.7239747	87
9371	87th Street & Pulaski	41.73472208	-87.72172643	87
9372	87th Street & Springfield	41.73479489	-87.71911263	87
9373	87th Street & Hamlin	41.73484767	-87.71604025	87
9374	87th Street & Lawndale	41.73487928	-87.7142	87
9375	87th Street & Central Park	41.734944	-87.71177658	87
9376	3400 W 87th Street	41.73501072	-87.70744241	87
9377	3300 W 87th Street	41.73500364	-87.70404331	87
9378	87th Street & Kedzie	41.73504671	-87.7025342	87
9379	87th Street & Albany	41.73508364	-87.69988631	87
9380	87th Street & Sacramento	41.73517708	-87.69711195	87
9381	87th Street & Francisco	41.73520389	-87.69500536	87
9382	87th Street & California	41.7352659	-87.69242318	87
9383	87th Street & Washtenaw	41.7352854	-87.68998218	87
9384	2600 W 87th Street	41.73528415	-87.68764025	87
9386	87th Street & Western Terminal	41.73536399	-87.68150546	87
9387	87th Street & Longwood	41.73548045	-87.67614051	87, 95
9388	87th Street & Damen	41.73556115	-87.67229965	87
9390	87th Street & Wood	41.73563484	-87.66807561	87
9391	87th Street & Paulina	41.73566386	-87.66562862	87
9393	87th Street & Laflin	41.73573597	-87.66073226	87
9395	87th Street & Throop	41.73580907	-87.65588268	87
9397	87th Street & Aberdeen	41.73590115	-87.65105242	24, 87
9399	87th Street & Vincennes	41.73595465	-87.64545077	24, 87
9401	87th Street & Union	41.73599634	-87.64129619	24, 87
9402	87th Street & Wallace	41.73600988	-87.63886627	24, 87
9403	87th Street & Normal	41.73602024	-87.63651475	24, 87
9404	87th Street & Holland	41.73592735	-87.63281077	87
9405	87th Street & Wentworth	41.73608605	-87.62904354	87
9408	87th Red Line Station	41.73616913	-87.62483501	87
9409	87th Street & State	41.73620123	-87.62378151	87
9411	87th Street & Michigan	41.73634643	-87.62114076	87
9412	87th Street & Indiana	41.73637029	-87.61960821	87
9413	87th Street & Prairie	41.73641783	-87.61791373	87
9414	87th Street & Calumet	41.73641814	-87.61628436	87
9415	87th Street & King Drive	41.73644269	-87.61467859	87
9416	87th Street & Eberhart	41.73647655	-87.61221573	87
9417	87th Street & St. Lawrence	41.73654083	-87.60981073	87
9418	87th Street & Langley	41.73655272	-87.60733678	87
9419	87th Street & Cottage Grove	41.73657162	-87.60505827	87
9420	87th Street & Drexel	41.73661813	-87.60250426	87
9421	87th Street & Dauphin/Ingleside	41.73665283	-87.60132773	87
9422	87th Street & Dobson	41.73667201	-87.59930611	87
9423	87th Street & Greenwood	41.73670249	-87.59714765	87
9425	87th Street & Kimbark	41.73675778	-87.59308825	87
9426	87th Street & Dorchester	41.73681231	-87.59064746	87
9427	87th Street & Blackstone	41.73682073	-87.58824732	87
9428	87th Street & Stony Island (Nearside)	41.73684702	-87.58581008	87
9429	87th Street & Stony Island (Farside)	41.73685483	-87.58482272	87
9430	87th Street & East End	41.73688783	-87.58290572	87
9431	87th Street & Cregier	41.73692583	-87.58071072	87
9432	87th Street & Bennett	41.73696324	-87.57824626	87
9434	87th Street & Clyde	41.73704083	-87.57346272	87
9435	87th Street & Paxton	41.73705283	-87.57104372	87
9436	87th Street & Anthony	41.73708983	-87.56900272	87
9437	87th Street & South Chicago	41.73713632	-87.56584418	87
9438	87th Street & Essex	41.73717583	-87.56382272	87
9439	87th Street & Colfax	41.73721083	-87.56142272	87
9440	87th Street & Marquette Avenue	41.73725583	-87.55856371	87
9441	87th Street & Manistee	41.73728283	-87.55713372	87
9442	87th Street & Escanaba	41.73729578	-87.55430675	87
9444	87th Street & Commercial	41.73730833	-87.55154839	87
9445	87th Street & Baltimore	41.73736583	-87.54892071	87
9446	87th Street & Burley	41.73739083	-87.54602871	87
9447	87th Street & Buffalo	41.73740583	-87.54462571	87
9448	Buffalo & 88th Street	41.73580983	-87.54447371	87
9449	Buffalo & 89th Street	41.73397783	-87.54443871	87
9450	Buffalo & 90th Street	41.73216983	-87.54440871	87
9451	Buffalo & 91st Street	41.73027928	-87.54438563	87
9452	91st Street & Houston	41.73016205	-87.54976079	26, 87
9453	91st Street & Commercial	41.73015482	-87.55111638	87
9454	87th Street & Commercial	41.73745108	-87.55173147	87
9456	87th Street & Escanaba	41.73742583	-87.55366571	87
9457	87th Street & Burnham	41.73739283	-87.55611271	87
9458	87th Street & Marquette Avenue	41.73735283	-87.55851071	87
9459	87th Street & Colfax	41.73732283	-87.56095072	87
9460	87th Street & Essex	41.73728583	-87.56341872	87
9461	87th Street & South Chicago	41.73725283	-87.56548272	87
9462	87th Street & South Chicago	41.737261	-87.56643397	87
9463	87th Street & Paxton	41.73721444	-87.57067968	87
9464	87th Street & Clyde	41.73716944	-87.57313169	87
9465	87th Street & Jeffery	41.73712844	-87.57558169	87
9466	87th Street & Bennett	41.73707943	-87.57800969	87
9467	87th Street & Cregier	41.73706283	-87.58036872	87
9468	87th Street & East End	41.73703083	-87.58255872	87
9469	87th Street & Stony Island (Nearside)	41.73699713	-87.58507086	87
9470	87th Street & Stony Island (Farside)	41.73698595	-87.58593388	87
9471	87th Street & Blackstone	41.73695083	-87.58763372	87
9472	87th Street & Dorchester	41.73691983	-87.59010373	87
9475	87th Street & Greenwood	41.73680283	-87.59742773	87
9476	87th Street & Dobson	41.73678983	-87.59896273	87
9480	87th Street & Langley	41.73669016	-87.60712197	87
9481	87th Street & St. Lawrence	41.73666583	-87.60950873	87
9482	87th Street & Eberhart	41.73661576	-87.61200471	87
9483	87th Street & King Drive	41.73657991	-87.61444128	87
9484	87th Street & Calumet	41.73656488	-87.61607691	87
9485	87th Street & Prairie	41.73653083	-87.61750373	87
9486	87th Street & Indiana	41.73650283	-87.61913773	87
9487	87th Street & Michigan	41.73648083	-87.62074373	87
9489	87th Street & State	41.73643217	-87.6240306	87
9491	200 W 87th Street	41.73635442	-87.62754863	87
9492	200 W 87th Street	41.73630819	-87.62880981	87
9493	87th Street & Holland	41.73604736	-87.6328306	24, 87
9494	87th Street & Normal	41.73623188	-87.63611994	24, 87
9495	87th Street & Wallace	41.73620585	-87.6386459	24, 87
9496	87th Street & Union	41.73619367	-87.6411036	24, 87
9498	87th Street & Vincennes	41.73615263	-87.6455516	24, 87
9500	87th Street & Aberdeen	41.73607506	-87.65078407	24, 87
9502	87th Street & Throop	41.73600475	-87.65568867	87
9503	87th Street & Loomis	41.73596837	-87.65802733	87
9504	87th Street & Laflin	41.73593721	-87.66048928	87
9505	87th Street & Ashland	41.73591212	-87.6628913	87
9506	87th Street & Paulina	41.73586825	-87.66537114	87
9508	87th Street & Wolcott	41.73579897	-87.67025899	87
9509	87th Street & Damen	41.73577846	-87.67266775	87
9510	87th Street & Longwood	41.73573065	-87.67588001	87, 95
9511	87th Street & Western	41.73565617	-87.68222082	87
9512	2600 W 87th Street	41.73555307	-87.68807629	87
9513	87th Street & Washtenaw	41.73552449	-87.68956852	87
9515	87th Street & Francisco	41.73543823	-87.6945598	87
9516	87th Street & Sacramento	41.73539623	-87.6969088	87
9517	87th Street & Albany	41.73538552	-87.69960609	87
9518	87th Street & Kedzie	41.73537552	-87.70173809	87
9519	3300 W 87th Street	41.73529751	-87.7045231	87
9520	3400 W 87th Street	41.73524876	-87.70769179	87
9521	87th Street & Central Park	41.7351754	-87.71142582	87
9522	87th Street & Lawndale	41.73508684	-87.71402423	87
9523	87th Street & Hamlin	41.73504384	-87.71645923	87
9524	87th Street & Springfield	41.73501807	-87.71885792	87
9525	87th Street & Pulaski	41.73498862	-87.72087813	87
9526	87th Street & Karlov	41.73494083	-87.72379744	87
9527	87th Street & Keeler	41.7348954	-87.72611341	87
9528	87th Street & Kildare	41.73481626	-87.72859037	87
9529	87th Street & Kostner	41.73480613	-87.73100336	87
9530	87th Street & Kilbourn	41.73477113	-87.73341237	87
9531	87th Street & Kenton	41.73473281	-87.73590388	87
9532	87th Street & Kilpatrick	41.73469236	-87.73828199	87
9534	Milwaukee & Devon	41.99746865	-87.78815354	86
9535	Nagle & Palatine	41.99563487	-87.78757481	86
9536	Nagle & Raven	41.99381297	-87.78760876	86
9537	Nagle & Naples	41.99175727	-87.78765137	86
9538	Nagle & Peterson	41.99035628	-87.78767661	86
9539	Nagle & Newburg	41.98895734	-87.78770447	86
9541	Nagle & Avondale/Somerset	41.98444871	-87.78777607	86
9542	Nagle & Bryn Mawr	41.98301886	-87.78780681	86
9543	Nagle & Catalpa	41.98116086	-87.78784081	86
9544	Nagle & Balmoral	41.97935686	-87.78787481	86
9545	Nagle & Berwyn	41.97736424	-87.7879263	86
9546	Nagle & Higgins	41.97645841	-87.78795172	86
9547	Nagle & Foster	41.97577918	-87.7879561	86
9548	Nagle & Carmen	41.97392186	-87.78797781	86
9549	Nagle & Argyle	41.972109	-87.78802883	86
9550	Nagle & Strong	41.97030086	-87.78804681	86
9551	Gunnison & Nagle	41.96835751	-87.78771749	81W
9552	Gunnison & Mobile	41.96839122	-87.78556336	81W
9553	Gunnison & Melvina	41.9684132	-87.78305324	81W
9554	Gunnison & Meade	41.96841764	-87.78070848	81W
9555	Gunnison & Austin	41.96847273	-87.7784183	81W
9556	Austin & Lawrence	41.96744119	-87.77735349	91
9557	Austin & Leland	41.96580986	-87.7772798	91
9558	Austin & Eastwood	41.96497986	-87.7772478	91
9559	Austin & Wilson	41.96405286	-87.7772178	91
9560	Austin & Sunnyside	41.96224886	-87.7771568	91
9561	Austin & Montrose	41.96043386	-87.7770958	91
9562	Austin & Cullom	41.95860286	-87.7770348	91
9563	Austin & Berteau	41.95677686	-87.7769728	91
9564	Austin & Belle Plaine	41.95495086	-87.7769118	91
9565	Austin & Irving Park	41.95317088	-87.77687664	91
9566	Austin & Byron	41.95129486	-87.7767798	91
9567	Austin & Grace	41.94949686	-87.7767108	91
9568	Austin & Waveland	41.94767686	-87.7766398	91
9569	Austin & Addison	41.94587326	-87.77659814	91
9571	Austin & Roscoe	41.94218586	-87.7764278	91
9572	Austin & School	41.94034986	-87.7763578	91
9574	Austin & Barry	41.93669186	-87.7762248	91
9575	Austin & Wellington	41.93487715	-87.77617244	91
9576	Austin & George	41.93304486	-87.7760998	91
9577	Austin & Diversey	41.93121985	-87.7760378	91
9578	Austin & Schubert	41.92938185	-87.7759768	91
9579	Austin & Wrightwood	41.92756285	-87.7759158	91
9580	Austin & Altgeld	41.92573785	-87.7758558	91
9581	Austin & Fullerton	41.92396794	-87.7758142	91
9582	Austin & Belden	41.92208885	-87.7757318	91
9583	Austin & Grand	41.92070779	-87.77570874	91
9585	Austin & Cortland	41.9143379	-87.77548894	91
9586	Austin & Bloomingdale	41.91298085	-87.7754238	91
9587	Austin & Wabansia	41.91116285	-87.7753638	91
9589	Austin & North Ave	41.90897082	-87.77568373	91
9590	Austin & Le Moyne	41.90728245	-87.77561634	91
9591	Austin & Greenfield/Hirsch	41.90562485	-87.77555779	91
9592	Austin & Berkshire/Potomac	41.90369914	-87.77549848	91
9593	Austin & Division	41.9018295	-87.77545034	91
9595	Austin & Augusta	41.89823992	-87.77532957	91
9596	Austin & Iowa	41.89648918	-87.77527344	91
9599	Austin & Ontario/Race	41.89041808	-87.77507748	91
9600	Austin & Erie	41.89174354	-87.77514	91
9602	Austin & Lake	41.88811266	-87.77501885	91
9603	Austin & Corcoran/South Blvd (Green Line)	41.88692258	-87.7749598	91
9604	Austin & Fulton/Pleasant	41.88537784	-87.77490853	91
9605	Austin & West End/Randolph	41.88384985	-87.77483579	91
9606	Austin & Washington	41.88187585	-87.77481779	91
9607	Austin & Madison	41.87987987	-87.77474727	91
9608	Austin & Adams	41.87767885	-87.77461879	91
9609	Austin & Jackson	41.87635059	-87.77454483	91
9611	Austin & Harrison	41.87267881	-87.77445014	91
9612	Austin Blue Line Station	41.87110977	-87.7743717	91
9613	Austin & Harvard/Arthington	41.86904283	-87.77434333	91
9615	Fillmore & Mason	41.86725084	-87.77307379	91
9616	Mason & Roosevelt	41.86555884	-87.77296879	91
9617	Austin & Roosevelt	41.86563684	-87.77405079	91
9618	Austin & Fillmore	41.86746584	-87.77411779	91
9619	Austin & Harvard/Arthington	41.86917305	-87.77415168	91
9620	Austin & Railroad Ave (Blue Line)	41.87032984	-87.77423779	91
9621	Austin & Harrison	41.87269232	-87.77427447	91
9622	Austin & Van Buren	41.87461139	-87.7743744	91
9623	Austin & Jackson	41.87653685	-87.77444179	91
9624	Austin & Adams	41.87778785	-87.77447079	91
9625	Austin & Madison	41.88035502	-87.7745829	91
9626	Austin & Washington	41.8822046	-87.77457354	91
9627	Austin & West End/Randolph	41.8840837	-87.77468041	91
9628	Austin & Fulton/Pleasant	41.88568587	-87.77475868	91
9629	Austin & Corcoran/South Blvd (Green Line)	41.88698785	-87.77478579	91
9630	Austin & Lake	41.88817957	-87.77483515	91
9631	Austin & Race/Ontario	41.89012321	-87.77491371	91
9632	Austin & Erie	41.89179385	-87.77496379	91
9634	Austin & Chicago	41.89494379	-87.77504923	91
9635	Austin & Iowa	41.89665597	-87.77512435	91
9636	Austin & Augusta	41.89851298	-87.77518173	91
9637	Austin & Thomas	41.90027832	-87.77523717	91
9638	Austin & Division	41.90190697	-87.7752754	91
9639	Austin & Berkshire/Potomac	41.90394944	-87.77535612	91
9640	Austin & Greenfield/Hirsch	41.90568954	-87.77533631	91
9641	Austin & Le Moyne	41.90756446	-87.77547834	91
9642	Austin & North Ave	41.90911454	-87.77551641	91
9643	Austin & Wabansia	41.91099685	-87.7752188	91
9644	Austin & Bloomingdale	41.91281485	-87.7752778	91
9645	Austin & Cortland	41.91417639	-87.7753109	91
9646	Austin & Dickens	41.91782085	-87.7754438	91
9647	Austin & Grand	41.92076887	-87.77552605	91
9648	Austin & Belden	41.92192385	-87.7755858	91
9649	Austin & Fullerton	41.92369759	-87.77561535	91
9650	Austin & Altgeld	41.92557285	-87.7757098	91
9651	Austin & Wrightwood	41.92739785	-87.7757708	91
9652	Austin & Schubert	41.92925628	-87.77581992	91
9653	Austin & Diversey	41.93109462	-87.77584171	91
9654	Austin & George	41.93287885	-87.7759548	91
9656	Austin & Barry	41.93652686	-87.7760788	91
9657	Austin & Belmont	41.93862186	-87.7761398	91
9658	Austin & School	41.94018386	-87.7762118	91
9659	Austin & Roscoe	41.94201986	-87.7762828	91
9660	Austin & Cornelia	41.94385286	-87.7763538	91
9661	Austin & Addison	41.94569186	-87.7764248	91
9662	Austin & Waveland	41.94751186	-87.7764948	91
9663	Austin & Grace	41.94933186	-87.7765648	91
9664	Austin & Byron	41.95112986	-87.7766348	91
9666	Austin & Belle Plaine	41.95478586	-87.7767668	91
9667	Austin & Berteau	41.95661086	-87.7768278	91
9668	Austin & Cullom	41.95843786	-87.7768888	91
9669	Austin & Montrose	41.96026786	-87.7769498	91
9670	Austin & Sunnyside	41.96208286	-87.7770108	91
9671	Austin & Wilson	41.96390086	-87.7770718	91
9672	Austin & Eastwood	41.96483609	-87.77709071	91
9673	Austin & Leland	41.96574909	-87.7771207	91
9675	Lawrence & Austin/Mason	41.96759452	-87.77693385	91, 81W
9676	Lawrence & Marmora	41.96764486	-87.7749228	91, 81W
9677	Lawrence & Menard	41.96763383	-87.77248869	91, 81W
9678	Lawrence & Major	41.96767365	-87.76998259	91, 81W
9687	Lawrence & Major	41.96780886	-87.7700748	91, 81W
9688	Lawrence & Menard	41.96776886	-87.7727168	91, 81W
9689	Lawrence & Marmora	41.9677531	-87.77472701	91, 81W
9690	Gunnison & Austin	41.96859429	-87.77872682	81W
9691	Gunnison & Meade	41.96855929	-87.78062695	81W
9692	Gunnison & Melvina	41.96854033	-87.78307342	81W
9693	Gunnison & Mobile	41.96850094	-87.78545562	81W
9694	Gunnison & Nagle	41.96848083	-87.78781939	81W
9695	Nagle & Strong	41.97013486	-87.78790181	86
9696	Nagle & Argyle	41.97192786	-87.7878558	86
9697	Nagle & Carmen	41.97375686	-87.78783181	86
9698	Nagle & Foster	41.97557599	-87.7878014	86
9700	Nagle & Berwyn	41.97739908	-87.78776752	86
9701	Nagle & Balmoral	41.97919257	-87.78773534	86
9702	Nagle & Catalpa	41.98101147	-87.78769745	86
9703	Nagle & Bryn Mawr	41.98280814	-87.78763094	86
9704	Nagle & Avondale/Somerset	41.98478205	-87.78763548	86
9706	Nagle & Rosedale	41.98834404	-87.78756583	86
9707	Nagle & Peterson	41.99003813	-87.78753293	86
9708	Nagle & Hyacinth	41.99127122	-87.7875072	86
9709	Nagle & Raven	41.99350418	-87.78746804	86
9710	Nagle & Haft	41.99515771	-87.78743677	86
9712	Lawrence & Cumberland	41.96650989	-87.83630175	81W
9713	Lawrence & Pittsburgh	41.96654985	-87.83336109	81W
9714	Lawrence & Courtland	41.96658334	-87.83147721	81W
9715	Lawrence & Vine	41.96665415	-87.82883029	81W
9716	Lawrence & Canfield	41.9666778	-87.82638579	81W
9717	Lawrence & Opal	41.96674815	-87.82323212	81W
9718	Lawrence & Overhill	41.96690586	-87.81940581	81W
9719	Lawrence & Oriole	41.96693503	-87.81652477	81W
9720	Lawrence & Olcott	41.96700486	-87.81450781	81W
9721	Lawrence & Oketo	41.96708977	-87.81221109	81W
9722	Lawrence & Octavia	41.96710586	-87.80960881	81W
9723	Harlem & Gunnison	41.96811949	-87.80699032	90, 81W
9724	Gunnison & Montclare	41.96821059	-87.80489829	81W
9725	Gunnison & Sayre/Nordica	41.96820491	-87.80264276	81W
9726	Gunnison & New England	41.96823826	-87.80023365	81W
9727	Gunnison & Oak Park	41.96829157	-87.79783324	81W
9728	Gunnison & Rutherford	41.96832589	-87.79507549	81W
9729	Gunnison & Natoma	41.96832133	-87.79276402	81W
9730	Gunnison & Neenah	41.96829322	-87.79030038	81W
9731	Lawrence & Austin/Mason	41.96773269	-87.77699696	81W
9732	Gunnison & Neenah	41.96844937	-87.79026011	81W
9733	Gunnison & Natoma	41.96845237	-87.79269512	81W
9734	Gunnison & Rutherford	41.96843437	-87.79511012	81W
9735	Gunnison & Oak Park	41.96838482	-87.79760643	81W
9736	Gunnison & New England	41.96839114	-87.80004431	81W
9737	Gunnison & Sayre/Nordica	41.96832418	-87.80232429	81W
9738	Gunnison & Montclare	41.96831101	-87.80475116	81W
9740	Harlem & Lawrence	41.96750522	-87.80731135	90, 81W
9741	Lawrence & Octavia	41.96727541	-87.80951632	81W
9742	Lawrence & Oketo	41.96725866	-87.81195575	81W
9743	Lawrence & Olcott	41.96719064	-87.81437549	81W
9744	Lawrence & Oriole	41.96708524	-87.81685683	81W
9745	Lawrence & Overhill	41.96704144	-87.81922936	81W
9746	Lawrence & Opal	41.96703529	-87.8226039	81W
9747	Lawrence & Canfield	41.96693849	-87.8266036	81W
9748	Lawrence & Vine	41.96685963	-87.82869377	81W
9749	Lawrence & Prospect	41.96677302	-87.83102429	81W
9750	Lawrence & Pittsburgh	41.96678184	-87.83321845	81W
9751	Lawrence & Cumberland	41.96670771	-87.83643879	81W
9753	Milwaukee & Central	41.97645096	-87.76827571	85, 85A
9796	Milwaukee & Foster	41.97579865	-87.76803109	85, 85A
9797	Milwaukee & Foster	41.97462173	-87.76701288	85, 85A
9798	Gale & Milwaukee	41.97053252	-87.76349686	85, 88
9799	Gale & Higgins	41.96974577	-87.76505584	85, 88
9800	Higgins & Central/Edmunds	41.97032707	-87.76727126	88
9801	Higgins & Major	41.9713078	-87.77093095	88
9802	Higgins & Menard	41.97193618	-87.77332854	88
9803	Higgins & Marmora	41.97258934	-87.77566657	88
9805	Higgins & Meade	41.97399311	-87.78056183	88
9807	Higgins & Foster	41.97554163	-87.78533473	88
9809	Higgins & Nagle	41.97630927	-87.78771147	88
9810	Higgins & Neenah	41.97710293	-87.79015014	88
9811	Higgins & Natoma	41.97790045	-87.7925534	88
9813	Higgins & Talcott	41.9787668	-87.79542716	88
9814	Higgins & Newcastle	41.97915228	-87.79752892	88
9815	Higgins & Newland	41.97965216	-87.79988939	88
9817	Higgins & Nordica	41.98017879	-87.80227148	88
9818	Higgins & Montclare	41.98068079	-87.80456949	88
9819	Higgins & Harlem	41.98114386	-87.80673181	88
9839	Harlem Blue Line Station	41.98230416	-87.80712789	88
9841	Talcott & Oconto	41.98660186	-87.80827639	88
9842	Talcott & Odell	41.98745224	-87.81021562	88
9843	Talcott & Oketo	41.98873473	-87.81288255	88
9844	Talcott & Oriole	41.99068752	-87.81672961	88
9845	Talcott & Overhill	41.99184221	-87.81896857	88
9846	Talcott & Canfield	41.99333686	-87.82192882	88
9847	Canfield & Palatine	41.99494595	-87.82178806	88
9849	Devon & Overhill	41.99686186	-87.81909682	88
9850	Devon & Oriole	41.99692283	-87.81680823	88
9851	Devon & Olcott	41.99700296	-87.81369461	88
9852	Devon & Odell/Avondale	41.99707286	-87.81048782	88
9853	Avondale & Highland	41.99638019	-87.80922574	88
9854	Palatine & Harlem	41.99534586	-87.80693481	88
9855	Harlem & Myrtle	41.99362086	-87.80690881	88
9856	Harlem & Hood	41.99211486	-87.80692381	88
9857	Harlem & Peterson	41.99008486	-87.80694381	88
9858	Harlem & Thorndale	41.98877586	-87.80694481	88
9860	Higgins & Harlem	41.9808827	-87.80636599	88
9861	Higgins & Montclare	41.98055344	-87.8047507	88
9864	Higgins & Newland	41.97952153	-87.79983579	88
9865	Higgins & Newcastle	41.97901958	-87.79759033	88
9866	Higgins & Rutherford	41.97849342	-87.79519096	88
9868	Higgins & Natoma	41.97777719	-87.79277905	88
9869	Higgins & Neenah	41.97703592	-87.79035571	88
9872	Higgins & Mobile	41.97537828	-87.78523665	88
9873	Higgins & Melvina	41.97470862	-87.78316691	88
9874	Higgins & Meade	41.97391774	-87.78073672	88
9876	Higgins & Marmora	41.97246457	-87.77594252	88
9878	Higgins & Major	41.97118484	-87.77110783	88
9879	Higgins & Central/Edmunds	41.97030864	-87.76770771	88
9880	Gale & Higgins	41.96970213	-87.76477716	85, 88
9881	Gale & Milwaukee	41.97052858	-87.76328112	85, 88
9884	Northwest Hwy & Foster	41.97586239	-87.76948812	68
9885	Northwest Hwy & Menard	41.977974	-87.77321663	68
9886	Northwest Hwy & Marmora	41.97935164	-87.77561993	68
9887	Northwest Hwy & Austin	41.98065797	-87.77795443	68
9889	Northwest Hwy & Meade	41.98190786	-87.7802088	68
9890	Northwest Hwy & Bryn Mawr	41.9828011	-87.78190097	68
9891	Northwest Hwy & Mobile	41.98460286	-87.78519481	68
9893	Northwest Hwy & Napoleon	41.98686662	-87.78914369	68
9894	Northwest Hwy & Nashotah	41.98800486	-87.79110881	68
9895	Northwest Hwy & Naper	41.98910786	-87.79320781	68
9896	Northwest Hwy & Neola	41.99020486	-87.79500781	68
9897	Northwest Hwy & Nettleton	41.99130686	-87.79700681	68
9898	Northwest Hwy & Raven	41.99231148	-87.79887417	68
9899	Northwest Hwy & Niagara	41.99340648	-87.80062617	68
9900	Northwest Hwy & Sayre	41.99430548	-87.80212316	68
9901	Northwest Hwy & Neva	41.99580786	-87.80470581	68
9903	Northwest Hwy & Devon	41.99760001	-87.80772206	68
9904	6487 N Northwest Hwy	41.99868139	-87.80943072	68
9905	Northwest Hwy & Oketo	41.99993684	-87.81160598	68
9906	Northwest Hwy & Ogallah	42.00105729	-87.81326657	68
9908	Northwest Hwy & Oliphant	42.00273945	-87.8160174	68
9910	Northwest Hwy & Overhill	42.00459109	-87.81891793	68
9911	Northwest Hwy & Ozark	42.005327	-87.82009566	68
9912	Northwest Hwy & Merrill	42.00670212	-87.82220764	68
9913	300 S Northwest Hwy	42.00818148	-87.82456801	68
9914	Washington & Northwest Hwy	42.00849638	-87.82593809	68
9915	Washington & Summit	42.00773738	-87.82680243	68
9916	Summit & Prospect	42.00961987	-87.83041682	68
9917	Summit & Prospect	42.01027533	-87.83137642	68
9918	Touhy & Summit/Prospect	42.01112883	-87.83115571	68
9919	Northwest Hwy & Prospect	42.0109154	-87.82924595	68
9920	Northwest Hwy & Euclid	42.01031681	-87.82807548	68
9921	Northwest Hwy & Washington	42.00917658	-87.82637523	68
9922	300 S Northwest Hwy	42.00807122	-87.82467076	68
9923	Northwest Hwy & Merrill	42.00673016	-87.82245597	68
9924	Northwest Hwy & Ozark	42.00525673	-87.82025575	68
9925	Northwest Hwy & Overhill	42.00433523	-87.8187149	68
9927	Northwest Hwy & Oliphant	42.00282576	-87.81631293	68
9929	Northwest Hwy & Ogallah	42.00089886	-87.81338582	68
9930	Northwest Hwy & Oketo	41.99990378	-87.81181133	68
9931	6486 N Northwest Hwy	41.99857986	-87.80954981	68
9932	Northwest Hwy & Devon	41.99763704	-87.80807885	68
9933	Northwest Hwy & Harlem	41.99699984	-87.80702856	68
9934	Northwest Hwy & Neva	41.99575593	-87.80487507	68
9935	Northwest Hwy & Sayre	41.99430688	-87.80242516	68
9936	Northwest Hwy & Niagara	41.9934075	-87.80084551	68
9937	Northwest Hwy & Raven	41.9923675	-87.79916651	68
9938	Northwest Hwy & Nettleton	41.99145674	-87.79767551	68
9939	Northwest Hwy & Neola	41.99015711	-87.7953437	68
9940	Northwest Hwy & Naper	41.98904707	-87.79339058	68
9941	Northwest Hwy & Nashotah	41.98797216	-87.79138247	68
9942	Northwest Hwy & Napoleon	41.98687532	-87.78948342	68
9943	Northwest Hwy & Nagle	41.98594775	-87.78782655	68
9944	Northwest Hwy & Mobile	41.98457208	-87.7854026	68
9945	Northwest Hwy & Bryn Mawr	41.9829825	-87.78261743	68
9946	Northwest Hwy & Meade	41.98188479	-87.78053954	68
9948	Northwest Hwy & Austin	41.9806041	-87.77827715	68
9949	Northwest Hwy & Marmora	41.97920276	-87.77578407	68
9951	Northwest Hwy & Foster	41.97580716	-87.76972305	68
9953	Northwest Hwy & Milwaukee	41.97400953	-87.76650519	68
9956	115th Street & Hamlin	41.68398982	-87.71526574	52A
9957	115th Street & Lawndale	41.68402774	-87.71292702	52A
9958	115th Street & Central Park	41.68402488	-87.7103557	52A
9959	115th Street & St. Louis	41.68409647	-87.70798262	52A
9960	115th Street & Homan	41.68413245	-87.70553241	52A
9962	Kedzie & 115th Street	41.68449688	-87.70047695	52A
9963	Kedzie & 114th Street	41.68609099	-87.70055627	52A
9964	Kedzie & 113th Street	41.68783181	-87.70061538	52A
9965	Kedzie & 112th Street	41.68965782	-87.70066175	52A
9966	Kedzie & 111th Street	41.69147804	-87.70073489	52A
9967	Kedzie & 110th Street	41.69340282	-87.70079975	52A
9968	Kedzie & 109th Street	41.69513682	-87.70087775	52A
9969	Kedzie & 108th Street	41.69696382	-87.70094775	52A
9971	Kedzie & 106th Street	41.70054182	-87.70107075	52A
9972	Kedzie & 105th Street	41.70244635	-87.70113861	52A
9973	Kedzie & 104th Street	41.7042726	-87.70120982	52A
9975	Kedzie & 102nd Street	41.70748524	-87.70130983	52A
9976	Kedzie & 101st Street	41.70923655	-87.70136604	52A
9977	Kedzie & 100th Street	41.7109598	-87.70139227	52A
9978	Kedzie & 99th Street	41.71326737	-87.70132135	52A
9979	Kedzie & 98th Street	41.71543292	-87.70152443	52A
9980	Kedzie & 97th Street	41.7170539	-87.70161307	52A
9981	Kedzie & 96th Street	41.71891778	-87.70167493	52A
9982	Kedzie & 95th Street	41.72053338	-87.70171867	52A
9983	Kedzie & 94th Street	41.72221052	-87.70178074	52A
9984	Kedzie & 93rd Street	41.7243228	-87.70182875	52A
9985	Kedzie & 92nd Street	41.72614339	-87.70182584	52A
9986	Kedzie & 91st Street	41.72800185	-87.70192824	52A
9987	Kedzie & 90th Street	41.72980485	-87.70192524	52A
9988	Kedzie & 89th Street	41.73170482	-87.70210676	52A
9989	Kedzie & 88th Street	41.73350582	-87.70210776	52A
9990	Kedzie & 87th Street	41.73492163	-87.70204004	52A
9991	8600 S Kedzie	41.73709712	-87.7019589	52A
9992	Kedzie & 85th Street	41.73876983	-87.70201876	52A
9993	Kedzie & 84th Street	41.74059683	-87.70207176	52A
9995	Kedzie & 82nd Street	41.74425083	-87.70217576	52A
9996	Kedzie & 81st Street	41.74607783	-87.70222976	52A
9998	Kedzie & 79th Street	41.74965098	-87.70231395	52A
9999	Kedzie & 78th Street	41.75157745	-87.7023535	52A
10000	Kedzie & 77th Street	41.75338683	-87.70246176	52A
10004	Kedzie & 72nd Street	41.76248983	-87.70263276	52A
10006	Kedzie & Marquette Rd	41.77156971	-87.70284502	52A
10007	Kedzie & 66th Street	41.77341201	-87.70291071	52A
10008	Kedzie & 65th Street	41.77528219	-87.70298029	52A
10009	Kedzie & 64th Street	41.77709619	-87.70301629	52A
10011	Kedzie & 64th Street	41.77723762	-87.70317801	52A
10012	Kedzie & 65th Street	41.77542361	-87.703142	52A
10013	Kedzie & 66th Street	41.77358961	-87.703105	52A
10014	Kedzie & Marquette Rd	41.7717712	-87.70306804	52A
10015	Kedzie & 71st Street	41.76450346	-87.70293881	52A
10016	Kedzie & 72nd Street	41.76265583	-87.70277776	52A
10017	Kedzie & 73rd Street	41.76082563	-87.70281017	52A
10020	Kedzie & 77th Street	41.75355283	-87.70260676	52A
10021	Kedzie & 78th Street	41.75171183	-87.70256676	52A
10022	Kedzie & 79th Street	41.74993428	-87.70248556	52A
10023	Kedzie & 80th Street	41.74807083	-87.70242776	52A
10024	Kedzie & 81st Street	41.74624383	-87.70237476	52A
10025	Kedzie & 82nd Street	41.74441683	-87.70232076	52A
10026	Kedzie & 83rd Street	41.74259483	-87.70226776	52A
10027	Kedzie & 84th Street	41.74076283	-87.70221676	52A
10028	Kedzie & 85th Street	41.73893483	-87.70216376	52A
10029	8600 S Kedzie	41.7371952	-87.70218086	52A
10030	Kedzie & 87th Street	41.73557064	-87.70223077	52A
10031	Kedzie & 88th Street	41.73349301	-87.70238085	52A
10032	Kedzie & 89th Street	41.73166856	-87.70223881	52A
10033	Kedzie & 90th Street	41.72990843	-87.70221674	52A
10034	Kedzie & 91st Street	41.72810482	-87.70210876	52A
10035	Kedzie & 92nd Street	41.72629993	-87.7021269	52A
10036	Kedzie & 93rd Street	41.72450905	-87.70203363	52A
10037	Kedzie & 94th Street	41.72282865	-87.7020634	52A
10038	Kedzie & 95th Street	41.72094329	-87.70207766	52A
10039	Kedzie & 96th Street	41.71900482	-87.70180576	52A
10040	Kedzie & 97th Street	41.71719105	-87.70183077	52A
10041	Kedzie & 98th Street	41.71540757	-87.70174286	52A
10042	Kedzie & 99th Street	41.71354131	-87.70168163	52A
10043	Kedzie & 100th Street	41.71169054	-87.70172282	52A
10044	Kedzie & 101st Street	41.70983769	-87.70153453	52A
10045	Kedzie & 102nd Street	41.70806479	-87.70154584	52A
10046	Kedzie & 103rd Street	41.70633769	-87.70145208	52A
10047	Kedzie & 104th Street	41.70445233	-87.70136432	52A
10048	Kedzie & 105th Street	41.70261815	-87.70130439	52A
10049	Kedzie & 106th Street	41.70070782	-87.70121475	52A
10051	Kedzie & 108th Street	41.69712982	-87.70109175	52A
10052	Kedzie & 109th Street	41.69530182	-87.70102275	52A
10053	Kedzie & 110th Street	41.69348879	-87.70097882	52A
10054	Kedzie & 111th Street	41.69168055	-87.70093062	52A
10055	Kedzie & 112th Street	41.68975306	-87.70084195	52A
10056	Kedzie & 113th Street	41.68801027	-87.70077581	52A
10057	Kedzie & 114th Street	41.68668418	-87.70072547	52A
10058	Kedzie & 115th Street	41.68439877	-87.70065853	52A
10059	115th Street & Spaulding	41.68429199	-87.70288324	52A
10060	115th Street & Homan	41.68425536	-87.70531519	52A
10061	115th Street & St. Louis	41.68421931	-87.70776177	52A
10062	115th Street & Central Park	41.68416764	-87.71008873	52A
10063	115th Street & Lawndale	41.68416267	-87.7129128	52A
10064	115th Street & Hamlin	41.68411112	-87.71498068	52A
10066	115th Street & Springfield Terminal	41.68413082	-87.71733876	52A, 53A
10068	67th Street & Oglesby Terminal	41.77370004	-87.5677541	67
10069	67th Street & Stony Island	41.77339328	-87.58662153	67, N5
10070	67th Street & Blackstone	41.7733717	-87.58873024	67, N5
10071	67th Street & Dorchester	41.77334773	-87.59147341	67, N5
10072	67th Street & Kenwood	41.77333424	-87.59279125	67, N5
10073	67th Street & Kimbark	41.77331901	-87.59435301	67, N5
10074	67th Street & Woodlawn	41.77330295	-87.59590507	67, N5
10075	67th Street & Minerva	41.77329312	-87.59716488	67, N5
10076	67th Street & University	41.77328073	-87.59838383	67, N5
10077	67th Street & Greenwood	41.77326879	-87.59960694	67, N5
10078	67th Street & Ellis	41.77325958	-87.60083075	67, N5
10079	67th Street & Ingleside	41.7732465	-87.60205094	67, N5
10080	67th Street & Drexel	41.77321982	-87.60324177	67, N5
10081	67th Street & Cottage Grove	41.77322022	-87.60560431	67, N5
10082	67th Street & Langley	41.77316381	-87.60804758	67, N5
10083	67th Street & St. Lawrence	41.77312381	-87.61039859	67, N5
10084	Rhodes & 67th Street	41.77282399	-87.61188851	67, N5
10085	Rhodes & 68th Street	41.77132266	-87.61181732	67, N5
10086	Keefe & South Chicago	41.77075305	-87.6121053	67, N5
10087	69th Street & Perry	41.76920681	-87.62805562	67
10088	69th Street & Wentworth	41.76916524	-87.62971878	67, 169
10089	69th Street & Princeton	41.76914973	-87.63127583	67
10090	69th Street & Harvard	41.76911382	-87.63368019	67
10091	69th Street & Stewart	41.76905683	-87.63488974	67
10092	69th Street & Normal	41.76901683	-87.63697274	67
10094	69th Street & Lowe	41.76897826	-87.64007729	67
10095	69th Street & Union	41.76894221	-87.64157396	67
10096	69th Street & Halsted	41.768915	-87.64438311	67
10097	69th Street & Peoria	41.76884783	-87.64669174	67
10099	69th Street & Morgan	41.76882083	-87.64912275	67
10101	69th Street & Aberdeen	41.76879897	-87.65168389	67
10102	69th Street & Racine	41.76877287	-87.65408757	67
10103	69th Street & Throop	41.76872656	-87.65654036	67
10104	69th Street & Loomis	41.76870416	-87.6589094	67
10105	69th Street & Laflin	41.76866616	-87.6613104	67
10106	69th Street & Ashland	41.76862755	-87.66369863	67
10108	69th Street & Paulina	41.76859448	-87.66621056	67
10110	69th Street & Wood	41.76855348	-87.66865956	67
10111	69th Street & Wolcott	41.76853881	-87.67110386	67
10112	69th Street & Damen	41.76851982	-87.67348872	67
10113	69th Street & Hoyne	41.76845721	-87.67585834	67, 94
10115	69th Street & Bell	41.76844382	-87.67952718	67, 94
10116	69th Street & Oakley	41.76844481	-87.68062718	67, 94
10117	Western & 69th Street	41.76814977	-87.68349439	67, 94
10118	71st Street & Campbell	41.76468983	-87.68537676	67, 94
10119	71st Street & Rockwell	41.76464083	-87.68792176	67, 94
10121	71st Street & California	41.76461685	-87.69292196	67, 94
10122	71st Street & Spaulding	41.76440683	-87.70520576	67
10123	71st Street & Homan	41.76437383	-87.70769876	67
10124	71st Street & St. Louis	41.76436283	-87.71015876	67
10125	71st Street & Central Park	41.76429383	-87.71214176	67
10127	71st Street & Hamlin	41.76421896	-87.71734588	67
10128	71st Street & Springfield	41.76416483	-87.71966877	67
10132	71st Street & Pulaski	41.76403183	-87.72212276	67
10133	71st Street & Springfield	41.76406983	-87.72005077	67
10134	71st Street & Hamlin	41.76411195	-87.71740187	67
10135	71st Street & Lawndale	41.76414502	-87.71462651	67
10136	3600 W 71st Street	41.76411895	-87.71283749	67
10137	71st Street & St. Louis	41.76420583	-87.70988276	67
10138	71st Street & Homan	41.76423649	-87.70761805	67
10139	71st Street & Spaulding	41.76427349	-87.70516305	67
10140	71st Street & Kedzie	41.76433217	-87.70249428	67
10141	71st Street & Albany	41.76439083	-87.70042176	67
10144	71st Street & Washtenaw	41.76453783	-87.69068376	67, 94
10145	71st Street & Rockwell	41.76456883	-87.68824376	67, 94
10146	71st Street & Campbell	41.76460683	-87.68579575	67, 94
10147	Western & 71st Street	41.76493387	-87.68312256	49, 67, 94
10148	69th Street & Oakley	41.76832983	-87.68089375	67, 94
10149	69th Street & Bell	41.76834483	-87.67968275	67, 94
10151	69th Street & Hoyne	41.76837783	-87.67616975	67, 94
10152	69th Street & Damen	41.76837691	-87.67377637	94
10153	69th Street & Wolcott	41.76841983	-87.67130193	67
10154	69th Street & Wood	41.76843679	-87.66886786	67
10156	69th Street & Paulina	41.76846511	-87.66642614	67
10159	69th Street & Laflin	41.76853306	-87.66159247	67
10160	69th Street & Loomis	41.76855897	-87.65919226	67
10161	69th Street & Throop	41.76860526	-87.6567453	67
10162	69th Street & Racine	41.76862728	-87.65432353	67
10163	69th Street & Aberdeen	41.76866985	-87.65189146	67
10165	69th Street & Morgan	41.76871985	-87.64945547	67
10167	69th Street & Peoria	41.76875685	-87.64704647	67
10168	69th Street & Halsted	41.76877478	-87.64464591	67
10169	69th Street & Union	41.76882544	-87.64216879	67
10170	69th Street & Lowe	41.76885667	-87.64028157	67
10172	69th Street & Normal	41.76888483	-87.63736874	67
10173	69th Street & Stewart	41.76890183	-87.63488074	67
10174	69th Street & Harvard	41.76897054	-87.6336096	67
10175	69th Street & Princeton	41.76897937	-87.63142831	67
10176	69th Street & Wentworth	41.76901341	-87.63006612	67, 169
10177	69th Street & Perry	41.76898182	-87.62834799	67
10178	69th Red Line Station	41.76910704	-87.62601851	67, N5
10179	69th Street & State	41.76911015	-87.62466673	30, 67, N5
10180	Rhodes & 68th Street	41.77101784	-87.61169673	67, N5
10181	Rhodes & 67th Street	41.77293175	-87.61174869	67, N5
10182	67th Street & St. Lawrence	41.77300381	-87.61071418	67, N5
10183	67th Street & Langley	41.77304238	-87.60832882	67, N5
10184	67th Street & Cottage Grove	41.7730819	-87.60595047	67, N5
10185	67th Street & Drexel	41.77311026	-87.60339222	67, N5
10186	67th Street & Ingleside	41.77312226	-87.60218122	67, N5
10187	67th Street & Ellis	41.77314126	-87.60100722	67, N5
10188	67th Street & Greenwood	41.77314526	-87.59980722	67, N5
10189	67th Street & University	41.77315626	-87.59849522	67, N5
10190	67th Street & Minerva	41.77317291	-87.59722612	67, N5
10191	67th Street & Woodlawn	41.77318403	-87.59599614	67, N5
10192	67th Street & Kimbark	41.77320302	-87.59448114	67, N5
10193	67th Street & Kenwood	41.77321765	-87.59302821	67, N5
10194	67th Street & Dorchester	41.77322865	-87.59172621	67, N5
10195	67th Street & Blackstone	41.77326168	-87.58886129	67, N5
10196	67th Street & Stony Island	41.77327682	-87.58644474	67, N5
10198	La Rabida Hospital	41.77677454	-87.57104807	67
10199	Cicero & Pensacola Terminal	41.95994686	-87.74774479	54
10200	Cicero & Cullom	41.95897277	-87.7476119	54, 54A
10202	Cicero & Belle Plaine	41.9555612	-87.7474995	54, 54A
10203	Cicero & Irving Park/Milwaukee	41.95363927	-87.7474119	54
10204	Cicero & Byron	41.95164958	-87.7473833	54
10206	Cicero & Grace	41.94984258	-87.7473343	54
10207	Cicero & Waveland	41.94801886	-87.74720579	54
10208	Cicero & Addison	41.94623868	-87.74718908	54
10209	Cicero & Cornelia	41.94474575	-87.74714771	54
10210	Cicero & Roscoe	41.94255575	-87.7470807	54
10211	Cicero & School	41.94072963	-87.74704318	54
10215	Cicero & George	41.93344186	-87.74673579	54
10216	Cicero & Diversey	41.93164484	-87.74674491	54
10218	Cicero & Wrightwood	41.92852741	-87.74661728	54
10223	Cicero & Dickens	41.9188499	-87.74631496	54
10224	Cicero & Armitage	41.91703294	-87.74628302	54
10225	Cicero & Cortland	41.91519719	-87.7461702	54
10226	Cicero & Grand	41.91417945	-87.74613893	54
10227	Cicero & Wabansia	41.91154213	-87.74603941	54
10228	Cicero & North Ave	41.90932347	-87.74626165	54
10229	Cicero & Le Moyne	41.9078822	-87.7461683	54
10230	Cicero & Hirsch	41.90606985	-87.74609879	54
10231	Cicero & Potomac	41.90424885	-87.74605679	54
10233	Cicero & Thomas	41.90059885	-87.74598979	54
10235	Cicero & Iowa	41.89694385	-87.74591579	54
10237	Cicero & Huron	41.89324885	-87.74581078	54
10240	Cicero & Hubbard	41.88877885	-87.74564678	54
10241	Cicero & Lake (Green Line)	41.88678331	-87.74560032	54
10247	Cicero & Adams	41.87930734	-87.74531042	54
10248	Cicero & Jackson	41.87691789	-87.74525626	54
10249	Cicero & Van Buren	41.87504885	-87.74515078	54
10250	Cicero & Congress	41.87413977	-87.7450884	54
10251	Cicero & Harrison	41.8732829	-87.74510881	54
10252	Cicero Blue Line Station	41.8716218	-87.74506907	54
10253	Cicero & Polk	41.87034485	-87.74498178	54
10254	Cicero & Fifth Avenue	41.86853686	-87.7448969	54
10256	Cicero & Roosevelt	41.86603691	-87.74486798	54
10257	Cicero & 13th Street	41.86410678	-87.74479123	54
10258	Cicero & 14th Street	41.86234344	-87.74482185	54
10259	Cicero & 15th Street	41.86049043	-87.74452162	54
10261	Cicero & 18th Street	41.85678866	-87.74446508	54
10264	Cicero & 21st Place (Pink Line)	41.85207409	-87.74438373	54
10265	Cicero & Cermak	41.85083372	-87.74430022	54, 60, 54B
10269	Cicero & 24th Place Terminal	41.84642899	-87.74470045	60
10272	Cicero & Cermak (Pink Line)	41.85114142	-87.74411805	54
10274	Cicero & 21st Street	41.85310484	-87.74420778	54
10276	Cicero & 18th Street	41.85680484	-87.74430578	54
10277	Cicero & 16th Street	41.85844488	-87.74437831	54
10278	Cicero & 15th Street	41.86050684	-87.74440778	54
10279	Cicero & 14th Street	41.86216841	-87.74441908	54
10280	Cicero & 13th Street	41.86397854	-87.7445791	54
10283	Cicero & Fifth Avenue	41.86876733	-87.74474429	54
10284	Cicero & Polk	41.87036901	-87.74480192	54
10285	Cicero & Lexington (Blue Line)	41.87108385	-87.74482778	54
10286	Cicero & Harrison	41.87302029	-87.74490867	54
10287	Cicero & Congress Parkway	41.87410485	-87.74490678	54
10288	Cicero & Van Buren	41.87488385	-87.74500478	54
10292	Cicero & Madison	41.88035464	-87.74517831	54
10295	Cicero & Maypole	41.88436885	-87.74534678	54
10297	Cicero & Hubbard	41.88861385	-87.74550178	54
10300	Cicero & Huron	41.89308385	-87.74566578	54
10301	Cicero & Chicago	41.89488615	-87.74572182	54
10302	Cicero & Iowa	41.89677785	-87.74577079	54
10303	Cicero & Augusta	41.89860785	-87.74580779	54
10304	Cicero & Thomas	41.90051585	-87.74584379	54
10306	Cicero & Potomac	41.90409685	-87.74591179	54
10307	Cicero & Hirsch	41.90590276	-87.74593712	54
10308	Cicero & Le Moyne	41.90773263	-87.74585603	54
10309	Cicero & North Ave	41.90945726	-87.74598842	54
10310	Cicero & Wabansia	41.91139033	-87.745784	54
10311	Cicero & Grand	41.91365803	-87.74585523	54
10314	Cicero & Dickens	41.91870384	-87.74602909	54
10316	Cicero & Belden	41.92230419	-87.74611746	54
10318	Cicero & Altgeld	41.92602222	-87.74623459	54
10319	Cicero & Wrightwood	41.92842363	-87.74633187	54
10320	Cicero & Schubert	41.9296551	-87.74638342	54
10322	Cicero & George	41.93327586	-87.74659079	54
10323	Cicero & Wellington	41.93511459	-87.74660287	54
10324	Cicero & Barry	41.93692549	-87.74667339	54
10325	Cicero & Belmont	41.93871754	-87.7467483	54
10326	Cicero & School	41.94056756	-87.74680181	54
10328	Cicero & Cornelia	41.94462557	-87.74689014	54
10329	Cicero & Addison	41.9460386	-87.74694158	54
10330	Cicero & Waveland	41.94785386	-87.74706079	54
10331	Cicero & Grace	41.94976994	-87.74701171	54
10333	Cicero & Byron	41.95152156	-87.74711579	54
10334	Cicero & Irving Park/Milwaukee	41.95316733	-87.7471953	54
10336	Cicero & Belle Plaine	41.9551501	-87.74721071	54, 54A
10337	Cicero & Berteau	41.95700203	-87.74726512	54, 54A
10338	Cicero & Cullom	41.95883345	-87.747352	54, 54A
10339	Cicero & 28th Street	41.8424055	-87.7441193	35, 54B
10341	Cicero & 30th Street	41.83864334	-87.74396132	35, 54B
10342	Cicero & 31st Street	41.83705661	-87.7438542	54B
10343	Cicero & 32nd Street	41.83519639	-87.74383551	54B
10345	Cicero & 33rd Place	41.83133074	-87.74380027	54B
10346	3500 S Cicero	41.83013093	-87.74380443	54B
10352	Cicero & 44th Street	41.81319051	-87.74349842	54B
10353	Cicero & 45th Street	41.81171621	-87.74338594	54B
10354	Cicero & 46th Street	41.80954697	-87.74338628	54B
10355	Cicero & 53rd Street	41.79706305	-87.74301242	47, 62, 54B, 62H
10358	6200 S Cicero	41.78031453	-87.74256064	63, 165, 54B, 63W
10359	Cicero & 65th Street	41.77444233	-87.74231762	54B
10360	Cicero & 66th Street	41.77305436	-87.74231643	54B
10361	Cicero & Marquette Rd	41.77132955	-87.74223698	54B
10363	Cicero & 72nd Street	41.76212125	-87.74205992	54B
10364	Cicero & State Road	41.75895997	-87.74187622	54B
10368	76th Ford City Dr & Cicero	41.7544461	-87.74121122	54B
10370	Cicero & State Road	41.75940354	-87.74148977	54B
10383	Cicero & 73rd Street	41.76007284	-87.74155396	54B
10384	Cicero & 72nd Street	41.76182718	-87.74158326	54B
10385	7100 S Cicero	41.76411464	-87.74154881	54B
10386	Cicero & Marquette Rd	41.77155976	-87.74190143	54B
10387	Cicero & 66th Street	41.77290054	-87.74188789	54B
10388	Cicero & 65th Street	41.77469919	-87.74199893	54B
10389	6201 S Cicero	41.78017953	-87.74215955	63, 165, 54B, 63W
10392	Cicero & 53rd Street	41.79660726	-87.74271176	47, 62, 54B
10393	Cicero & 46th Street	41.80937533	-87.74302381	54B
10394	Cicero & 45th Street	41.81120932	-87.74305441	54B
10395	Cicero & 44th Street	41.81301861	-87.74311493	54B
10401	3500 S Cicero	41.82914105	-87.74345535	54B
10402	Cicero & 33rd Place	41.8315519	-87.74347649	54B
10404	Cicero & 32nd Street	41.83490584	-87.74350878	54B
10406	Cicero & 30th Street	41.83839807	-87.74368389	35, 54B
10407	Cicero & 29th Street	41.84016654	-87.74377413	35, 54B
10408	Cicero & 28th Street	41.84197898	-87.74374169	35, 54B
10411	Cicero & Montrose	41.96060912	-87.74740569	54A
10412	Cicero & Wilson	41.96456686	-87.74752479	54A
10414	Cicero & Ainslie	41.96983764	-87.74775006	54A
10415	Cicero & Argyle	41.97168913	-87.74779179	54A
10416	Cicero & Elston	41.97258248	-87.74780448	54A
10417	Cicero & Foster	41.97518101	-87.74788083	54A
10418	Cicero & Berwyn	41.97791591	-87.7480109	54A
10419	Cicero & Balmoral	41.97900391	-87.74804406	54A
10420	Cicero & Forest Glen	41.98555754	-87.74816786	54A
10421	Cicero & Caldwell	41.98854989	-87.74820526	54A
10422	Cicero & Peterson	41.98974534	-87.74819009	54A
10423	Cicero & Glenlake	41.99131987	-87.7482538	54A
10424	Cicero & Hiawatha	41.99291987	-87.7482718	54A
10425	Cicero & Rosemont	41.99561387	-87.7482678	54A
10426	Cicero & Devon	41.99716353	-87.74820858	54A
10427	Cicero & Arthur	41.99901787	-87.7481098	54A
10428	Cicero & Albion	42.00080787	-87.7481298	54A
10429	Cicero & North Shore	42.00273087	-87.7480788	54A
10430	Cicero & Pratt	42.00440187	-87.7480238	54A
10431	Cicero & Lunt	42.00810629	-87.74789386	54A
10432	Cicero & Estes	42.00992529	-87.74785185	54A
10433	Cicero & Touhy	42.01180729	-87.74779385	54A
10434	Cicero & Sherwin	42.01440641	-87.74776664	54A
10435	Skokie Blvd & Fargo	42.01620541	-87.74769163	54A
10436	Skokie Blvd & Lincoln	42.01800541	-87.74764963	54A
10437	Skokie Blvd & Howard	42.0190919	-87.74752275	54A
10438	Skokie Blvd & Oakton	42.02634357	-87.74675028	54A
10439	Skokie Blvd & Searle	42.02932374	-87.74735172	54A
10440	Skokie Blvd & Madison	42.03157279	-87.74714677	54A
10441	Skokie Blvd & Main	42.03346525	-87.74709895	54A
10442	Skokie Blvd & Lee	42.03524495	-87.74712757	54A
10443	Skokie Blvd & Greenleaf	42.03710518	-87.74707101	54A
10444	Skokie Blvd & Crain	42.03860618	-87.746969	54A
10445	Dempster & Skokie Blvd	42.04083566	-87.74717846	54A
10446	Old Orchard Rd & Lawler	42.06260915	-87.75256731	54A
10447	Old Orchard Rd & Lockwood	42.06260212	-87.75878458	54A
10448	Old Orchard Rd & Woods	42.06270099	-87.76104446	54A
10449	5420 W Old Orchard Rd	42.06274238	-87.76339936	54A
10450	Old Orchard Rd & Skokie Court House	42.06330048	-87.76750732	54A
10451	5420 W Old Orchard Rd	42.06248394	-87.76334751	54A
10453	Old Orchard Rd & Edens Sb Entrance Ramp	42.06242199	-87.75786497	54A
10455	Dempster & Skokie Blvd	42.0406827	-87.74717987	54A
10456	Skokie Blvd & Crain	42.03860687	-87.7471058	54A
10457	Skokie Blvd & Greenleaf	42.03710587	-87.7472078	54A
10458	Skokie Blvd & Lee	42.03526287	-87.7473098	54A
10459	Skokie Blvd & Main	42.03350087	-87.7474178	54A
10460	Skokie Blvd & Madison	42.03160887	-87.7475568	54A
10462	Skokie Blvd & Oakton	42.02613985	-87.74679774	54A
10463	Skokie Blvd & Howard	42.01890634	-87.74779797	54A
10464	Skokie Blvd & Jerome	42.01800645	-87.74785476	54A
10465	Skokie Blvd & Fargo	42.01620645	-87.74789676	54A
10466	Cicero & Sherwin	42.01440745	-87.74797175	54A
10468	Cicero & Estes	42.00997721	-87.7480337	54A
10469	Cicero & Lunt	42.00815821	-87.74807569	54A
10470	Cicero & Pratt	42.00462363	-87.74818128	54A
10471	Cicero & North Shore	42.00278302	-87.74830619	54A
10472	Cicero & Albion	42.00092765	-87.74828821	54A
10473	Cicero & Arthur	41.99910389	-87.74831408	54A
10474	Cicero & Devon	41.99706776	-87.74848629	54A
10475	Cicero & Rosemont	41.99569687	-87.7484138	54A
10476	Cicero & Hiawatha	41.99308487	-87.7484178	54A
10477	Cicero & Glenlake	41.99147187	-87.7483998	54A
10480	Cicero & Forest Glen	41.98569987	-87.7483808	54A
10483	Cicero & Berwyn	41.97802786	-87.74815379	54A
10484	Cicero & Foster	41.97547596	-87.74813069	54A
10485	Cicero & Elston	41.97309186	-87.74803117	54A
10486	Cicero & Argyle	41.97176186	-87.74795479	54A
10487	Cicero & Ainslie	41.96993486	-87.74787879	54A
10488	Cicero & Lawrence	41.96816293	-87.74779539	54A
10489	Cicero & Wilson	41.96446643	-87.74775025	54A
10490	Cicero & Montrose	41.96084828	-87.74768942	54A
10491	Cicero & Pensacola	41.95989186	-87.74757279	54A
10492	Irving Park & Milwaukee/Cicero	41.95335063	-87.74660209	80, 54A
10493	Irving Park & Avondale	41.95351427	-87.73151856	54A
10495	55th Street & Kilpatrick	41.79295192	-87.73991733	55
10496	4600 W 55th Street	41.79300662	-87.73752499	55
10498	55th Street & Kostner	41.79305553	-87.73266699	55
10499	55th Street & Kildare	41.793072	-87.73062107	55
10500	55th Street & Keeler	41.79309227	-87.7278183	55
10501	55th Street & Karlov	41.79313461	-87.72548323	55
10502	55th Street & Pulaski	41.79315082	-87.72267529	55
10504	55th Street & Hamlin	41.79320361	-87.71806923	55
10505	55th Street & Lawndale	41.79324162	-87.71560123	55
10506	3600 W 55th Street	41.79326363	-87.71368072	55
10507	55th Street & St. Louis	41.79334063	-87.71064172	55
10509	55th Street & Homan	41.79338915	-87.70822596	55
10510	55th Street & Spaulding	41.79342454	-87.70590881	55
10511	55th Street & Kedzie	41.79345985	-87.70329658	55
10512	55th Street & Albany	41.79349629	-87.70100129	55
10513	55th Street & Sacramento	41.79355046	-87.69847108	55
10514	55th Street & Francisco	41.79358578	-87.69614266	55
10515	55th Street & California	41.79363106	-87.69369595	55
10516	55th Street & Washtenaw	41.79365776	-87.69125005	55
10517	55th Street & Rockwell	41.79372256	-87.68866637	55
10518	55th Street & Artesian	41.79379481	-87.68565884	55
10519	55th Street & Western Avenue	41.79380348	-87.68424493	55
10520	Garfield & Western Boulevard	41.79339242	-87.68301495	55
10521	Garfield & Oakley	41.79341984	-87.68082276	55
10522	Garfield & Hamilton	41.79348479	-87.6778646	55
10523	Garfield & Hoyne	41.79347171	-87.67651669	55
10524	Garfield & Damen	41.79350898	-87.67399419	55
10525	Garfield & Wolcott	41.7935017	-87.67164986	55
10526	Garfield & Wood	41.79354744	-87.66919237	55
10527	Garfield & Paulina	41.79357124	-87.66678659	55
10528	Garfield & Ashland	41.79362418	-87.66429999	55
10529	Garfield & Laflin	41.79364658	-87.66191872	55
10530	Garfield & Loomis	41.79369534	-87.65935636	55
10531	Garfield & Throop	41.79373008	-87.65689807	55
10532	Garfield & Racine	41.79376488	-87.65446955	55
10533	Garfield & Aberdeen	41.79379919	-87.65203931	55
10534	Garfield & Morgan	41.79383415	-87.64961527	55
10535	Garfield & Peoria	41.79386977	-87.64720235	55
10536	Garfield & Halsted	41.7939031	-87.64480493	55
10537	Garfield & Union	41.79394563	-87.64245549	55
10538	Garfield & Lowe	41.79397104	-87.64105585	55
10539	Garfield & Normal	41.79403508	-87.6375288	55
10543	Garfield & Federal	41.79421438	-87.62750921	55
10544	Garfield & State	41.79426202	-87.62537359	55
10545	Garfield & Wabash	41.79429222	-87.62380439	55
10547	Garfield & Indiana	41.7943505	-87.6205039	55
10548	Garfield Green Line Station	41.79436219	-87.61833161	55
10549	Garfield & King Drive	41.79442019	-87.61615813	55
10550	Morgan Drive & Russell Drive	41.79363385	-87.61327903	55
10551	Payne Drive & 55th Street	41.7948711	-87.60735708	55
10552	55th Street & Cottage Grove	41.79488203	-87.60578617	55
10553	55th Street & Drexel	41.79490103	-87.60374262	55
10559	55th Street & Kimbark	41.79501487	-87.59503677	55
10561	55th Street & Dorchester	41.79474492	-87.59181988	55, 171
10562	55th Street & Blackstone	41.79474812	-87.59044676	55
10563	55th Street & Lake Park	41.79512097	-87.58775464	55, 171
10565	Museum of Science & Industry	41.79167425	-87.58353817	10, 55
10566	55th Street & Hyde Park Blvd	41.79529223	-87.58415983	55, 171
10567	55th Street & Lake Park	41.79529614	-87.58806039	55, 171
10568	55th Street & Blackstone	41.7955996	-87.59018173	55
10569	55th Street & Dorchester	41.79557292	-87.59160662	55, 171
10570	55th Street & Kenwood	41.79519958	-87.59360589	55, 171
10571	55th Street & Kimbark	41.79518588	-87.59480166	55
10572	55th Street & Woodlawn	41.7951666	-87.59638114	55, 171
10575	55th Street & Ellis	41.79512	-87.60102733	55
10577	55th Street & Drexel	41.79508454	-87.60404592	55
10578	55th Street & Cottage Grove	41.79505663	-87.60605631	55
10579	55th Street & Payne Drive	41.79505696	-87.6072569	55
10580	Morgan Drive & Russell Drive	41.79382592	-87.61299242	55
10581	Garfield & King Drive	41.79486625	-87.61631888	55
10582	Garfield Green Line Station	41.79482382	-87.61831581	55
10583	Garfield & Indiana	41.79478447	-87.62110844	55
10584	Garfield & Michigan	41.79475068	-87.62281295	55
10586	Garfield & State	41.79470684	-87.62609004	55
10589	Garfield Red Line Station	41.7945933	-87.63110528	55, 59
10591	Garfield & Princeton	41.79457724	-87.63335806	55
10592	Garfield & Normal	41.79449125	-87.63813214	55
10593	Garfield & Lowe	41.79443107	-87.64153172	55
10594	Garfield & Union	41.79439924	-87.64327954	55
10595	Garfield & Halsted	41.79435822	-87.64554695	55
10596	Garfield & Peoria	41.79432654	-87.64797643	55
10597	Garfield & Morgan	41.7942955	-87.65029974	55
10598	Garfield & Aberdeen	41.79426014	-87.65272452	55
10599	Garfield & Racine	41.79422315	-87.65535658	55
10600	Garfield & Throop	41.79418761	-87.65770497	55
10601	Garfield & Loomis	41.7941537	-87.66009893	55
10602	Garfield & Laflin	41.79414275	-87.66238201	55
10603	Garfield & Ashland	41.79408172	-87.66488955	55
10604	Garfield & Paulina	41.79406175	-87.66729092	55
10605	Garfield & Wood	41.79400484	-87.66960675	55
10606	Garfield & Wolcott	41.79401898	-87.67195931	55
10607	Garfield & Damen	41.79397708	-87.67458409	55
10608	Garfield & Hoyne	41.79396321	-87.67689358	55
10609	Garfield & Hamilton	41.79397538	-87.67800017	55
10610	Garfield & Oakley	41.79391384	-87.68112776	55
10611	55th Street & Western Avenue	41.79393376	-87.68451363	55
10612	55th Street & Artesian	41.79392084	-87.68590376	55
10613	55th Street & Rockwell	41.79385269	-87.68913712	55
10614	55th Street & Washtenaw	41.79380684	-87.69150576	55
10615	55th Street & California	41.79375284	-87.69389976	55
10616	55th Street & Francisco	41.79369484	-87.69641076	55
10617	55th Street & Sacramento	41.79367003	-87.69894695	55
10618	55th Street & Albany	41.79360384	-87.70120676	55
10619	55th Street & Kedzie	41.79358604	-87.70379562	55
10621	55th Street & Homan	41.79350816	-87.70876631	55
10622	55th Street & St. Louis	41.79347933	-87.71138566	55
10624	55th Street & Lawndale	41.79340454	-87.71604068	55
10625	55th Street & Hamlin	41.79332983	-87.71845777	55
10626	55th Street & Springfield	41.79330183	-87.72085977	55
10627	55th Street & Pulaski	41.79328156	-87.72362518	55
10628	55th Street & Karlov	41.79327893	-87.72570863	55
10629	55th Street & Keeler	41.79324857	-87.72795492	55
10632	55th Street & Kilbourn	41.79316645	-87.73522506	55
10633	4600 W 55th Street	41.79316194	-87.73784388	55
10635	Cicero & 55th Street	41.79267883	-87.74227291	47, 62, 54B, 62H
10780	71st Street & Vincennes	41.76537783	-87.62741574	71
10781	71st Street & State	41.76537984	-87.62440574	71
10782	71st Street & Michigan	41.76551388	-87.62188711	71
10783	71st Street & Indiana	41.76556084	-87.62029874	71
10784	71st Street & Prairie	41.76558984	-87.61867773	71
10785	71st Street & Calumet	41.76564084	-87.61701273	71
10786	71st Street & King Drive	41.76563784	-87.61548573	71
10789	71st Street & St. Lawrence	41.76573784	-87.61063273	71
10790	71st Street & Langley	41.76574313	-87.60865561	71
10792	71st Street & Cottage Grove/S. Chicago	41.76575584	-87.60473573	71
10794	71st Street & Ellis	41.76578284	-87.60085373	71
10795	71st Street & Greenwood	41.76582484	-87.59844573	71
10796	71st Street & Woodlawn	41.76585984	-87.59604773	71
10798	71st Street & Dorchester	41.76597284	-87.59125873	71
10799	71st Street & Blackstone	41.76589222	-87.58867578	71
10801	71st Street & Stony Island	41.76591653	-87.58554958	71
10802	71st Street & East End	41.76598984	-87.58386872	71
10804	71st Street & Constance	41.76602084	-87.58077872	71
10805	71st Street & Euclid	41.76603984	-87.57828772	71
10807	71st Street & Clyde	41.76604527	-87.57403443	71
10809	71st Street & Paxton	41.7660673	-87.57152153	71
10812	71st Street & Yates	41.76580784	-87.56664872	71
10813	Exchange & 72nd Street	41.76456531	-87.56534663	71
10814	Exchange & 73rd Street	41.76281142	-87.5637812	71
10816	73rd Street & Yates	41.76268984	-87.56628572	71
10817	Yates & 72nd Street	41.76427284	-87.56642372	71
10818	Yates & Exchange	41.76567087	-87.56642611	71
10819	71st Street & Yates	41.76637459	-87.56687206	71
10821	71st Street & Crandon	41.76634904	-87.56966515	71
10822	71st Street & Paxton	41.76634484	-87.57122372	71
10824	71st Street & Clyde	41.76632084	-87.57366872	71
10826	71st Street & Euclid	41.76627484	-87.57858872	71
10827	71st Street & Cregier	41.76624484	-87.58105872	71
10828	71st Street & Cornell	41.76621284	-87.58414373	71
10831	71st Street & Stony Island	41.76619313	-87.58660758	71
10832	71st Street & Dante	41.76618084	-87.58927073	71
10833	71st Street & Dorchester	41.76610784	-87.59076573	71
10836	71st Street & Greenwood	41.76595784	-87.59846573	71
10837	71st Street & Ellis	41.76591996	-87.6007619	71
10840	71st Street & Cottage Grove/S. Chicago	41.76593671	-87.60633935	71
10841	71st Street & Langley	41.76591284	-87.60883073	71
10842	71st Street & St. Lawrence	41.76586584	-87.61026373	71
10845	71st Street & King Drive	41.76578084	-87.61508074	71
10846	71st Street & Calumet	41.76574284	-87.61666373	71
10847	71st Street & Prairie	41.76572484	-87.61825274	71
10849	71st Street & Michigan	41.76565084	-87.62146774	71
10850	71st Street & State	41.76557784	-87.62464774	71
10851	75th Street & Lake Front Terminal	41.76149484	-87.55571572	75
10855	75th Street & Kingston	41.75909159	-87.56302112	75, N5
10856	75th Street & Phillips	41.75907357	-87.56462228	75, N5
10857	75th Street & Yates	41.75905291	-87.56626298	75, N5
10858	75th Street & Crandon	41.75902401	-87.56872144	75, N5
10859	75th Street & Paxton	41.75899869	-87.57114673	75, N5
10860	75th Street & Clyde	41.75896996	-87.57353351	75, N5
10861	75th Street & Jeffery	41.75894258	-87.57602427	75, N5
10862	75th Street & Euclid	41.75894886	-87.57731419	75
10863	75th Street & Constance	41.75890039	-87.57979255	75
10864	75th Street & Cregier	41.75890113	-87.58101482	75
10865	75th Street & East End	41.75886633	-87.58333381	75
10866	75th Street & Stony Island	41.75883168	-87.58556738	75
10867	75th Street & Stony Island	41.75884731	-87.58652379	75
10868	75th Street & Blackstone	41.75882444	-87.58827866	75
10870	75th Street & Kimbark	41.75878338	-87.59311677	75
10872	75th Street & Greenwood	41.75873472	-87.59789326	75
10873	75th Street & Ellis	41.7587149	-87.60041268	75
10875	75th Street & Drexel	41.75869157	-87.60280306	75
10876	75th Street & Cottage Grove	41.758666	-87.6052156	75
10877	75th Street & Langley	41.75860009	-87.60769154	75
10878	75th Street & St. Lawrence	41.75856404	-87.61010627	75
10879	75th Street & Eberhart	41.75852013	-87.61255753	75
10882	75th Street & Michigan	41.75838045	-87.62140019	75
10883	75th Street & State	41.75831083	-87.62449774	75
10884	75th Street & Lafayette	41.75826915	-87.62671036	75
10885	75th Street & Perry	41.75825078	-87.62793309	75
10886	75th Street & Wentworth	41.75822354	-87.62953131	75
10889	75th Street & Stewart	41.75814118	-87.63442225	75
10890	75th Street & Eggleston	41.75812643	-87.63558533	75
10891	Eggleston & 74th Street	41.75981269	-87.63567984	75
10892	74th Street & Parnell	41.75989348	-87.6386549	75
10893	74th Street & Lowe	41.75986131	-87.64046546	75
10894	74th Street & Union	41.75984231	-87.64174498	75
10895	74th Street & Halsted	41.75982288	-87.64412844	75
10896	74th Street & Peoria	41.75976838	-87.64653734	75
10897	74th Street & Morgan	41.75970649	-87.64890816	75
10898	74th Street & Aberdeen	41.75970675	-87.65135356	75
10899	1330 W 76th Street	41.75597772	-87.65780204	75
10900	74th Street & Loomis	41.75958202	-87.65921088	75
10901	74th Street & Bishop	41.75956258	-87.66031257	75
10902	74th Street & Ashland	41.75951893	-87.66346063	75
10903	74th Street & Paulina	41.75947374	-87.66595494	75
10904	74th Street & Wood	41.75947485	-87.66847359	75
10905	74th Street & Wolcott	41.75942572	-87.67075242	75
10906	74th Street & Damen	41.75939883	-87.67324489	94
10908	74th Street & Damen	41.75920583	-87.67307612	75, 94
10909	74th Street & Wolcott	41.75927443	-87.67071515	75
10910	74th Street & Wood	41.75931783	-87.66854475	75
10911	74th Street & Paulina	41.75935183	-87.66611075	75
10912	74th Street & Ashland	41.75940129	-87.66385312	75
10913	74th Street & Bishop	41.75942883	-87.66039675	75
10914	74th Street & Loomis	41.75944583	-87.65892875	75
10915	76th Street & Loomis	41.75583942	-87.65861921	75
10916	Racine & 76th Street	41.7565273	-87.65379117	44, 75
10917	74th Street & Aberdeen	41.75955383	-87.65159974	75
10918	74th Street & Morgan	41.75959483	-87.64921374	75
10919	74th Street & Peoria	41.75961883	-87.64677974	75
10920	74th Street & Halsted	41.75968224	-87.64442515	75
10921	74th Street & Union	41.75973583	-87.64190474	75
10922	74th Street & Lowe	41.75972798	-87.64078621	75
10923	74th Street & Parnell	41.75978572	-87.63864857	75
10924	74th Street & Eggleston	41.75982251	-87.63592688	75
10926	75th Street & Stewart	41.75798783	-87.63453274	75
10928	75th Street & Vincennes	41.75806704	-87.63165907	75
10929	75th Street & Wentworth	41.75810133	-87.62972701	75
10930	75th Street & Perry	41.75810383	-87.62806874	75
10931	75th Street & Lafayette	41.75805383	-87.62659874	75
10933	75th Street & Michigan	41.75820883	-87.62163974	75
10934	75th Street & Prairie	41.75829961	-87.61839661	75
10936	75th Street & Eberhart	41.75840017	-87.61277068	75
10937	75th Street & St. Lawrence	41.75840065	-87.61039418	75
10938	75th Street & Langley	41.75846613	-87.60797535	75
10939	75th Street & Cottage Grove	41.75851864	-87.60562969	75
10940	75th Street & Drexel	41.75852882	-87.60305415	75
10942	75th Street & Ellis	41.75855882	-87.60065415	75
10943	75th Street & Greenwood	41.75855484	-87.59823773	75
10944	75th Street & South Chicago	41.75864061	-87.59575146	75
10945	75th Street & Kimbark	41.75863667	-87.5933457	75
10946	75th Street & Dorchester	41.75865934	-87.59092389	75
10947	75th Street & Blackstone	41.75867684	-87.58849573	75
10948	75th Street & Stony Island	41.75870029	-87.58629981	75
10949	75th Street & Stony Island	41.75872325	-87.58542876	75
10950	75th Street & East End	41.75874018	-87.5835754	75
10951	75th Street & Cregier	41.75872013	-87.58106328	75
10953	75th Street & Euclid	41.75878634	-87.57749743	75
10954	75th Street & Jeffery	41.75882436	-87.57635407	75
10955	75th Street & Clyde	41.75882584	-87.5738252	75, N5
10956	75th Street & Paxton	41.75886901	-87.57134008	75, N5
10957	75th Street & Crandon	41.75890584	-87.56893772	75, N5
10958	75th Street & Yates	41.75893084	-87.56644772	75, N5
10959	75th Street & Phillips	41.75895484	-87.56523772	75, N5
10960	75th Street & Kingston	41.75897155	-87.56284523	75, N5
10962	75th Street & Coles	41.75978178	-87.55866559	71, 75, N5
10963	75th Street & South Shore	41.76049622	-87.55724981	71, 75, N5
10964	Diversey & Neva Terminal	41.93106816	-87.80532156	76
10965	Diversey & Nordica	41.93074485	-87.80293681	76
10966	Diversey & Sayre	41.93076585	-87.80109581	76
10967	Diversey & Newland	41.93078685	-87.7992578	76
10968	Diversey & Newcastle	41.93081485	-87.7968048	76
10969	Diversey & Oak Park	41.93082885	-87.7955778	76
10970	Diversey & Normandy	41.93085685	-87.7931388	76
10971	6600 W Diversey	41.93087917	-87.79073663	76
10972	Diversey & Natchez	41.93091185	-87.7882328	76
10973	Diversey & Narragansett	41.93091169	-87.78588896	76
10974	Diversey & Mobile	41.93097585	-87.7833608	76
10978	Diversey & Marmora	41.93109207	-87.77357753	76
10979	Diversey & Menard	41.93112807	-87.77114753	76
10980	Diversey & Major	41.93121405	-87.76871408	76
10981	Diversey & Central	41.93121652	-87.76638319	76
10982	Diversey & Linder	41.93121418	-87.76384545	76
10983	Diversey & Long	41.93128986	-87.76143479	76
10984	Diversey & Lockwood	41.93132186	-87.75896879	76
10985	Diversey & Laramie	41.93135286	-87.75651979	76
10986	Diversey & Leclaire	41.93138486	-87.75406079	76
10987	Diversey & Lavergne	41.93141686	-87.75160679	76
10988	Diversey & Lamon	41.93144886	-87.74915779	76
10989	Diversey & Cicero	41.93147097	-87.7467937	76
10992	Diversey & Kolmar	41.93155078	-87.74065304	76
10993	Diversey & Kilbourn	41.93157286	-87.73935579	76
10994	Diversey & Kostner	41.93160286	-87.73692679	76
10995	Diversey & Kildare	41.93163686	-87.73445579	76
10996	Diversey & Tripp	41.93163441	-87.73302358	76
10997	Diversey & Karlov	41.93167577	-87.72949205	76
10998	Diversey & Pulaski	41.93172433	-87.72714477	76
10999	Diversey & Springfield	41.93174965	-87.72451358	76
11000	Diversey & Hamlin	41.93179151	-87.72219454	76
11001	Diversey & Lawndale	41.93182051	-87.71974654	76
11003	Diversey & St. Louis	41.93188166	-87.71483048	76
11006	Kedzie & Diversey	41.93194086	-87.70734678	76, 93
11007	Diversey & Albany	41.93198886	-87.70508278	76, 93
11008	Diversey & Sacramento	41.93200786	-87.70262578	76, 93
11009	Diversey & Francisco	41.93202686	-87.70019778	76, 93
11010	Diversey & California	41.93203086	-87.69771977	76
11012	Diversey & Rockwell	41.93206966	-87.69289895	76
11013	Diversey & Campbell	41.93209669	-87.69042109	76
11015	Diversey & Oakley	41.93218001	-87.68552062	76
11016	Diversey & Logan	41.93211301	-87.68402259	76
11018	Diversey & Damen/Clybourn	41.93219946	-87.67775616	76
11019	Diversey & Wolcott	41.9322678	-87.67586943	76
11020	1761 W Diversey	41.93227211	-87.67349764	76
11021	Diversey & Paulina	41.93231718	-87.67075809	76
11022	Diversey & Ashland	41.93233901	-87.6685747	76
11023	Diversey & Greenview	41.93238493	-87.66587556	76
11024	Diversey & Southport	41.93242393	-87.66345856	76
11025	Diversey & Lakewood	41.93246493	-87.66137556	76
11026	Diversey & Racine/Lincoln	41.93251063	-87.65820929	76
11027	Diversey & Seminary	41.93257866	-87.65647268	76
11028	Diversey Brown Line Station	41.93258632	-87.65362696	76
11029	Diversey & Mildred	41.93265466	-87.65129168	76
11030	Diversey & Halsted	41.93267077	-87.64875671	76
11031	Diversey & Orchard	41.93272326	-87.64641457	76
11034	Diversey & Pine Grove	41.93283038	-87.64106092	76
11035	Diversey & Sheridan/Lakeview	41.93285208	-87.63962687	76
11037	Diversey & Sheridan/Lakeview	41.93296856	-87.63963574	76
11040	Diversey & Clark/Broadway	41.93285672	-87.64532621	76
11041	Diversey & Orchard	41.93282313	-87.64686103	76
11042	Diversey & Halsted	41.93278639	-87.64929536	76
11044	Diversey Brown Line Station	41.93272235	-87.6529671	76
11046	Diversey & Seminary	41.93265772	-87.65643517	76
11047	Diversey & Racine/Lincoln	41.93261663	-87.65937362	76
11048	Diversey & Lakewood	41.93260417	-87.66095999	76
11049	Diversey & Southport	41.93257205	-87.66365359	76
11050	Diversey & Greenview	41.9324998	-87.66612442	76
11051	Diversey & Ashland	41.93247496	-87.66861916	76
11052	Diversey & Paulina	41.9324054	-87.67083949	76
11053	1800 W Diversey	41.93240231	-87.67350298	76
11054	Diversey & Wolcott	41.93239156	-87.67555598	76
11055	Diversey & Damen/Clybourn	41.93235309	-87.67868908	76
11057	Diversey & Logan	41.93228939	-87.68413764	76
11058	Diversey & Oakley	41.93229756	-87.685342	76
11060	Diversey & Campbell	41.9322217	-87.69027542	76
11063	Diversey & California	41.93217484	-87.69774179	76, 93
11064	Diversey & Francisco	41.93214074	-87.69987552	76, 93
11065	Diversey & Sacramento	41.9320899	-87.7023978	76, 93
11066	Diversey & Albany	41.9320889	-87.7047978	76, 93
11067	Kedzie & Diversey	41.93184586	-87.70749478	76, 93
11068	Logan Square Blue Line Station	41.92953588	-87.70757476	76, 93
11069	Diversey & Kedzie	41.93209403	-87.70775315	76
11070	Diversey & Spaulding	41.9321062	-87.70976127	76
11072	Diversey & St. Louis	41.93202785	-87.71490751	76
11073	Diversey & Central Park	41.93193976	-87.71699348	76
11074	Diversey & Lawndale	41.93192484	-87.71939652	76
11075	Diversey & Hamlin	41.93192483	-87.72179953	76
11076	Diversey & Springfield	41.93189083	-87.72428454	76
11077	Diversey & Pulaski	41.93187311	-87.72677575	76
11078	Diversey & Karlov	41.93179465	-87.72936635	76
11079	Diversey & Tripp	41.931778	-87.73287832	76
11080	Diversey & Kildare	41.93177793	-87.73420294	76
11081	Diversey & Kostner	41.93177792	-87.73670195	76
11082	Diversey & Kilbourn	41.93177692	-87.73920096	76
11083	4600 W Diversey	41.93166166	-87.74287938	76
11084	Diversey & Kilpatrick	41.93163743	-87.74402158	76
11086	Diversey & Lamon	41.93156728	-87.74891877	76
11087	Diversey & Lavergne	41.93156952	-87.75136723	76
11088	Diversey & Leclaire	41.93152939	-87.75380852	76
11089	Diversey & Laramie	41.93145986	-87.75630319	76
11090	Diversey & Lockwood	41.93142838	-87.75881055	76
11091	Diversey & Long	41.9314296	-87.76125608	76
11092	Diversey & Linder	41.93137983	-87.76370207	76
11093	Diversey & Central	41.9313563	-87.76610942	76
11094	Diversey & Major	41.93137881	-87.76860409	76
11095	Diversey & Menard	41.93129471	-87.77097809	76
11096	Diversey & Marmora	41.93125205	-87.77336376	76
11097	Diversey & Austin	41.93123638	-87.7758352	76
11098	Diversey & Meade	41.93117977	-87.77830014	76
11099	Diversey & Melvina	41.93114176	-87.78076913	76
11100	Diversey & Mobile	41.93110605	-87.78315654	76
11101	Diversey & Narragansett	41.93108104	-87.78556706	76
11102	Diversey & Natchez	41.9310284	-87.78805633	76
11103	6600 W Diversey	41.93102875	-87.79052882	76
11104	Diversey & Normandy	41.93097421	-87.79288826	76
11105	Diversey & Oak Park	41.93094397	-87.79534517	76
11106	Diversey & Newcastle	41.93094397	-87.79654318	76
11107	Diversey & Newland	41.93087682	-87.79905682	76
11108	Diversey & Sayre	41.93090094	-87.80084104	76
11109	Diversey & Nordica	41.93087742	-87.80277428	76
11111	McCormick & Lincoln	41.99471571	-87.71405222	82
11112	Kimball & Granville	41.99390208	-87.71417738	82
11113	Kimball & Glenlake	41.99212087	-87.71411479	82
11114	Kimball & Peterson	41.99049047	-87.71409137	82
11116	Kimball & Thorndale	41.98853887	-87.71400779	82
11117	Kimball & Ardmore	41.98672087	-87.71394978	82
11118	Kimball & Hollywood	41.98490687	-87.71389078	82
11119	Kimball & Bryn Mawr	41.98309187	-87.71381478	82
11120	Kimball & Catalpa	41.98128487	-87.71375978	82
11121	Kimball & Balmoral	41.97944987	-87.71371578	82
11122	Kimball & Berwyn	41.97761287	-87.71367378	82
11123	Kimball & Foster	41.97538562	-87.71364923	82
11124	Kimball & Carmen	41.97389787	-87.71359578	82
11125	Kimball & Carmen	41.9728069	-87.7135606	82
11126	Kimball & Ainslie	41.97030686	-87.71349278	82
11127	Kimball & Lawrence (Brown Line)	41.96810706	-87.71344068	82
11128	Kimball & Leland	41.96670886	-87.71338978	82
11129	Kimball & Wilson	41.96484686	-87.71333578	82
11130	Kimball & Sunnyside	41.96303586	-87.71327478	82
11131	Kimball & Montrose	41.96121586	-87.71321278	82
11132	Kimball & Cullom	41.95939786	-87.71314978	82
11133	Kimball & Berteau	41.95758686	-87.71309178	82
11134	Kimball & Belle Plaine	41.95578186	-87.71303678	82
11135	Kimball & Irving Park	41.95400269	-87.71301298	82
11136	Kimball & Byron	41.95212786	-87.71292678	82
11137	Kimball & Grace	41.95030986	-87.71288078	82
11139	Kimball & Belmont (Blue Line)	41.93910066	-87.71257087	82
11140	Kimball & Barry	41.93753786	-87.71252678	82
11141	Kimball & Wisner/Wellington	41.93537143	-87.71245024	82
11142	Kimball & Dawson	41.93409186	-87.71243978	82
11143	Kimball & Diversey/Milwaukee	41.93229886	-87.71240278	82
11145	Kimball & Schubert	41.93024386	-87.71235178	82
11147	Kimball & Altgeld	41.92656186	-87.71223778	82
11149	Kimball & Belden	41.92292286	-87.71211978	82
11150	Kimball & Palmer	41.92109786	-87.71206378	82
11151	Kimball & Dickens	41.91925686	-87.71200578	82
11153	Kimball & Cortland	41.91560486	-87.71192478	82
11154	Kimball & Bloomingdale	41.91342486	-87.71186778	82
11155	Kimball & Wabansia	41.91196786	-87.71181378	82
11156	Kimball & North Ave	41.910221	-87.71195406	82
11157	Homan & Le Moyne	41.90829759	-87.71193571	82
11158	Homan & Hirsch	41.90651085	-87.71186478	82
11159	Homan & Potomac	41.90469585	-87.71177778	82
11161	Homan & Grand	41.9002824	-87.71155266	82
11162	Homan & Augusta	41.89923285	-87.71163178	82
11163	Homan & Iowa	41.89741185	-87.71157078	82
11165	Homan & Huron	41.89375985	-87.71146878	82
11166	Homan & Ohio	41.89193085	-87.71141478	82
11167	Homan & Franklin	41.89030268	-87.71133505	82
11168	Homan & Franklin	41.8896349	-87.71136375	82
11169	Homan & Carroll	41.88754285	-87.71127277	82
11170	Homan & Fulton	41.88643685	-87.71123978	82
11171	Homan & Lake	41.88470685	-87.71117177	82
11172	Homan & Washington	41.88281085	-87.71109877	82
11174	Homan & Madison	41.88110707	-87.71110647	82
11177	Homan & Jackson	41.87743646	-87.7109963	82
11179	Homan & Congress	41.87463985	-87.71086477	82
11180	Homan & Harrison	41.87371085	-87.71084677	82
11181	Homan & Lexington	41.87190585	-87.71079977	82
11183	Homan & Arthington	41.86982085	-87.71073877	82
11189	Central Park & Douglas Blvd	41.86230724	-87.71548822	82
11190	Central Park & 15th Street	41.86088785	-87.71532877	82
11192	Central Park & 18th Street	41.85722885	-87.71522577	82
11194	Central Park & Ogden (Pink Line)	41.85413632	-87.7151587	82
11196	Central Park & 23rd Street	41.84992584	-87.71501777	82
11197	Central Park & 24th Street	41.84811184	-87.71496777	82
11198	Central Park & 25th Street	41.84628884	-87.71491577	82
11199	Lawndale & 25th Street	41.84612244	-87.71735385	82
11200	Lawndale & 26th Street	41.84444874	-87.71730751	82
11201	Lawndale & 27th Street	41.84259984	-87.71725277	82
11202	Lawndale & 28th Street	41.84076584	-87.71720077	82
11203	Lawndale & 30th Street	41.83893184	-87.71714977	82
11207	Lawndale & 30th Street	41.83876584	-87.71700477	82
11208	Lawndale & 28th Street	41.84059984	-87.71705577	82
11209	Lawndale & 27th Street	41.84243384	-87.71710677	82
11210	Lawndale & 26th Street	41.84427727	-87.71716236	82
11211	Lawndale & 25th Street	41.8461093	-87.71721309	82
11212	Central Park & 25th Street	41.84638484	-87.71476877	82
11213	Central Park & 24th Street	41.84794584	-87.71482177	82
11214	Central Park & 23rd Street	41.84976084	-87.71487277	82
11215	Central Park & Cermak	41.85155591	-87.71490806	82
11216	Central Park & Ogden (Pink Line)	41.85427506	-87.71499574	82
11218	Central Park & 18th Street	41.85712848	-87.71501173	82
11220	Central Park & 15th Street	41.86070548	-87.71511573	82
11221	Central Park & Douglas Blvd	41.86232933	-87.71504549	82
11225	Homan & Roosevelt	41.86652685	-87.71046477	82
11226	Homan & Fillmore	41.86808585	-87.71052977	82
11227	Homan & Arthington	41.86991585	-87.71059177	82
11229	Homan & Lexington	41.87174085	-87.71065377	82
11232	Homan & Van Buren	41.87537285	-87.71075577	82
11233	Homan & Jackson	41.87719007	-87.71079504	82
11235	Homan & Monroe	41.87951285	-87.71089477	82
11236	Homan & Madison	41.88082785	-87.71091577	82
11238	Homan & Washington	41.88264475	-87.71093538	82
11239	Homan & Lake	41.88454075	-87.71100838	82
11240	Homan & Fulton	41.88627175	-87.71107538	82
11241	Homan & Carroll	41.88737675	-87.71110938	82
11242	Homan & Franklin	41.88962743	-87.71112576	82
11243	Homan & Franklin	41.89031184	-87.71102865	82
11244	Homan & Ohio	41.89176585	-87.71126978	82
11245	Homan & Huron	41.89359485	-87.71132378	82
11247	Homan & Iowa	41.89724685	-87.71142578	82
11248	Homan & Augusta	41.89906785	-87.71148578	82
11249	Homan & Grand	41.89997087	-87.71166522	82
11250	Homan & Division	41.90262646	-87.71158643	82
11251	Homan & Potomac	41.90453085	-87.71163278	82
11252	Homan & Hirsch	41.90634585	-87.71171978	82
11253	Homan & Le Moyne	41.90811961	-87.71174192	82
11254	Homan & North Ave	41.9099153	-87.71182497	82
11255	Kimball & Wabansia	41.91180285	-87.71166778	82
11256	Kimball & Bloomingdale	41.91351986	-87.71171978	82
11257	Kimball & Cortland	41.91543886	-87.71177978	82
11258	Kimball & Armitage	41.91726086	-87.71181878	82
11259	Kimball & Dickens	41.91909186	-87.71185978	82
11261	Kimball & Belden	41.92275786	-87.71197378	82
11263	Kimball & Altgeld	41.92639686	-87.71209278	82
11264	Kimball & Wrightwood	41.92823186	-87.71214878	82
11265	Kimball & Shubert	41.93007786	-87.71220578	82
11267	Kimball & Diversey/Milwaukee	41.93231086	-87.71222978	82
11268	Kimball & Dawson	41.93392586	-87.71229378	82
11269	Kimball & Wisner/Wellington	41.93529519	-87.71230281	82
11270	Kimball & Barry	41.93737286	-87.71238078	82
11271	Kimball & Belmont (Blue Line)	41.93917826	-87.71238914	82
11272	Kimball & Elston	41.94926086	-87.71271878	82
11273	Kimball & Grace	41.95014386	-87.71273478	82
11274	Kimball & Byron	41.95196286	-87.71278078	82
11275	Kimball & Irving Park	41.95376364	-87.71276296	82
11276	Kimball & Belle Plaine	41.95561686	-87.71289178	82
11277	Kimball & Berteau	41.95742186	-87.71294578	82
11278	Kimball & Cullom	41.95923186	-87.71300378	82
11279	Kimball & Montrose	41.96104986	-87.71306678	82
11280	Kimball & Sunnyside	41.96286986	-87.71312978	82
11281	Kimball & Wilson	41.96468186	-87.71319078	82
11282	Kimball & Leland	41.96662586	-87.71324378	82
11283	Kimball & Lawrence (Brown Line)	41.96830423	-87.71327105	82
11284	Kimball & Ainslie	41.97014187	-87.71334778	82
11285	Kimball & Carmen	41.97264664	-87.71337451	82
11286	Kimball & Carmen	41.97397778	-87.71341152	82
11287	Kimball & Foster	41.97561187	-87.71348578	82
11288	Kimball & Berwyn	41.97744687	-87.71352778	82
11289	Kimball & Balmoral	41.97928387	-87.71356979	82
11290	Kimball & Catalpa	41.98111987	-87.71361478	82
11291	Kimball & Bryn Mawr	41.98292687	-87.71366878	82
11292	Kimball & Hollywood	41.98474187	-87.71374479	82
11293	Kimball & Ardmore	41.98655487	-87.71380378	82
11294	Kimball & Thorndale	41.98837387	-87.71386179	82
11295	Kimball & Peterson	41.99017113	-87.71389529	82
11296	Kimball & Glenlake	41.99195587	-87.71396879	82
11297	Kimball & Lincoln	41.99416586	-87.71403275	82
11298	Forest Preserve Avenue & Harlem/Irving Park	41.95325979	-87.80886318	78, 80
11299	Harlem & Forest Preserve Avenue	41.95368989	-87.80719745	78
11300	7000 W Forest Preserve Avenue	41.95566632	-87.80327529	78
11301	Forest Preserve Avenue & New England	41.95716797	-87.80020541	78
11305	Forest Preserve Avenue & Rutherford	41.95894075	-87.7964605	78
11306	Forest Preserve Avenue & Montrose	41.95992048	-87.79430678	78
11307	Montrose & Neenah	41.96003645	-87.79059302	78
11309	Montrose & Mobile	41.96019686	-87.7844778	78
11310	Montrose & Melvina	41.96022986	-87.7820398	78
11311	Montrose & Meade	41.96026286	-87.7795968	78
11312	Montrose & Austin	41.96029686	-87.7771338	78
11313	Montrose & Marmora	41.96032886	-87.7746978	78
11314	Montrose & Menard	41.96036186	-87.7722578	78
11315	Montrose & Major	41.96039486	-87.7698078	78
11317	Montrose & Linder	41.96045486	-87.7645358	78
11318	Montrose & Long	41.96048786	-87.7624218	78
11319	Montrose & Lockwood	41.96051886	-87.7599538	78
11320	Montrose & Laramie	41.96054586	-87.7574938	78
11321	Montrose & Milwaukee	41.96057186	-87.75463079	78
11322	Montrose & Lavergne	41.96060186	-87.75251379	78
11323	Montrose & Lamon	41.96063686	-87.75007579	78
11324	Montrose & Cicero	41.96065561	-87.74772491	78
11325	Montrose & Knox	41.96068186	-87.74518579	78
11326	Montrose Blue Line Station	41.96072222	-87.74266694	78
11327	Montrose & Kilbourn	41.96072228	-87.74118614	78
11328	Montrose & Kostner	41.96074867	-87.73856041	78
11329	Montrose & Kildare	41.96079657	-87.73572069	78
11330	Montrose & Keeler	41.96082566	-87.73279321	78
11331	Montrose & Elston	41.96087786	-87.72981479	78
11332	Montrose & Pulaski	41.96088351	-87.72795948	78
11333	Montrose & Springfield	41.96092886	-87.72548779	78
11334	Montrose & Hamlin	41.96095886	-87.72303879	78
11335	Montrose & Lawndale	41.96098886	-87.72059378	78
11336	Montrose & Central Park	41.96101784	-87.71817494	78
11337	Montrose & St. Louis	41.96105386	-87.71569478	78
11338	Montrose & Kimball	41.96107886	-87.71325078	78
11339	Montrose & Spaulding	41.96110786	-87.71080978	78
11341	Montrose & Albany	41.96115386	-87.70591978	78, 93
11342	Montrose & Sacramento	41.96116263	-87.7034603	78, 93
11343	Montrose & Francisco	41.9611825	-87.70102823	78, 93
11347	Montrose & Campbell	41.96124286	-87.69192078	78
11349	Montrose & Oakley	41.96129586	-87.68637377	78
11351	Montrose & Hoyne	41.96136487	-87.68151777	78
11353	Montrose & Winchester	41.96141987	-87.67760377	78
11354	Montrose Brown Line Station	41.96144716	-87.67516177	78
11362	Wilson & Marine Drive	41.96544345	-87.64874685	78
11363	Montrose & Marine Drive	41.9619709	-87.64720722	78
11364	Montrose & Clarendon	41.96190636	-87.6498136	78
11371	Montrose & Hermitage	41.96160287	-87.67219377	78
11372	Montrose & Ravenswood	41.96160287	-87.67369477	78
11373	Montrose Brown Line Station	41.96156568	-87.67516052	78
11374	Montrose & Winchester	41.96153894	-87.6773795	78
11376	Montrose & Hamilton	41.96147928	-87.68210309	78
11378	Montrose & Oakley	41.96140586	-87.68630677	78
11379	Montrose & Western	41.96139405	-87.68850725	78
11380	Montrose & Campbell	41.96135839	-87.69149721	78
11384	Montrose & Francisco	41.96130875	-87.70076095	78, 93
11386	Montrose & Albany	41.96126786	-87.70568164	78, 93
11387	Montrose & Kedzie	41.96126474	-87.70811766	78, 93
11388	Montrose & Spaulding	41.96121988	-87.71058712	78
11389	Montrose & Kimball	41.96119004	-87.71293202	78
11390	Montrose & St. Louis	41.96116714	-87.71540883	78
11392	Montrose & Lawndale	41.96111631	-87.7203692	78
11393	Montrose & Hamlin	41.96108172	-87.72283152	78
11394	Montrose & Springfield	41.96104014	-87.72520102	78
11395	Montrose & Pulaski	41.96102397	-87.72771067	78
11396	Montrose & Elston	41.96100668	-87.72957277	78
11397	Montrose & Keeler	41.96097134	-87.73265888	78
11398	Montrose & Kildare	41.96093872	-87.73557333	78
11399	Montrose & Kostner	41.96088772	-87.73831194	78
11400	Montrose & Kilbourn	41.96086215	-87.74117342	78
11401	Montrose Blue Line Station	41.96088246	-87.74284864	78
11402	Montrose & Knox	41.96079993	-87.74509037	78
11404	Montrose & Lamon	41.96075686	-87.74981879	78
11405	Montrose & Lavergne	41.96071177	-87.75228106	78
11406	Montrose & Milwaukee	41.96069886	-87.75434779	78
11407	Montrose & Laramie	41.96067774	-87.75727846	78
11408	Montrose & Lockwood	41.96064263	-87.759756	78
11409	Montrose & Long	41.96064362	-87.76215701	78
11410	Montrose & Linder	41.96064261	-87.76465702	78
11412	Montrose & Major	41.96051693	-87.76957289	78
11413	Montrose & Menard	41.96048725	-87.77201048	78
11414	Montrose & Marmora	41.96042647	-87.77443444	78
11415	Montrose & Austin	41.960428	-87.77684348	78
11416	Montrose & Meade	41.960378	-87.77934987	78
11417	Montrose & Melvina	41.96034797	-87.7818463	78
11418	Montrose & Mobile	41.96031888	-87.78426003	78
11419	Montrose & Mulligan	41.96033174	-87.78564843	78
11420	Montrose & Narragansett	41.96031868	-87.78696526	78
11421	Montrose & Neenah	41.96024006	-87.79027346	78
11422	Montrose & Forest Preserve Avenue	41.96021391	-87.79376047	78
11423	Forest Preserve Avenue & Rutherford	41.95920118	-87.79639434	78
11424	Forest Preserve Avenue & New England	41.95726708	-87.80030371	78
11425	7000 W Forest Preserve Avenue	41.95595613	-87.80312946	78
11426	Forest Preserve Avenue & Harlem	41.95410751	-87.80701917	78
11427	Caldwell & Central Terminal	41.99609687	-87.7645388	84
11428	Caldwell & Spokane	41.99529863	-87.76249177	84
11429	Caldwell & Navajo	41.99431354	-87.76047947	84
11430	Caldwell & Leroy	41.99334855	-87.75840347	84
11431	Caldwell & Lenox	41.99238155	-87.75633447	84
11432	Caldwell & Leader	41.99141255	-87.75427547	84
11433	Peterson & Cicero	41.98979032	-87.74856764	84
11434	Peterson & Kilpatrick	41.98986987	-87.74600079	84
11435	Peterson & Forest Glen	41.98991187	-87.74264279	84
11436	Peterson & Kilbourn	41.98991098	-87.7408996	84
11438	4300 W Peterson	41.98998087	-87.73547479	84
11439	Peterson & Rogers	41.98997892	-87.73321502	84
11440	Peterson & Pulaski	41.99003515	-87.72817022	84
11441	3800 W Peterson	41.99010987	-87.72475179	84
11442	Peterson & Lawndale	41.99017127	-87.72124802	84
11443	Peterson & Central Park	41.99020326	-87.71882302	84
11444	Peterson & St. Louis	41.99023426	-87.71638902	84
11445	Peterson & Kimball	41.99021368	-87.71416056	84
11446	Peterson & Jersey	41.99026925	-87.71119043	84
11447	Peterson & Lincoln	41.99028878	-87.70750064	84
11448	Peterson & Whipple	41.9903267	-87.70546484	84
11449	Peterson & Sacramento	41.99034945	-87.7043757	84
11450	Peterson & Francisco	41.99035345	-87.7019217	84
11451	Peterson & California	41.99033866	-87.69955427	84
11452	Peterson & Washtenaw	41.99037245	-87.69708869	84
11453	Peterson & Rockwell	41.99038546	-87.69466569	84
11454	Peterson & Campbell	41.99042742	-87.69216404	84
11455	Peterson & Western	41.99038913	-87.68988264	84
11456	Peterson & Oakley	41.99048842	-87.68713909	84
11457	Rosehill Cemetery	41.99051387	-87.68505778	84
11458	Peterson & Target (2100 W)	41.99051697	-87.68340936	84
11460	Peterson & Wolcott	41.99065587	-87.67717378	84
11461	Peterson & Ravenswood	41.99069215	-87.67435116	84
11462	Peterson & Ridge	41.99070187	-87.67221877	84
11463	Ridge & Clark	41.98973822	-87.67024228	84
11464	Ridge & Ardmore	41.98818405	-87.66763245	84
11465	Ridge & Glenwood	41.98666187	-87.66516077	84
11466	Ridge & Wayne	41.98583882	-87.66380761	84
11467	Ridge & Broadway/Bryn Mawr	41.98372192	-87.66034292	84
11468	Bryn Mawr Red Line Station	41.98355744	-87.65884632	84
11470	Bryn Mawr & Sheridan	41.98371887	-87.65538477	84
11471	Bryn Mawr & Sheridan	41.98381187	-87.65551377	84
11473	Bryn Mawr Red Line Station	41.98370668	-87.65863384	84
11474	Ridge & Broadway/Bryn Mawr	41.98393987	-87.66045277	84
11475	Ridge & Wayne	41.98558303	-87.66312981	84
11476	Ridge & Glenwood	41.98666687	-87.66493277	84
11478	Ridge & Clark	41.98966492	-87.66979257	84
11479	Peterson & Ridge	41.99084787	-87.67270477	84
11480	Peterson & Ravenswood	41.99085755	-87.67460464	84
11481	Peterson & Wolcott	41.99082293	-87.67626941	84
11482	Peterson & Damen	41.99075027	-87.6797585	84
11483	2100 W Peterson	41.99072183	-87.68259955	84
11484	Rosehill Cemetery	41.99070501	-87.68490096	84
11485	Peterson & Oakley	41.99063507	-87.68707194	84
11486	Peterson & Western	41.99062139	-87.68941075	84
11487	Peterson & Campbell	41.99060401	-87.69205096	84
11488	Peterson & Rockwell	41.99057401	-87.69447397	84
11489	Peterson & Washtenaw	41.99048627	-87.69677295	84
11490	Peterson & California	41.99056137	-87.69924043	84
11491	Peterson & Francisco	41.99046627	-87.70160995	84
11492	Peterson & Sacramento	41.990527	-87.70400972	84
11493	Peterson & Whipple	41.99052201	-87.70520672	84
11494	Peterson & Lincoln	41.99051599	-87.70730228	84
11495	Peterson & Jersey	41.99047801	-87.71078872	84
11496	Peterson & Kimball	41.99044693	-87.71382889	84
11497	Peterson & St. Louis	41.9903394	-87.71624557	84
11498	Peterson & Central Park	41.9903144	-87.71865957	84
11499	Peterson & Lawndale	41.9902904	-87.72102657	84
11500	3800 W Peterson	41.99026987	-87.72466079	84
11502	Peterson & Sauganash	41.99020955	-87.73287772	84
11503	4300 W Peterson	41.99013687	-87.73520979	84
11504	Peterson & Kostner	41.99010873	-87.73823781	84
11505	Peterson & Kilbourn	41.99008627	-87.74067598	84
11506	Peterson & Forest Glen	41.99004538	-87.74196304	84
11507	Peterson & Kilpatrick	41.98999445	-87.74571202	84
11508	Peterson & Cicero	41.9900092	-87.7481134	84
11509	Caldwell & Leader	41.99143537	-87.75401301	84
11510	Caldwell & Lenox	41.99243659	-87.75616158	84
11511	Caldwell & Leroy	41.99341793	-87.7582251	84
11512	Caldwell & Navajo	41.99435733	-87.76019053	84
11513	Caldwell & Spokane	41.99535633	-87.76228953	84
11515	Central & Seminole	41.98458986	-87.7683868	85, 85A
11516	Central & Bryn Mawr	41.98275786	-87.7684258	85, 85A
11517	Central & Catalpa	41.98120586	-87.7684568	85, 85A
11518	Central & Balmoral	41.97932086	-87.7684908	85, 85A
11519	Central & Lovejoy	41.9783959	-87.76847802	85, 85A
11520	Central & Higgins	41.97015955	-87.76765551	85
11522	Central & Leland	41.96607342	-87.76751139	85
11524	Central & Sunnyside	41.96242086	-87.7673748	85
11525	Central & Montrose	41.96059503	-87.76734149	85
11526	Central & Cullom	41.95873786	-87.7672548	85
11527	Central & Hutchinson	41.95781086	-87.7672248	85
11528	Central & Berteau	41.95691486	-87.7671948	85
11529	Central & Belle Plaine	41.95508886	-87.7671348	85
11530	Central & Irving Park	41.95332871	-87.76710168	85
11531	Central & Byron	41.95141686	-87.7670118	85
11532	Central & Grace	41.94961186	-87.7669508	85
11533	Central & Waveland	41.94778286	-87.7668888	85
11534	Central & Addison	41.94598451	-87.76685804	85
11535	Central & Cornelia	41.94413586	-87.7667618	85
11536	Central & Roscoe	41.94230686	-87.7666968	85
11537	Central & School	41.94047986	-87.7666328	85
11539	Central & Barry	41.93683286	-87.7665048	85, 91
11541	Central & George	41.93318986	-87.7663788	85, 91
11542	Central & Diversey	41.93137435	-87.76634925	85, 91
11543	Central & Schubert	41.92953386	-87.7662508	85, 91
11545	Central & Altgeld	41.92588185	-87.76612279	85, 91
11546	Central & Fullerton	41.92412458	-87.76609439	85, 91
11547	Central & Belden	41.92223085	-87.76599079	85
11548	Central & Palmer	41.92044859	-87.76594497	85
11550	Central & Armitage	41.91678474	-87.76588121	85
11552	Central & Bloomingdale	41.91237274	-87.76571567	85
11553	Central & Wabansia	41.91128407	-87.76567413	85
11554	Central & North Ave	41.90952379	-87.76580462	85
11555	Central & Le Moyne	41.90770466	-87.76593773	85
11556	Central & Hirsch	41.90590206	-87.76586737	85
11557	Central & Potomac	41.90403285	-87.76578979	85
11559	Central & Thomas	41.90040385	-87.76566179	85
11560	Central & Augusta	41.89862496	-87.76562636	85
11561	Central & Iowa	41.89675685	-87.76553479	85
11562	Central & Chicago	41.89496651	-87.76549635	85
11563	Central & Huron	41.89301085	-87.76539479	85
11564	Central & Ohio	41.89118185	-87.76532279	85
11565	Central & Race	41.88938685	-87.76525279	85
11566	Central & Lake (Green Line)	41.88790558	-87.76520819	85
11567	Central & Corcoran	41.88699479	-87.76520225	85
11568	Central & Fulton	41.88585474	-87.76517126	85
11569	Central & West End	41.88436063	-87.76511761	85
11570	Central & Washington	41.88236059	-87.76504241	85
11572	Central & Adams	41.87841885	-87.76485379	85
11574	Central & Van Buren	41.87479785	-87.76471679	85
11575	Central & Harrison Terminal	41.8725738	-87.76480751	12, 85
11576	Central & Van Buren	41.87464585	-87.76457079	85
11578	Central & Adams	41.87826785	-87.76470779	85
11580	Central & Washington	41.88214719	-87.76481909	85
11581	Central & West End	41.88411954	-87.76490148	85
11582	Central & Fulton	41.88558967	-87.76496142	85
11583	Central & Corcoran (Green Line)	41.88711267	-87.7649957	85
11584	Central & Lake	41.88788141	-87.76504735	85
11585	Central & Race	41.88922085	-87.76510679	85
11586	Central & Ohio	41.89101685	-87.76517779	85
11587	Central & Huron	41.89284585	-87.76524979	85
11589	Central & Iowa	41.89663184	-87.76538323	85
11590	Central & Augusta	41.89839479	-87.76543498	85
11591	Central & Thomas	41.90026073	-87.76548763	85
11593	Central & Potomac	41.90386785	-87.76564479	85
11594	Central & Hirsch	41.90563398	-87.76570821	85
11595	Central & Le Moyne	41.90746412	-87.76577282	85
11596	Central & North Ave	41.90920852	-87.76570287	85
11597	Central & Wabansia	41.91111285	-87.76549179	85
11598	Central & Bloomingdale	41.91258697	-87.76555998	85
11600	Central & Armitage	41.91675885	-87.76563379	85
11602	Central & Palmer	41.92015336	-87.76573538	85
11603	Central & Belden	41.92211984	-87.76583923	85
11604	Central & Fullerton	41.92384627	-87.76589981	85
11605	Central & Altgeld	41.9257054	-87.76588064	85, 91
11606	Central & Wrightwood	41.92754879	-87.76604258	85, 91
11607	Central & Schubert	41.92936886	-87.7661048	85, 91
11608	Central & Diversey	41.93119051	-87.76615676	85, 91
11609	Central & George	41.93302386	-87.7662328	85, 91
11610	Central & Wellington	41.93484886	-87.7662958	85, 91
11611	Central & Barry	41.93666786	-87.7663588	85, 91
11614	Central & Roscoe	41.94214186	-87.7665518	85
11615	Central & Cornelia	41.94397086	-87.7666168	85
11616	Central & Addison	41.94578651	-87.76666985	85
11617	Central & Waveland	41.94761786	-87.7667428	85
11618	Central & Grace	41.94944686	-87.7668048	85
11619	Central & Byron	41.95125186	-87.7668658	85
11621	Central & Belle Plaine	41.95493686	-87.7669888	85
11624	Central & Cullom	41.95857286	-87.7671098	85
11625	Central & Montrose	41.96039141	-87.76715815	85
11626	Central & Sunnyside	41.962226	-87.76719784	85
11627	Central & Wilson	41.96490702	-87.76731918	85
11628	Central & Giddings	41.96632546	-87.76736415	85
11630	Central & Higgins	41.9701585	-87.76746166	85
11631	Central & Lovejoy	41.97797086	-87.7683668	85, 85A
11632	Central & Balmoral	41.97923786	-87.7683438	85, 85A
11633	Central & Catalpa	41.98104086	-87.7683108	85, 85A
11634	Central & Bryn Mawr	41.98285286	-87.7682778	85, 85A
11635	Bryn Mawr & Linder	41.98289086	-87.7660098	85
11636	Central & Elston	41.9848509	-87.76823005	85A
11637	Central & Leonard	41.98712886	-87.7681898	85A
11638	Central & Indian Road	41.98870787	-87.7666058	85A
11639	Edgebrook Golf Course	41.99064187	-87.7659048	85A
11640	Central & Prescott	41.99246587	-87.7654918	85A
11641	Central & Louise	41.99428587	-87.7648168	85A
11642	Lehigh & Central	41.99546369	-87.76461788	85A
11643	Lehigh & Caldwell	41.99644394	-87.76518442	85A
11644	Caldwell & Devon	41.99720886	-87.76641687	85A
11645	Caldwell & Algonquin	41.99781733	-87.767673	85A
11646	Caldwell & Waukesha	41.99865687	-87.7696368	85A
11647	Caldwell & Ponchartrain	41.99915187	-87.7706638	85A
11648	Caldwell & Keota	42.00013587	-87.7727248	85A
11649	Caldwell & Loleta	42.00061687	-87.7737568	85A
11650	Caldwell & Loron	42.00108587	-87.7748098	85A
11651	Caldwell & Lightfoot	42.00156187	-87.7758458	85A
11652	Caldwell & Jean	42.00285391	-87.77842143	85A
11653	Caldwell & Wildwood	42.003501	-87.77973473	85A
11654	Caldwell & Tonty	42.00415287	-87.78123081	85A
11655	Caldwell & Mendota	42.00482587	-87.78226081	85A
11656	Caldwell & Moselle	42.00556987	-87.78305581	85A
11657	Caldwell & Mcalpin	42.00727187	-87.78450981	85A
11658	Caldwell & Greenleaf	42.00900187	-87.78602081	85A
11659	Caldwell & Estes	42.01004238	-87.78689159	85A
11660	Caldwell & Touhy	42.01178387	-87.78846981	85A
11661	Touhy & Nagle	42.01195878	-87.7868516	85A
11662	Touhy & Mobile	42.01196178	-87.7844646	85A
11663	Touhy & Melvina	42.01196078	-87.7819946	85A
11664	Touhy & Moody	42.01195778	-87.7807486	85A
11665	Touhy & Meade	42.01194224	-87.77876944	85A
11666	Touhy & Ionia	42.01192191	-87.77703122	85A
11667	Touhy & Lehigh	42.01185415	-87.77345424	85A
11668	Lehigh & Greenleaf	42.00950187	-87.7721258	85A
11669	Lehigh & Tonty	42.00877187	-87.7717338	85A
11670	Lehigh & Wildwood	42.00774287	-87.7711988	85A
11671	Lehigh & Jean	42.00671587	-87.7706658	85A
11672	Lehigh & Loleta	42.00528287	-87.7699448	85A
11673	Lehigh & Keota	42.00422687	-87.7693958	85A
11674	Lehigh & Hiawatha	42.00244787	-87.7684678	85A
11675	Lehigh & Waukesha	42.00104487	-87.7677428	85A
11676	Lehigh & Algonquin	41.99894487	-87.7666508	85A
11677	Lehigh & Devon	41.99741859	-87.76592242	85A
11679	Lehigh & Central	41.99522259	-87.76466045	85A
11680	Central & Louise	41.99443787	-87.7649628	85A
11681	Central & Prescott	41.99261787	-87.7656378	85A
11682	Central & Edgebrook Golf Course	41.99074519	-87.76617728	85A
11683	Central & Indian Road	41.9887409	-87.76689694	85A
11684	Central & Leonard	41.98728086	-87.7683348	85A
11685	Central & Elston	41.98517702	-87.76838167	85A
11686	Wright College (Main Entrance)	41.95801563	-87.78795589	86
11687	Narragansett & Belle Plaine	41.95518486	-87.7866998	86
11688	Narragansett & Irving Park	41.95304927	-87.78666392	86
11689	Narragansett & Berenice	41.95027186	-87.7865088	86
11690	Narragansett & Grace	41.94929986	-87.7864708	86
11691	Narragansett & Waveland	41.94749386	-87.7863938	86
11692	Narragansett & Addison	41.94577162	-87.78638904	86
11693	Narragansett & Cornelia	41.94391086	-87.7863578	86
11694	Narragansett & Roscoe	41.94208086	-87.7862798	86
11695	Narragansett & School	41.94023886	-87.7862018	86
11697	Narragansett & Barry	41.93657185	-87.7859428	86
11698	Narragansett & Wellington	41.93474185	-87.7858828	86
11699	Narragansett & George	41.93291485	-87.7858238	86
11701	Narragansett & Schubert	41.92925585	-87.7857018	86
11702	Narragansett & Wrightwood	41.92745885	-87.7856408	86
11705	Narragansett & Palmer	41.92013985	-87.7854088	86
11706	Narragansett & Dickens	41.91831585	-87.7853858	86
11707	Narragansett & McLean	41.91674285	-87.7853838	86
11708	Narragansett & Cortland	41.91467785	-87.7852468	86
11709	Narragansett & Bloomingdale	41.91285785	-87.7851898	86
11710	Narragansett & Wabansia	41.91103885	-87.7851338	86
11711	Ridgeland & Le Moyne	41.90744885	-87.7833568	86
11712	Ridgeland & Greenfield	41.90586855	-87.78347923	86
11713	Ridgeland & Berkshire	41.90388493	-87.78423287	86
11714	Ridgeland & Division	41.90194215	-87.78487589	86
11715	Ridgeland & Thomas	41.89997743	-87.78512617	86
11716	Ridgeland & Augusta	41.89831089	-87.78503255	86
11717	Ridgeland & Iowa	41.896494	-87.78505643	86
11718	Ridgeland & Chicago	41.89469545	-87.78499862	86
11719	Ridgeland & Superior	41.8931851	-87.78495	86
11720	Ridgeland & Erie	41.89179779	-87.78488121	86
11721	Ridgeland & Ontario	41.89048444	-87.78481164	86
11722	Lake Street & Ridgeland	41.88816581	-87.78448137	86
11723	Lake Street & Cuyler (Green Line)	41.88811878	-87.78298565	86
11724	Lake Street & Lombard	41.88803524	-87.77987838	86
11725	South Blvd & Ridgeland	41.88717101	-87.7844021	86
11726	Ridgeland & Lake	41.88811493	-87.78450456	86
11727	Ridgeland & Ontario	41.89027806	-87.78459536	86
11728	Ridgeland & Erie	41.89170585	-87.7847078	86
11729	Ridgeland & Superior	41.89310585	-87.7847068	86
11730	Ridgeland & Chicago	41.8944481	-87.78477945	86
11731	Ridgeland & Iowa	41.89630585	-87.7848078	86
11732	Ridgeland & Augusta	41.89810585	-87.7848068	86
11733	Ridgeland & Thomas	41.89980695	-87.78497097	86
11734	Ridgeland & Division	41.9017712	-87.78467258	86
11735	Ridgeland & Berkshire	41.9037656	-87.78406202	86
11736	Ridgeland & Greenfield	41.90571002	-87.78337482	86
11737	Ridgeland & Le Moyne	41.90725063	-87.78321306	86
11738	Narragansett & North Ave	41.90957549	-87.78493827	86
11739	Narragansett & Wabansia	41.91087385	-87.7849878	86
11740	Narragansett & Bloomingdale	41.91269285	-87.7850448	86
11741	Narragansett & Cortland	41.91456962	-87.78504959	86
11742	Narragansett & Cortland	41.91621933	-87.78502163	86
11744	Narragansett & Dickens	41.91818951	-87.78516697	86
11745	Narragansett & Palmer	41.91997952	-87.78518926	86
11748	Narragansett & Wrightwood	41.92730785	-87.7854948	86
11749	Narragansett & Schubert	41.92908985	-87.7855558	86
11751	Narragansett & George	41.93274985	-87.7856778	86
11752	Narragansett & Wellington	41.93457585	-87.7857368	86
11753	Narragansett & Barry	41.93640685	-87.7857968	86
11754	Narragansett & Belmont	41.93820849	-87.78585558	86
11755	Narragansett & School	41.94007386	-87.7860558	86
11756	Narragansett & Roscoe	41.94191586	-87.7861348	86
11757	Narragansett & Cornelia	41.94374586	-87.7862128	86
11758	Narragansett & Addison	41.94558586	-87.7862308	86
11759	Narragansett & Waveland	41.94741086	-87.7862478	86
11760	Narragansett & Grace	41.94921686	-87.7863248	86
11761	Narragansett & Berenice	41.95011986	-87.7863628	86
11762	Narragansett & Irving Park	41.95282386	-87.78646797	86
11763	Narragansett & Belle Plaine	41.95503286	-87.7865538	86
11764	Harlem & Carmen	41.97333828	-87.80719695	90
11765	Harlem & Argyle	41.97100086	-87.80724374	90
11766	Harlem & Ainslie	41.96909315	-87.8072033	90
11767	Harlem & Leland	41.96538804	-87.80729463	90
11768	Harlem & Wilson	41.96381899	-87.80737793	90
11769	Harlem & Agatite	41.96137922	-87.80737796	90
11770	Harlem & Montrose	41.95996495	-87.80731454	90
11771	Harlem & Cullom	41.95831591	-87.8074047	90
11772	4242 N Harlem	41.95723148	-87.8074311	90
11773	4100 N. Harlem	41.95565124	-87.80740793	90
11774	Harlem & Forest Preserve Avenue	41.95405973	-87.80741605	90
11775	Harlem & Irving Park	41.95289509	-87.80738728	90
11776	Harlem & Byron	41.95081086	-87.80727081	90
11777	Harlem & Grace	41.94898786	-87.80720581	90
11778	Harlem & Waveland	41.94685541	-87.80718219	90
11779	Harlem & Addison	41.94541945	-87.80711015	90
11780	Harlem & Cornelia	41.94353586	-87.80701181	90
11781	Harlem & Roscoe	41.94167586	-87.80694481	90
11782	Harlem & School	41.93990085	-87.80688181	90
11783	Harlem & Belmont	41.93817482	-87.80685121	90
11785	Harlem & Wellington	41.93457911	-87.8066861	90
11786	Harlem & George	41.93284908	-87.80670814	90
11787	Harlem & Diversey	41.93098696	-87.80659856	90
11788	Harlem & Schubert	41.92947028	-87.80658284	90
11789	Harlem & Wrightwood	41.92787764	-87.80652746	90
11797	Harlem & Wrightwood	41.92704433	-87.80624565	90
11798	Harlem & Schubert	41.92885233	-87.80631065	90
11800	Harlem & George	41.93249914	-87.80647047	90
11801	Harlem & Wellington	41.93427792	-87.80654976	90
11802	Harlem & Barry	41.93628985	-87.80661481	90
11803	Harlem & Belmont	41.93781056	-87.80665441	90
11804	Harlem & School	41.93973485	-87.80673581	90
11805	Harlem & Roscoe	41.94151085	-87.80679881	90
11806	Harlem & Cornelia	41.94337086	-87.80686581	90
11807	Harlem & Addison	41.94512438	-87.80691388	90
11808	Harlem & Waveland	41.94701186	-87.80699581	90
11809	Harlem & Grace	41.94882286	-87.80705981	90
11810	Harlem & Byron	41.95064586	-87.80712481	90
11812	4100 N. Harlem	41.95499538	-87.80722266	90
11813	Harlem & Cullom	41.95810686	-87.80710881	90
11814	Harlem & Pensacola	41.95910586	-87.80710781	90
11815	Harlem & Montrose	41.96091186	-87.80710781	90
11816	Harlem & Sunnyside	41.96274659	-87.80713309	90
11817	Harlem & Wilson	41.96356833	-87.80700881	90
11818	Harlem & Leland	41.96540643	-87.80709649	90
11819	Harlem & Lawrence	41.96720686	-87.80700881	90
11820	Harlem & Ainslie	41.96907571	-87.80696137	90
11821	Harlem & Argyle	41.97089082	-87.80694228	90
11822	Harlem & Argyle	41.97180186	-87.80694854	90
11823	Harlem & Foster	41.97479286	-87.80695581	90
11824	Harlem & Farragut	41.97623286	-87.80695981	90
11825	Harlem & Summerdale	41.97780323	-87.8068984	90
11826	Harlem & Balmoral	41.97904814	-87.80689572	90
11827	Higgins & Harlem	41.98130254	-87.80741761	90
11859	Howard & McCormick Terminal	42.01895587	-87.71102379	11
11865	California & Birchwood	42.01759387	-87.69969178	93
11866	California & Jarvis	42.01577487	-87.69972478	93
11867	California & Chase	42.01396087	-87.69975778	93
11869	California & Touhy	42.01216814	-87.69981279	93
11870	California & Estes	42.01034287	-87.69981878	93, 96
11871	California & Lunt	42.0085433	-87.69986974	93
11872	California & Morse	42.00673387	-87.69987478	93
11873	California & Pratt	42.00493087	-87.69990078	93
11874	California & North Shore	42.00311087	-87.69985478	93
11875	California & Albion	42.00128987	-87.69980578	93
11876	California & Arthur	41.99946987	-87.69975778	93
11877	California & Devon	41.99765406	-87.69973405	93
11878	California & Rosemont	41.99584687	-87.69964978	93
11879	California & Granville	41.99435675	-87.69960178	93
11880	California & Glenlake	41.99226387	-87.69953078	93
11882	California & Thorndale	41.98865587	-87.69941078	93
11883	California & Ardmore	41.98683787	-87.69935078	93
11884	California & Lincoln	41.98578743	-87.69934099	93
11885	California & Hollywood	41.98501287	-87.69928978	93
11886	California & Bryn Mawr	41.98320687	-87.69922978	93
11887	California & Catalpa	41.98138287	-87.69917178	93
11888	California & Balmoral	41.97956187	-87.69911378	93
11889	California & Berwyn	41.97774287	-87.69905578	93
11890	California & Foster	41.97595799	-87.69902094	93
11892	Kedzie & Lawrence	41.96878747	-87.70840467	93
11893	Kedzie & Ainslie	41.97020096	-87.70840955	93
11894	Kedzie & Argyle	41.97198867	-87.70849608	93
11895	Kedzie & Carmen	41.97381863	-87.70854891	93
11896	Kedzie & Foster	41.97562208	-87.70859645	93
11897	California & Foster	41.97603362	-87.6988476	93
11898	California & Berwyn	41.97757687	-87.69890978	93
11899	California & Balmoral	41.97939587	-87.69896778	93
11900	California & Catalpa	41.98121687	-87.69902678	93
11901	California & Bryn Mawr	41.98304087	-87.69908478	93
11902	California & Lincoln	41.98532189	-87.69914923	93
11903	California & Ardmore	41.98667187	-87.69920478	93
11904	California & Thorndale	41.98848987	-87.69926578	93
11905	California & Peterson	41.99030651	-87.69931428	93
11906	California & Glenlake	41.99209887	-87.69938578	93
11907	California & Granville	41.99388887	-87.69944478	93
11908	California & Rosemont	41.99568187	-87.69950478	93
11909	California & Devon	41.99747887	-87.69956378	93
11910	California & Arthur	41.99930487	-87.69961278	93
11911	California & Albion	42.00112487	-87.69966078	93
11912	California & North Shore	42.00294487	-87.69970878	93
11913	California & Pratt	42.00476587	-87.69975478	93
11914	California & Morse	42.00656887	-87.69972878	93
11915	California & Lunt	42.00837187	-87.69970078	93
11916	California & Estes	42.01017787	-87.69967278	93, 96
11917	California & Touhy	42.01198887	-87.69964478	93
11919	California & Chase	42.01379587	-87.69961178	93
11920	California & Jarvis	42.01560887	-87.69957878	93
11921	California & Birchwood	42.01742887	-87.69954578	93
11927	93rd Street & Drexel	41.72572383	-87.60118573	95, N5
11928	93rd Street & Ellis	41.72572759	-87.59971696	95, N5
11929	93rd Street & Greenwood	41.72576883	-87.59751272	95, N5
11930	93rd Street & Woodlawn	41.72579488	-87.5949986	95, N5
11931	Woodlawn & 94th Street	41.72412083	-87.59494972	95, N5
11932	95th Street & Woodlawn	41.72210883	-87.59445672	95, 100, N5
11933	1300 E 95th Street	41.72216473	-87.59240156	95, 100, N5
11934	95th Street & Dorchester	41.7221979	-87.59077277	95, 100, N5
11935	1500 E 95th Street	41.72221183	-87.58795772	95, 100, N5
11936	93rd Street & East End	41.72592183	-87.58271672	95, N5
11937	93rd Street & Cregier	41.72596083	-87.58040172	95, N5
11938	93rd Street & Bennett	41.72599883	-87.57797972	95, N5
11939	93rd Street & Jeffery	41.72606398	-87.57559706	95, N5
11940	93rd Street & Clyde	41.72605483	-87.57308972	95, N5
11941	93rd Street & Paxton	41.72610383	-87.57068372	95, N5
11943	93rd Street & Oglesby	41.72614783	-87.56700772	95, N5
11944	93rd Street & Yates	41.72619783	-87.56578772	95, N5
11945	93rd Street & Essex	41.72624083	-87.56336172	95, N5
11946	93rd Street & Colfax	41.72626983	-87.56093871	95, N5
11947	93rd Street & Marquette Avenue	41.72631583	-87.55826171	95, N5
11948	93rd Street & Manistee	41.72635248	-87.55672065	95, N5
11949	93rd Street & Escanaba	41.72636583	-87.55413771	95, N5
11950	Exchange & South Chicago	41.72758364	-87.55264993	95, N5
11951	Exchange & 92nd Street	41.72812565	-87.55251551	95, N5
11953	92nd Street & Baltimore	41.72819201	-87.54863275	95
11999	Buffalo & 92nd Street	41.7284423	-87.54434271	95
12000	92nd Street & Burley	41.72838478	-87.54553108	95
12002	92nd Street & Baltimore	41.72834062	-87.54830369	95
12004	Exchange & South Chicago	41.72801178	-87.55266232	95, N5
12005	Exchange & Anthony	41.72653168	-87.55389532	95, N5
12006	93rd Street & Manistee	41.72645378	-87.55664671	95, N5
12007	93rd Street & Marquette Avenue	41.72645378	-87.55794771	95, N5
12008	93rd Street & Colfax	41.72636885	-87.56071039	95, N5
12009	93rd Street & Essex	41.7263696	-87.56322683	95, N5
12010	93rd Street & Yates	41.72628658	-87.56562179	95, N5
12011	93rd Street & Oglesby	41.72627137	-87.56691553	95, N5
12013	93rd Street & Paxton	41.72625297	-87.5705333	95, N5
12014	93rd Street & Clyde	41.72614997	-87.57283531	95, N5
12015	93rd Street & Jeffery	41.72618428	-87.57531618	95, N5
12016	93rd Street & Bennett	41.72615195	-87.57773232	95, N5
12017	93rd Street & Cregier	41.72610438	-87.5802008	95, N5
12018	93rd Street & East End	41.72608725	-87.5825026	95, N5
12019	93rd Street & Stony Island	41.72608498	-87.58483783	95, N5
12020	Stony Island & 93rd Street	41.72583883	-87.58549572	28, 95, N5
12021	1500 E 95th Street	41.7223816	-87.58785192	95, 100, N5
12022	95th Street & Dorchester	41.72234119	-87.59058598	95, 100, N5
12023	1300 E 95th Street	41.72231042	-87.59242157	95, 100, N5
12024	95th Street & Woodlawn	41.72230065	-87.59468603	95, 100, N5
12025	Woodlawn & 94th Street	41.72399198	-87.59467263	95, N5
12026	93rd Street & Woodlawn	41.72591064	-87.59513589	95, N5
12027	93rd Street & Greenwood	41.72587762	-87.59723428	95, N5
12028	93rd Street & Ellis	41.72584745	-87.59954063	95, N5
12029	93rd Street & Drexel	41.72585896	-87.6008363	95, N5
12031	Kedzie & Devon	41.99758466	-87.70926262	11
12032	Kedzie & Albion	42.0012595	-87.70929493	11
12033	Kedzie & Pratt	42.00458244	-87.70922347	11
12034	6833 N Kedzie	42.00545948	-87.70919557	11
12035	6933 N Kedzie	42.00735852	-87.7091427	11
12037	7061 N Kedzie	42.0106751	-87.70903603	11
12039	Touhy & Albany	42.01186104	-87.70683069	96
12040	Touhy & Sacramento	42.01191234	-87.70464395	96
12041	Touhy & Francisco	42.01192909	-87.70219213	96
12042	Touhy & California	42.01198209	-87.69982913	96
12043	Lunt & California	42.00843816	-87.69941838	96
12044	Lunt & Washtenaw	42.00847386	-87.69747554	96
12045	Lunt & Rockwell	42.00852386	-87.69507354	96
12046	Lunt & Campbell	42.00853592	-87.69266176	96
12047	Lunt & Western	42.00858601	-87.68973918	96
12048	Lunt & Oakley	42.00861	-87.68811219	96
12049	Lunt & Bell	42.00868346	-87.68613181	96
12050	Lunt & Hamilton	42.00877446	-87.68407081	96
12051	Lunt & Ridge	42.00892557	-87.68204473	96
12052	Lunt & Damen	42.00883769	-87.68017332	96
12053	Lunt & Wolcott	42.00883158	-87.67817818	96
12054	Lunt & Ravenswood	42.00889931	-87.67595787	96
12055	Lunt & Clark	42.00893887	-87.67409725	96
12057	Morse & Paulina	42.00775567	-87.67228497	96
12058	Morse & Ashland	42.00777751	-87.67017435	96
12060	Lunt & Sheridan	42.00922928	-87.66239317	96
12061	Lunt & Glenwood	42.00917885	-87.66613107	96
12062	Lunt & Greenview	42.00919004	-87.66807748	96
12063	Lunt & Ashland	42.00911534	-87.66994585	96
12064	Lunt & Paulina	42.00906179	-87.67242364	96
12065	Lunt & Clark	42.00904319	-87.67418933	96
12066	Lunt & Ravenswood	42.00900843	-87.67586706	96
12067	Lunt & Wolcott	42.00896413	-87.67794425	96
12068	Lunt & Damen	42.00892356	-87.68005504	96
12069	Lunt & Ridge	42.0088955	-87.68167065	96
12070	Lunt & Hamilton	42.00894638	-87.68380074	96
12071	Lunt & Bell	42.00886782	-87.68592553	96
12072	Lunt & Oakley	42.00871328	-87.68802244	96
12073	Lunt & Western	42.00866428	-87.68996244	96
12074	Lunt & Campbell	42.00866694	-87.69257611	96
12075	Lunt & Rockwell	42.00862767	-87.69489966	96
12076	Lunt & Washtenaw	42.00852472	-87.69718415	96
12077	Lunt & California	42.00851306	-87.6996506	96
12078	Touhy & California	42.01212627	-87.69999461	96
12079	Touhy & Francisco	42.01212337	-87.70214934	96
12080	Touhy & Sacramento	42.01205543	-87.70425477	96
12081	Touhy & Albany	42.01196994	-87.70664523	96
12085	6933 N Kedzie	42.00737922	-87.70928067	11
12086	6833 N Kedzie	42.00557065	-87.70932468	11
12088	Kedzie & Albion	42.00103556	-87.70939683	11
12089	Kedzie & Devon	41.99750774	-87.70944073	11
12090	930 E 95th Street	41.72200618	-87.60082223	100
12091	95th Street & Greenwood	41.72206216	-87.59731841	100
12092	95th Street & Stony Island	41.72225383	-87.58545772	100
12093	95th Street & Constance	41.72236435	-87.57918465	100
12095	95th Street & Jeffery	41.72240837	-87.57498823	100
12098	2300 E 95th Street	41.7224786	-87.56787839	100
12099	95th Street & Yates	41.72253059	-87.56486488	100
12100	Yates & 96th Street	41.72034825	-87.56475874	100
12101	Yates & 97th Street	41.71903563	-87.56472997	100
12102	9800 S Yates	41.71705182	-87.56469646	100
12103	Yates & 99th Street	41.71545227	-87.5646723	100
12104	Yates & 100th Street	41.71364974	-87.56465158	100
12105	95th Street & Jeffery	41.7225458	-87.57568173	100
12107	95th Street & Constance	41.72248974	-87.57901677	100
12108	95th Street & Stony Island	41.72246035	-87.58478052	100
12109	95th Street & Greenwood	41.72226565	-87.59719086	100
12110	930 E 95th Street	41.7221647	-87.60085948	100
12111	Yates & 100th Street	41.71374411	-87.56453371	100
12112	Yates & 99th Street	41.71526379	-87.56455734	100
12113	9800 S Yates	41.71703308	-87.56458284	100
12114	Yates & 97th Street	41.71888131	-87.56460838	100
12115	Yates & 96th Street	41.72016918	-87.56462141	100
12117	2300 E 95th Street	41.72263157	-87.56787657	100
12121	Pulaski & 104th Street Terminal	41.70416682	-87.72063076	103
12122	103rd Street & Springfield	41.7058536	-87.71856861	103
12123	103rd Street & Hamlin	41.70588805	-87.71612764	103
12124	103rd Street & Lawndale	41.70592549	-87.71368157	103
12125	103rd Street & Central Park	41.70596571	-87.71117673	103
12126	103rd Street & St. Louis	41.70600233	-87.7088954	103
12127	103rd Street & Homan	41.70603439	-87.70635695	103
12128	103rd Street & Spaulding	41.70603497	-87.70388076	103
12129	103rd Street & Kedzie	41.70606905	-87.70148472	103
12130	103rd Street & Albany	41.7061113	-87.69911294	103
12131	103rd Street & Sacramento	41.70616671	-87.69683939	103
12132	103rd Street & Francisco	41.70620269	-87.69404872	103
12133	103rd Street & California	41.70623103	-87.69163007	103
12134	103rd Street & Fairfield	41.70624861	-87.689961	103
12135	103rd Street & Talman	41.70628504	-87.68785194	103
12136	2600 W 103rd Street	41.70628434	-87.68664942	103
12137	103rd Street & Campbell	41.70631164	-87.68423161	103
12138	103rd Street & Western	41.70630469	-87.68185034	103
12140	103rd Street & Bell	41.7063831	-87.67809006	103
12141	103rd Street & Leavitt	41.70640812	-87.6768855	103
12142	103rd Street & Hoyne	41.70645998	-87.67445767	103
12143	103rd Street & Seeley	41.70648648	-87.67312282	103
12144	103rd Street & Longwood	41.70652164	-87.67084769	103
12145	103rd Street & Walden	41.70653982	-87.66883674	103
12146	103rd Street & Wood	41.7065621	-87.66723203	103
12147	1700 W 103rd Street	41.70661685	-87.66434696	103
12148	103rd Street & Prospect	41.70666237	-87.66220739	103
12149	103rd Street & Church	41.70667027	-87.66045816	103
12150	103rd Street & Charles	41.70669381	-87.65877037	103
12152	103rd Street & Vincennes Ave	41.70670103	-87.65626212	103
12153	Julian High School	41.70673753	-87.65529642	103
12154	103rd Street & Racine	41.70677833	-87.65218503	103
12155	103rd Street & Aberdeen	41.70679528	-87.65029303	103
12156	103rd Street & Morgan	41.70680538	-87.64776456	103
12157	103rd Street & Peoria	41.70683295	-87.64536424	103
12158	103rd Street & Halsted	41.7068666	-87.64306965	103
12159	103rd Street & Union	41.70689225	-87.64052205	103
12160	103rd Street & Wallace	41.7069222	-87.63807893	103
12161	103rd Street & Normal	41.70695152	-87.63568129	103
12162	103rd Street & Eggleston	41.70698197	-87.6335687	103
12163	103rd Street & Princeton	41.70701758	-87.63082626	103
12164	103rd Street & Wentworth	41.70704717	-87.62839745	103
12165	103rd Street & Perry	41.70707904	-87.62591124	103
12166	103rd Street & State	41.70710268	-87.62367678	103
12167	103rd Street & State	41.70724193	-87.62338967	103
12168	103rd Street & Perry	41.70720527	-87.62578679	103
12170	103rd Street & Princeton	41.70714604	-87.63059325	103
12171	103rd Street & Harvard	41.70712096	-87.63250125	103
12172	103rd Street & Normal	41.70708785	-87.63544444	103
12173	103rd Street & Wallace	41.7070527	-87.63788067	103
12174	103rd Street & Union	41.70702332	-87.64030784	103
12176	103rd Street & Peoria	41.70696904	-87.64517741	103
12177	103rd Street & Morgan	41.70694371	-87.64759603	103
12178	103rd Street & Aberdeen	41.7069226	-87.64999097	103
12179	103rd Street & Racine	41.70690172	-87.65237888	103
12180	103rd Street & Vincennes	41.70686724	-87.65547334	103
12181	103rd Street & Malta	41.70683801	-87.65698646	103
12182	103rd Street & Charles	41.70681211	-87.65855348	103
12183	103rd Street & Church	41.70678696	-87.66036571	103
12184	103rd Street & Prospect	41.70676528	-87.66198158	103
12185	1700 W 103rd Street	41.70671096	-87.66435615	103
12186	103rd Street & Wood	41.70666533	-87.66702192	103
12187	103rd Street & Hale	41.70665426	-87.66861432	103
12188	103rd Street & Longwood	41.70662719	-87.67054258	103
12189	103rd Street & Seeley	41.70656779	-87.67305546	103
12190	103rd Street & Hoyne	41.70653528	-87.67514151	103
12191	103rd Street & Leavitt	41.70650985	-87.67672123	103
12192	103rd Street & Bell	41.70648068	-87.67831378	103
12193	103rd Street & Oakley	41.706458	-87.67988123	103
12194	103rd Street & Western	41.70646156	-87.6813799	103
12195	103rd Street & Campbell	41.70648775	-87.68412087	103
12196	2600 W 103rd Street	41.7064675	-87.68638105	103
12197	103rd Street & Talman	41.7064481	-87.68824706	103
12198	103rd Street & Fairfield	41.70642649	-87.69016651	103
12199	103rd Street & California	41.70641293	-87.69134858	103
12200	103rd Street & Francisco	41.70638226	-87.69381225	103
12201	3000 W 103rd Street	41.70635974	-87.69627656	103
12202	103rd Street & Albany	41.70631425	-87.69831393	103
12203	103rd Street & Kedzie	41.70629869	-87.70116166	103
12204	103rd Street & Spaulding	41.70626576	-87.7037057	103
12205	103rd Street & Homan	41.70622496	-87.70613636	103
12206	103rd Street & St. Louis	41.70620038	-87.70859871	103
12207	103rd Street & Central Park	41.70617101	-87.71093218	103
12208	103rd Street & Lawndale	41.70612431	-87.71350034	103
12209	103rd Street & Hamlin	41.70607603	-87.71591121	103
12210	103rd Street & Springfield	41.70603629	-87.71828512	103
12211	Pulaski & 103rd Street	41.70557829	-87.72102104	103, 53A
12212	103rd Street & Michigan	41.70716518	-87.61997029	106
12213	103rd Street & Indiana	41.70719118	-87.61876929	106
12214	103rd Street & Prairie	41.70719218	-87.61752129	106
12215	103rd Street & Forest	41.70721667	-87.61629829	106
12216	103rd Street & Calumet	41.70723019	-87.61506667	106
12219	103rd Street & Eberhart	41.70729593	-87.61144319	106
12221	103rd Street & St. Lawrence	41.7073328	-87.60899813	106
12223	103rd Street & Corliss	41.70744364	-87.6034872	106
12224	900 E 103rd Street	41.70746519	-87.60131265	106
12225	1001 E 103rd Street	41.70749419	-87.59895365	106
12226	1100 E 103rd Street	41.70753989	-87.5966121	106
12227	103rd Street & Woodlawn	41.70755071	-87.59455877	106
12230	Torrence & 104th Street	41.70651808	-87.55974512	26, 100
12231	106th Street & Torrence	41.70270076	-87.55907545	26, 100
12232	2801 E 106th Street	41.70269042	-87.55755821	26, 100
12233	106th Street & Muskegon	41.70269692	-87.55496151	26, 100
12234	3033 E 106th Street	41.70268702	-87.54937809	26, 100
12236	106th Street & Mackinaw	41.70269855	-87.54266901	26, 100
12238	106th Street & Avenue O	41.70268703	-87.54025427	26, 100
12241	106th Street & Ewing	41.70267687	-87.53543573	100
12242	106th Street & Avenue H	41.70266592	-87.5329577	100
12244	106th Street & Avenue F	41.70264709	-87.53053854	100
12246	106th Street & Avenue C	41.70262457	-87.52707385	100
12247	Avenue C & 107th Street	41.7009682	-87.52703049	100
12248	Avenue C & 108th Street	41.69914627	-87.52705237	100
12249	Avenue C & 109th Street	41.69729056	-87.5270957	100
12250	Avenue C & 110th Street	41.69551654	-87.52708284	100
12251	Avenue C & 111th Street	41.69369939	-87.52709964	100
12252	Avenue C & 112th Street	41.69192339	-87.52711003	100
12253	112th Street & Avenue B	41.69171559	-87.52595426	100
12254	Avenue B & 111th Street	41.69356294	-87.52575445	100
12255	Avenue B & 110th Street	41.69531833	-87.5257154	100
12256	Avenue B & 109th Street	41.69711833	-87.52571541	100
12257	Avenue B & 108th Street	41.69891933	-87.52571442	100
12258	Avenue B & 107th Street	41.70080209	-87.52570518	100
12259	106th Street & Avenue B	41.70279535	-87.52661723	100
12260	106th Street & Avenue D	41.70277949	-87.52829853	100
12261	106th Street & Avenue F	41.70278201	-87.53036092	100
12263	106th Street & Avenue H	41.70280084	-87.53278109	100
12267	106th Street & Avenue O	41.70282329	-87.53999669	26, 100
12269	106th Street & Mackinaw	41.70285842	-87.54242767	26, 100
12271	3033 E 106th Street	41.70285044	-87.54856031	26, 100
12272	106th Street & Muskegon	41.70285271	-87.55466971	26, 100
12273	2800 E 106th Street	41.7028567	-87.5561377	26, 100
12275	106th Street & Torrence	41.7028547	-87.5593677	26, 100
12278	1100 E 103rd Street	41.70768465	-87.59593908	106
12279	1000 E 103rd Street	41.70761876	-87.59913198	106
12280	900 E 103rd Street	41.70758975	-87.60146198	106
12281	103rd Street & Corliss	41.70756175	-87.60395998	106
12282	103rd Street & Cottage Grove	41.70751492	-87.60630791	106
12283	103rd Street & St. Lawrence	41.70746254	-87.60878261	106
12285	103rd Street & Eberhart	41.70742447	-87.61120099	106
12287	103rd Street & King Drive	41.7073921	-87.61362767	106
12288	103rd Street & Calumet	41.70736711	-87.61489263	106
12289	103rd Street & Forest	41.70734888	-87.61609547	106
12290	103rd Street & Prairie	41.7073312	-87.61732131	106
12291	103rd Street & Indiana	41.70731109	-87.61853392	106
12292	103rd Street & Michigan	41.70729414	-87.62004691	106
12351	Ashland & Marquette Rd	41.77240733	-87.66389579	9
12352	Vincennes & 104th Street	41.70505193	-87.65679372	9, 112
12353	Vincennes & 105th Street	41.70319504	-87.65745886	112
12354	10602 S Vincennes	41.70094567	-87.65828431	112
12356	Vincennes & 108th Place	41.69680155	-87.66017269	112
12357	Vincennes & 109th Street	41.69589417	-87.66078441	112
12358	Vincennes & Ashland	41.69456405	-87.66172279	112
12359	Vincennes & Chelsea Place	41.69298261	-87.66282585	112
12360	Monterey & Hermosa	41.69083697	-87.66672281	112
12361	Monterey & Esmond	41.69136345	-87.66838426	112
12362	Monterey & Hale	41.69200316	-87.67044514	112
12363	111th Street & Longwood	41.69200713	-87.67172151	112
12364	111th Street & Hoyne	41.69197735	-87.67376612	112
12366	111th Street & Bell	41.69191909	-87.67732447	112
12367	111th Street & Western	41.69186116	-87.68093043	112
12369	111th Street & Rockwell	41.69181207	-87.68581786	112
12370	111th Street & Washtenaw	41.6917841	-87.68845242	112
12372	111th Street & California	41.69178245	-87.69082666	112
12374	111th Street & Sacramento	41.69170108	-87.69565536	112
12375	111th Street & Albany	41.69168188	-87.69820857	112
12377	111th Street & Spaulding	41.69159841	-87.70326297	112
12378	111th Street & Homan	41.69157331	-87.7055682	112
12379	111th Street & St. Louis	41.69151714	-87.70806101	112
12382	111th Street & Hamlin	41.69140662	-87.7153502	112
12386	111th Street & Hamlin	41.69128482	-87.71546576	112
12387	111th Street & Lawndale	41.69131972	-87.71326785	112
12389	111th Street & St. Louis	41.69139882	-87.70826575	112
12390	111th Street & Homan	41.69143882	-87.70583475	112
12391	111th Street & Spaulding	41.69147582	-87.70341075	112
12393	111th Street & Albany	41.69154282	-87.69848475	112
12394	111th Street & Sacramento	41.69152135	-87.69614494	112
12396	111th Street & California	41.69161965	-87.69099263	112
12398	111th Street & Washtenaw	41.69166082	-87.68864175	112
12399	2600 W 111th Street	41.69167522	-87.68615926	112
12400	111th Street & Campbell	41.69171582	-87.68376375	112
12402	111th Street & Bell	41.69175438	-87.6776947	112
12404	111th Street & Hoyne	41.69183782	-87.67424874	112
12405	111th Street & Hale	41.69186182	-87.67080174	112
12410	Vincennes & 109th Street	41.69567957	-87.66075855	112
12411	Vincennes & 108th Place	41.69652973	-87.66016288	112
12412	Vincennes & 107th Street	41.69933453	-87.65869955	112
12413	10602 S Vincennes	41.70088838	-87.65813377	112
12414	Vincennes & 105th Street	41.70304935	-87.65733749	112
12415	Vincennes & 104th Street	41.70486969	-87.6566661	112
12416	119th Street & State	41.67808674	-87.62256612	119
12417	119th Street & Perry	41.67806217	-87.62503724	119
12418	119th Street & Wentworth	41.6780349	-87.62736175	119
12419	119th Street & Princeton	41.67801378	-87.62973583	119
12420	119th Street & Stewart	41.67798434	-87.63214341	119
12421	119th Street & Normal	41.67795962	-87.63456921	119
12422	119th Street & Wallace	41.67793175	-87.63697659	119
12423	119th Street & Union	41.67789765	-87.63934748	119
12425	119th Street & Peoria	41.67785889	-87.6442334	119
12426	119th Street & Morgan	41.67782578	-87.64668457	119
12427	119th Street & Elizabeth	41.67774406	-87.65279209	119
12428	119th Street & Loomis	41.67767776	-87.65639212	119
12429	119th Street & Laflin	41.67764062	-87.65882694	119
12430	119th Street & Ashland	41.6776356	-87.66120191	119
12431	119th Street & Marshfield	41.67758975	-87.66273224	119
12432	119th Street & Page	41.67755556	-87.66505484	119
12433	119th Street & Vincennes	41.67742216	-87.67157729	119
12436	119th Street & Bell	41.67731903	-87.67682165	119
12437	119th Street & Bell	41.67721426	-87.67706201	119
12440	119th Street & Vincennes	41.6772653	-87.67255358	119
12441	119th Street & Page	41.67740654	-87.66524805	119
12442	119th Street & Marshfield	41.67742462	-87.66267172	119
12443	119th Street & Justine	41.67749985	-87.66049356	119
12444	119th Street & Laflin	41.67752611	-87.65908014	119
12445	119th Street & Loomis	41.67754811	-87.65659415	119
12446	119th Street & Elizabeth	41.677601	-87.65271988	119
12447	119th Street & Morgan	41.67767772	-87.64688555	119
12449	119th Street & Peoria	41.6777164	-87.64442881	119
12453	119th Street & Halsted	41.67775067	-87.642148	119
12454	119th Street & Union	41.67779248	-87.6396222	119
12455	119th Street & Wallace	41.67781882	-87.63720673	119
12456	119th Street & Normal	41.67784382	-87.63479473	119
12457	119th Street & Stewart	41.67787172	-87.63240062	119
12458	119th Street & Princeton	41.67789816	-87.62999021	119
12459	119th Street & Wentworth	41.67792421	-87.62757465	119
12460	119th Street & Perry	41.67794953	-87.62524575	119
12461	119th Street & State	41.67797399	-87.62278223	119
12462	Addison & Cumberland Terminal	41.94444599	-87.83549895	152
12464	Addison & Pittsburgh	41.94481485	-87.83285181	152
12466	Addison & Paris	41.94488085	-87.83040882	152
12469	Addison & Forest Preserve Avenue	41.94502435	-87.82562051	152
12470	Addison & Orange	41.94506085	-87.82426681	152
12471	Addison & Ozanam	41.94512885	-87.82180081	152
12472	Addison & Overhill	41.94517686	-87.81971181	152
12473	Addison & Oriole	41.94512985	-87.81688181	152
12474	Addison & Olcott	41.94506885	-87.81444681	152
12475	Addison & Oketo	41.94511486	-87.81193681	152
12476	Addison & Octavia	41.94515886	-87.80953081	152
12479	Addison & Nordica	41.94528086	-87.80344981	152
12480	Addison & Sayre	41.94532886	-87.80077281	152
12481	Addison & New England	41.94537786	-87.79854681	152
12483	Addison & Normandy	41.94544742	-87.79364003	152
12485	Addison & Neenah	41.94554286	-87.7900958	152
12488	Addison & Mobile	41.94564186	-87.7839148	152
12489	Addison & Melvina	41.94566786	-87.7814878	152
12490	Addison & Meade	41.94569386	-87.7790508	152
12491	Addison & Austin	41.94571786	-87.7762588	152
12492	Addison & Marmora	41.94574586	-87.7741858	152
12493	Addison & Menard	41.94578069	-87.77168541	152
12494	Addison & Major	41.94577304	-87.76931201	152
12496	Addison & Linder	41.94583004	-87.76440701	152
12497	Addison & Long	41.94586104	-87.76195401	152
12498	Addison & Lockwood	41.94594168	-87.75942925	152
12499	Addison & Laramie	41.94591144	-87.75704139	152
12500	Addison & Leclaire	41.94600268	-87.75442625	152
12501	Addison & Lavergne	41.94603368	-87.75206625	152
12502	Addison & Lamon	41.9460295	-87.74974392	152
12504	Addison & Kilpatrick	41.94610703	-87.74409874	152
12505	Addison & Kenton	41.94613852	-87.74184493	152
12507	Addison & Kostner	41.94619665	-87.73730853	152
12508	Addison & Milwaukee	41.94621807	-87.73502571	152
12509	Addison & Keeler	41.94624546	-87.73229989	152
12510	Addison & Karlov	41.94629899	-87.72931777	152
12512	Addison & Springfield	41.94633016	-87.72508478	152
12513	Addison & Hamlin	41.94636216	-87.72264178	152
12514	Addison & Lawndale/Avondale	41.94641907	-87.7201528	152
12515	Addison Blue Line Station	41.94642516	-87.71753078	152
12516	Addison & St. Louis	41.94646885	-87.71526625	152
12518	Addison & Elston	41.94656586	-87.70893878	152
12519	Addison & Kedzie	41.9465765	-87.70758931	152
12520	Addison & Albany	41.94659619	-87.7054843	152
12521	Addison & Sacramento	41.946605	-87.70303036	152
12522	Addison & Francisco	41.946601	-87.70054914	152
12523	Addison & California	41.94663186	-87.69813978	152
12524	Addison & Rockwell	41.94665186	-87.69425077	152
12525	Addison & Campbell (Lane Tech HS)	41.94668008	-87.69051339	152
12527	Addison & Western	41.94666776	-87.68848011	152
12529	Addison & Leavitt	41.9467539	-87.68349956	152
12530	Addison & Hoyne	41.94677202	-87.68106481	152
12531	Addison & Damen	41.94680744	-87.67868217	152
12532	Addison & Wolcott	41.94684084	-87.67622859	152
12533	Addison Brown Line Station	41.94684947	-87.67465352	152
12535	Addison & Paulina	41.94690377	-87.67139877	152
12536	Addison & Ashland	41.94692561	-87.66904647	152
12537	Addison & Greenview	41.94698186	-87.66655277	152
12538	Addison & Southport	41.94702186	-87.66413977	152
12539	Addison & Lakewood	41.94706286	-87.66171477	152
12541	Addison & Clark	41.94715505	-87.65618762	152
12543	Addison Red Line Station	41.94720491	-87.65364057	152
12546	Addison & Broadway	41.94726362	-87.64737677	152
12547	Addison & Pine Grove	41.94785231	-87.64560146	152
12548	Addison & Lake Shore	41.94854003	-87.64355784	152
12549	Addison & Lake Shore	41.94861675	-87.64376875	152
12550	Addison & Pine Grove	41.94800511	-87.64549316	152
12551	Addison & Broadway	41.94746133	-87.64717317	152
12552	Addison & Halsted	41.94737867	-87.64932321	152
12553	Addison & Fremont	41.94735749	-87.6518015	152
12554	Addison Red Line Station	41.94730675	-87.65361672	152
12555	Addison & Clark	41.94728439	-87.65641092	152
12556	Addison & Racine	41.94721595	-87.65897634	152
12557	Addison & Lakewood	41.94717742	-87.66151053	152
12558	Addison & Southport	41.94713709	-87.66388929	152
12559	Addison & Greenview	41.94710096	-87.66634353	152
12560	Addison & Ashland	41.94707389	-87.66867899	152
12561	Addison & Paulina	41.94703023	-87.67120951	152
12563	Addison Brown Line Station	41.94696563	-87.67467323	152
12564	Addison & Wolcott	41.94694077	-87.67599238	152
12565	Addison & Damen	41.94693707	-87.67837278	152
12566	Addison & Hoyne	41.94687632	-87.6808648	152
12567	Addison & Leavitt	41.94687505	-87.68334608	152
12569	Addison & Western	41.94680762	-87.68803239	152
12571	Addison & Campbell	41.94679223	-87.69101887	152
12573	Addison & Talman	41.94677186	-87.69479859	94, 152
12574	Addison & California	41.94675255	-87.69786135	152
12575	Addison & Francisco	41.9467369	-87.70039564	152
12576	Addison & Sacramento	41.94672308	-87.70283515	152
12577	Addison & Albany	41.94670274	-87.7052077	152
12578	Addison & Kedzie	41.94670774	-87.70769706	152
12579	Addison & Elston	41.94667738	-87.70909215	152
12581	Addison & St. Louis	41.94660156	-87.71506716	152
12582	Addison Blue Line Station	41.94659606	-87.7184161	152
12583	Addison & Lawndale/Avondale	41.9465316	-87.72038274	152
12584	Addison & Hamlin	41.94652763	-87.72233317	152
12585	Addison & Springfield	41.94647494	-87.72483371	152
12586	Addison & Pulaski	41.94644763	-87.727268	152
12587	Addison & Karlov	41.94640917	-87.72907416	152
12589	Addison & Keeler	41.9463849	-87.73214912	152
12590	Addison & Milwaukee	41.94631123	-87.73546708	152
12591	Addison & Kostner	41.94631406	-87.73719139	152
12593	Addison & Kenton	41.94625661	-87.74199698	152
12594	Addison & Kilpatrick	41.94624334	-87.74442174	152
12596	Addison & Lamon	41.94617598	-87.7494199	152
12597	Addison & Lavergne	41.94612665	-87.75185804	152
12598	Addison & Leclaire	41.9461285	-87.75434339	152
12599	Addison & Laramie	41.94602466	-87.75675898	152
12600	Addison & Lockwood	41.94606065	-87.75925768	152
12602	Addison & Linder	41.94594152	-87.76423508	152
12604	Addison & Major	41.94589349	-87.76903664	152
12605	Addison & Menard	41.94590042	-87.7715231	152
12606	Addison & Marmora	41.94582427	-87.77399072	152
12608	Addison & Meade	41.94586045	-87.77883608	152
12609	Addison & Melvina	41.94576244	-87.78123409	152
12610	Addison & Mobile	41.94576043	-87.7837331	152
12613	Addison & Neenah	41.94566808	-87.78995806	152
12615	Addison & Normandy	41.94558572	-87.79342958	152
12616	Addison & Oak Park	41.94552279	-87.7958977	152
12617	Addison & New England	41.94549277	-87.79829814	152
12618	Addison & Sayre	41.94545809	-87.80066773	152
12619	Addison & Nordica	41.94540939	-87.80323561	152
12622	Addison & Octavia	41.94525644	-87.80932915	152
12623	Addison & Oketo	41.94527396	-87.81174385	152
12624	Addison & Olcott	41.94522673	-87.81419791	152
12625	Addison & Oriole	41.94524031	-87.8166744	152
12626	Addison & Overhill	41.94529443	-87.81947316	152
12627	Addison & Ozanam	41.94519342	-87.82165776	152
12628	Addison & Forest Preserve Avenue	41.94512353	-87.82512557	152
12629	Addison & Page	41.94507769	-87.82764913	152
12631	Addison & Paris	41.94503992	-87.83024517	152
12633	Addison & Pittsburgh	41.94497461	-87.83267762	152
12635	Addison & Pontiac	41.94485881	-87.83512029	152
12637	Central Street & Broadway/Poplar	42.06442025	-87.69796194	201
12639	Central Street & Girard (Purple Line)	42.06417045	-87.6858232	201
12640	Central Street & Girard (Purple Line)	42.06425231	-87.6854749	201
12643	Central Street & Prospect	42.06470807	-87.72547405	201, 206
12648	Church & Sherman	42.04844907	-87.68201615	201
12665	Emerson & Maple	42.05222146	-87.68485577	93
12666	Emerson & Ridge	42.05219619	-87.68771705	93
12675	Maple & Church	42.04886824	-87.68469578	93
12680	Church & Maple	42.04840918	-87.68506396	201
12686	Davis & Maple	42.04713058	-87.68474942	93, 201
12687	Davis & Oak	42.04712062	-87.68661563	93, 201
12689	Ridge & Church	42.04839342	-87.68871911	201
12690	Ridge & Davis	42.0469823	-87.68861038	201
12691	Ridge & Davis	42.04703035	-87.68884661	201
12692	Ridge & Grove	42.04570509	-87.68873021	201
12693	Ridge & Grove	42.0455574	-87.6884633	201
12694	Ridge & Main	42.03387539	-87.68654865	201, 206
12695	Ridge & Main	42.0340904	-87.6869208	201, 206
12697	Dodge & Emerson	42.0520022	-87.69877236	93, 206
12699	Dodge & Main	42.03398017	-87.69944306	93, 206
12701	Central Street & Crawford	42.0644251	-87.72754153	201, 206
12702	Central Street & Crawford	42.06467756	-87.72713487	201, 206
12708	Church & Benson	42.04845599	-87.68349865	201
12713	Adams & Canal	41.87936585	-87.63940675	28, 121, 130, 151
12754	Washington & Halsted	41.88307865	-87.6467007	20
12803	Indiana & 14th Street	41.86434585	-87.62259375	12
12805	Indiana & 16th Street	41.86041389	-87.62253365	12
12829	Rockwell & Devry Parking Lot (3400 N)	41.94299637	-87.69349389	94
12831	Komensky & 31st Street	41.83676196	-87.72550404	82
12832	Pulaski & 32nd Street	41.83514584	-87.72438077	53
12833	Pulaski & 33rd Street	41.83334584	-87.72434177	53
12835	Pulaski & James J O'Connor Rd	41.83109295	-87.72432368	53
12837	3742 S Pulaski	41.82499676	-87.72428898	53
12839	Pulaski & 42nd Place	41.81620352	-87.72403194	53
12843	Pulaski & 46th Street	41.80979416	-87.72379155	53
12844	Pulaski & 47th Street	41.80804395	-87.72374369	53
12845	Pulaski & 48th Street	41.80617861	-87.72369668	53
12846	Pulaski & 49th Street	41.80429884	-87.72355077	53
12847	Pulaski & Archer	41.80179521	-87.72356123	53
12851	Pulaski & 54th Street	41.79514953	-87.72340363	53, 53A
12852	Pulaski & 56th Street	41.79148183	-87.72317977	53, 53A
12853	Pulaski & 57th Street	41.78966083	-87.72312977	53, 53A
12854	Pulaski & 58th Street	41.78784283	-87.72307877	53, 53A
12855	Pulaski & 60th Street	41.78419883	-87.72297877	53, 53A
12856	Pulaski & 61st Street	41.78237983	-87.72292477	53, 53A
12857	Pulaski & 62nd Street	41.78055783	-87.72287477	53, 53A
12858	Pulaski & 64th Street	41.77691383	-87.72277477	53, 53A
12859	Pulaski & 65th Street	41.77509883	-87.72273177	53, 53A
12860	Pulaski & 66th Street	41.77327683	-87.72268577	53, 53A
12861	Pulaski & 68th Street	41.76964083	-87.72259477	53, 53A
12862	Pulaski & 69th Street	41.76781983	-87.72255177	53, 53A
12863	Pulaski & 70th Street	41.76599883	-87.72250477	53, 53A
12866	Pulaski & 76th Street	41.75457246	-87.72232738	53A
12867	Pulaski & 77th Street	41.75280134	-87.72218438	53A
12868	Pulaski & 78th Street	41.7513701	-87.72210325	53A
12869	8000 S Pulaski	41.74791883	-87.72198876	53A
12870	Pulaski & 82nd Street	41.74401683	-87.72179876	53A
12871	Pulaski & 84th Street	41.74044956	-87.72181303	53A
12872	Pulaski & 85th Street	41.73859861	-87.72173799	53A
12873	Pulaski & 86th Street	41.73678246	-87.72167787	53A
12874	Pulaski & Main (8800 South)	41.73265744	-87.72171026	53A
12875	8900 S Pulaski	41.73010629	-87.72179414	53A
12876	Pulaski & 92nd Street	41.72585658	-87.72165896	53A
12878	Pulaski & 94th Street	41.72234731	-87.72146095	53A
12879	Pulaski & 96th Street	41.71869967	-87.72141772	53A
12880	Pulaski & 97th Street	41.71694443	-87.72132061	53A
12881	Pulaski & 98th Street	41.71512543	-87.72125696	53A
12882	Pulaski & 100th Street	41.71139887	-87.72120324	103, 53A
12883	Pulaski & 101st Street	41.70951682	-87.72108976	103, 53A
12884	Pulaski & 102nd Street	41.70760682	-87.72103076	103, 53A
12885	Pulaski & 104th Street	41.70413082	-87.72093176	53A
12886	Pulaski & 105th Street	41.70231182	-87.72084876	53A
12887	Pulaski & 106th Street	41.70048482	-87.72075476	53A
12888	Pulaski & 109th Street	41.69597398	-87.72058295	53A
12889	Pulaski & 109th Street	41.69485382	-87.72052476	53A
12890	Pulaski & 110th Street	41.69313082	-87.72047276	53A
12892	Pulaski & 110th Street	41.69299514	-87.72026044	53A
12893	Pulaski & 109th Street	41.69481347	-87.72031232	53A
12894	Pulaski & 108th Street	41.69653689	-87.72041228	53A
12895	Pulaski & 106th Street	41.70025678	-87.72059712	53A
12896	Pulaski & 105th Street	41.70208478	-87.72069112	53A
12897	Pulaski & 104th Street	41.70393305	-87.72063787	53A
12898	Pulaski & 102nd Street	41.70748104	-87.72073606	103, 53A
12899	Pulaski & 101st Street	41.70944227	-87.72083994	103, 53A
12900	Pulaski & 100th Street	41.71130131	-87.72090271	103, 53A
12901	Pulaski & 98th Street	41.71496417	-87.72107745	53A
12902	Pulaski & 97th Street	41.71680413	-87.72107284	53A
12903	Pulaski & 96th Street	41.71871534	-87.72116802	53A
12904	Pulaski & 94th Street	41.72224273	-87.72122305	53A
12906	Pulaski & 92nd Street	41.72612882	-87.72142976	53A
12907	8900 S Pulaski	41.73013882	-87.72151976	53A
12908	Pulaski & Main (8800 South)	41.7325941	-87.72139362	53A
12910	Pulaski & 85th Street	41.73847625	-87.72136222	53A
12911	Pulaski & 84th Street	41.74031525	-87.72142022	53A
12912	Pulaski & 82nd Street	41.74396525	-87.72154221	53A
12913	8000 S Pulaski	41.74780399	-87.72163616	53A
12914	Pulaski & 78th Street	41.75130569	-87.72182835	53A
12915	Pulaski & 77th Street	41.7527322	-87.72187726	53A
12916	Pulaski & 76th Street	41.75488201	-87.72199884	53A
12918	Pulaski & 70th Street	41.76581635	-87.72226912	53, 53A
12919	Pulaski & 69th Street	41.76763635	-87.72231612	53, 53A
12920	Pulaski & 68th Street	41.76945735	-87.72235911	53, 53A
12921	Pulaski & 66th Street	41.77309411	-87.7224047	53, 53A
12922	Pulaski & 65th Street	41.77491511	-87.72245069	53, 53A
12923	Pulaski & 64th Street	41.77673011	-87.72249369	53, 53A
12924	Pulaski & 62nd Street	41.78039438	-87.7226447	53, 53A
12925	Pulaski & 61st Street	41.78221638	-87.72269469	53, 53A
12926	Pulaski & 60th Street	41.78403538	-87.72274869	53, 53A
12927	Pulaski & 58th Street	41.78765923	-87.72282038	53, 53A
12928	Pulaski & 57th Street	41.78947823	-87.72287138	53, 53A
12929	Pulaski & 56th Street	41.79129923	-87.72292037	53, 53A
12930	Pulaski & 54th Street	41.79496935	-87.72304592	53, 53A
12931	Pulaski & 53rd Street	41.79676384	-87.72318177	53, 53A
12932	5200 S Pulaski	41.79839367	-87.72315914	53, 53A
12934	Pulaski & Archer	41.80283177	-87.72330864	53
12935	Pulaski & 49th Street	41.80417975	-87.72332872	53
12937	Pulaski & 47th Street	41.8077705	-87.72343761	53
12942	Pulaski & 42nd Street	41.81681534	-87.72375553	53
12943	Pulaski & 41st Street	41.81831186	-87.72381906	53
12944	3741 S Pulaski	41.82506306	-87.72397021	53
12945	Pulaski & 36th Street	41.82870763	-87.72402922	53
12946	Pulaski & James J O'Connor Rd	41.83114018	-87.72409843	53
12948	3300 S Pulaski	41.83280678	-87.72414743	53
12949	Pulaski & 32nd Street	41.83498084	-87.72423477	53
12950	31st Street & Pulaski	41.83694941	-87.72473103	35, 82
12952	59th Street & Kilbourn	41.78576403	-87.73530557	59
12953	59th Street & Kostner	41.78576728	-87.73282588	59
12954	59th Street & Kildare	41.78579128	-87.73038088	59
12955	59th Street & Keeler	41.78583291	-87.72797986	59
12956	59th Street & Karlov	41.78585915	-87.72551939	59
12957	59th Street & Pulaski	41.7858769	-87.72317922	59
12958	59th Street & Springfield	41.78593456	-87.72062789	59
12959	59th Street & Hamlin	41.78596375	-87.71818208	59
12960	59th Street & Lawndale	41.7859907	-87.71574675	59
12961	59th Street & Central Park	41.78603718	-87.7126042	59
12962	59th Street & St. Louis	41.78608726	-87.71080815	59
12963	59th Street & Homan	41.78611125	-87.70830012	59
12964	59th Street & Spaulding	41.78613551	-87.7058897	59
12966	59th Street & Albany	41.78623134	-87.70107009	59
12968	59th Street & Francisco	41.78630237	-87.69609613	59
12969	59th Street & California	41.78634345	-87.69374709	59
12970	59th Street & Washtenaw	41.7864124	-87.69123707	59
12971	59th Street & Rockwell	41.78643701	-87.68882578	59
12972	59th Street & Campbell	41.78646078	-87.68641634	59
12974	59th Street & Oakley	41.78647827	-87.68113251	59
12975	59th Street & Hoyne	41.78654933	-87.67665185	59
12976	59th Street & Damen	41.78657185	-87.67424928	59
12977	59th Street & Wolcott	41.78661701	-87.67178844	59
12978	59th Street & Wood	41.78664249	-87.66936679	59
12979	59th Street & Paulina	41.78665901	-87.66693491	59
12980	59th Street & Ashland	41.78669073	-87.66460068	59
12981	59th Street & Laflin	41.786727	-87.66207969	59
12982	59th Street & Loomis	41.78675481	-87.65966159	59
12983	59th Street & Throop	41.78679072	-87.65721444	59
12985	59th Street & Aberdeen	41.78686427	-87.65236928	59
12986	59th Street & Morgan	41.78690362	-87.64996234	59
12987	59th Street & Peoria	41.78693427	-87.64750579	59
12988	59th Street & Halsted	41.78696087	-87.64511077	59
12990	609 W 59th Street	41.78705806	-87.64022503	59
12992	59th Street & Princeton	41.78713916	-87.63296418	59
12993	59th Street & Wells	41.78712167	-87.63210623	59
12994	59th Street & Wentworth	41.78718209	-87.63011338	59
12995	59th Street & LaSalle	41.78722567	-87.62918173	59
12996	59th Street & Perry	41.78728047	-87.62770922	59
12997	59th Street & State	41.78730883	-87.62569086	59
13000	61st Street & Wabash	41.78368311	-87.62395528	59
13001	61st Street & Michigan	41.78370318	-87.62235421	59
13003	61st Street & Prairie	41.78376507	-87.61913609	59
13007	61st Street & Eberhart	41.78386984	-87.61338974	59
13008	61st Street & St. Lawrence	41.78391682	-87.61100417	59
13010	61st Street & Langley	41.78395711	-87.60854913	59
13013	61st Street & Ingleside	41.78403605	-87.60287989	59
13014	61st Street & Ellis	41.78405452	-87.60127029	59
13016	61st Street & University	41.78409364	-87.59801976	59
13019	61st Street & Kenwood	41.78414906	-87.59326227	59
13020	Dorchester & 61st Street	41.78442884	-87.59136932	59
13021	Dorchester & 60th Street	41.78597848	-87.59141697	59
13022	60th Street & Stony Island	41.78618317	-87.58716503	2, 59
13023	Dorchester & 60th Street	41.78595684	-87.59155373	59
13024	Dorchester & 61st Street	41.78432679	-87.59150194	59
13025	61st Street & Kenwood	41.78426514	-87.59294275	59
13030	61st Street & Ellis	41.7841807	-87.60102811	59
13031	61st Street & Ingleside	41.7841635	-87.60268383	59
13033	61st Street & Cottage Grove	41.78412316	-87.60583864	59
13034	61st Street & Langley	41.7840783	-87.60838362	59
13036	61st Street & St. Lawrence	41.78403562	-87.61080523	59
13037	61st Street & Eberhart	41.78402975	-87.61294278	59
13041	61st Street & Prairie	41.7838928	-87.61879466	59
13042	61st Street & Indiana	41.7838918	-87.62039367	59
13043	60th Street & Indiana	41.78565317	-87.62087007	59
13046	60th Street & State	41.78560095	-87.62531508	59
13047	59th Street & State	41.78743623	-87.62572747	59
13048	59th Street & Perry	41.78742251	-87.62753592	59
13049	59th Street & LaSalle	41.78737658	-87.628968	59
13050	59th Street & Wentworth	41.7873529	-87.63015782	59
13053	59th Street & Wells	41.78736792	-87.63204486	59
13054	59th Street & Stewart	41.78725074	-87.63574741	59
13056	610 W 59th Street	41.78717437	-87.64011243	59
13058	59th Street & Halsted	41.78710275	-87.64483586	59
13059	59th Street & Peoria	41.78705854	-87.64730059	59
13060	59th Street & Morgan	41.78702734	-87.64970262	59
13061	59th Street & Aberdeen	41.78700003	-87.65211876	59
13062	59th Street & Racine	41.78696433	-87.65455314	59
13063	59th Street & Throop	41.78692782	-87.65700978	59
13064	59th Street & Loomis	41.7868785	-87.6594083	59
13065	59th Street & Laflin	41.78685667	-87.66177044	59
13066	59th Street & Ashland	41.78682912	-87.66416053	59
13067	59th Street & Paulina	41.78678961	-87.66673013	59
13068	59th Street & Wood	41.78675278	-87.66910872	59
13069	59th Street & Wolcott	41.78673091	-87.67155644	59
13070	59th Street & Damen	41.78670299	-87.6739612	59
13072	59th Street & Oakley	41.7865952	-87.68099059	59
13074	59th Street & Campbell	41.78659003	-87.68614835	59
13075	59th Street & Rockwell	41.78655557	-87.68860377	59
13076	59th Street & Washtenaw	41.78650372	-87.69104823	59
13077	59th Street & California	41.7864878	-87.69346182	59
13078	59th Street & Francisco	41.78643537	-87.69593473	59
13079	59th Street & Sacramento	41.78639305	-87.69833833	59
13080	59th Street & Albany	41.78636875	-87.70080549	59
13082	59th Street & Spaulding	41.78629215	-87.70565101	59
13083	59th Street & Homan	41.78624676	-87.70807988	59
13084	59th Street & St. Louis	41.78621371	-87.71056949	59
13085	59th Street & Central Park	41.78617509	-87.71272447	59
13086	59th Street & Lawndale	41.78612266	-87.71549148	59
13087	59th Street & Hamlin	41.78608741	-87.71795494	59
13088	59th Street & Springfield	41.78605483	-87.72040355	59
13090	59th Street & Karlov	41.78597204	-87.72532318	59
13091	59th Street & Keeler	41.78596106	-87.72775134	59
13092	59th Street & Kildare	41.78593071	-87.73016022	59
13093	59th Street & Kostner	41.78590383	-87.73239277	59
13094	59th Street & Kilbourn	41.78587424	-87.73503533	59
13112	Dodge & Lake	42.04410282	-87.69899794	93, 206
13125	Oakton & Asbury	42.02649364	-87.69016654	206
13126	Oakton & Asbury	42.02683602	-87.69020134	206
13127	Oakton & Dodge	42.02648608	-87.69913638	206
13128	Oakton & Dodge	42.02664968	-87.69921912	206
13134	Lake & Dodge	42.04430001	-87.69885806	206
13135	Dodge & Church	42.04822834	-87.69883571	93, 206
13138	Dodge & Simpson	42.0554232	-87.69863054	206
13139	Dodge & Simpson	42.05544263	-87.69898397	206
13140	Ashland & Simpson	42.05580998	-87.69425345	206
13148	Ridge & Hull Terrace	42.02459944	-87.68529908	201, 206
13149	Ridge & Hull Terrace	42.02447931	-87.68504777	201, 206
13152	Cannon & Nature Museum/Fullerton	41.9270932	-87.634701	76
13154	McCormick & Touhy	42.01158172	-87.71169804	82, 96
13155	Desplaines & Harrison Terminal	41.87445069	-87.64435123	1, 125
13156	Dodge & Church	42.0484616	-87.69908582	93, 206
13180	Armitage & Clark	41.91844888	-87.63645191	73
13191	Ogden & Roosevelt	41.86700812	-87.68316723	12
13192	Roosevelt & Damen	41.86666297	-87.67576411	12
13193	Loomis & Blue Island	41.85763079	-87.66123842	60
13195	59th Street & Ellis	41.78780953	-87.60101854	192
13197	59th Street & Kimbark	41.78787922	-87.59450636	171, 172, 192
13198	Ontario & Wabash	41.89330343	-87.62664708	125
14001	95th Red Line Station	41.72277983	-87.62407073	29
14003	95th Red Line Station	41.72154788	-87.62463637	95, N5
14004	95th Red Line Station	41.72117383	-87.62396973	111
14006	95th Red Line Station	41.72087583	-87.62461773	103, 106
14007	95th Red Line Station	41.72137183	-87.62398373	4, 100
14008	95th Red Line Station	41.72205083	-87.62402373	108
14010	95th Red Line Station	41.72251983	-87.62402473	112
14011	95th Red Line Station	41.72267083	-87.62486173	34, 119
14019	60th Street & Ellis	41.78589605	-87.60089544	2, 171, 172
14020	60th Street & University	41.78592946	-87.59772764	2, 171, 172
14023	59th Street & Drexel	41.78776928	-87.60362239	192
14024	Hegewisch Metra Station	41.64583459	-87.54268007	30
14025	Hegewisch Metra Station	41.64629959	-87.54299994	30
14026	Avenue O & Brainard (13800 S)	41.64416542	-87.53977029	30
14027	Brainard & Brandon	41.64838415	-87.54591838	30
14028	Avenue O & Brainard (13800 S)	41.64446429	-87.5400565	30
14029	Avenue O & 135th Street	41.64996455	-87.53977825	30
14030	Avenue O & 134th Street	41.65190229	-87.53997895	30
14031	Avenue O & 135th Street	41.65007553	-87.53995584	30
14032	60th Street & Ellis	41.78597862	-87.60108509	2
14033	Ellis & 55th Street	41.79471784	-87.60150273	171, 172
14034	Ellis & 57th Street	41.79130694	-87.60151658	171, 172
14036	Woodlawn & 53rd Street	41.79954434	-87.59675313	172
14039	Woodlawn & 53rd Street	41.79957411	-87.5964584	172
14040	Woodlawn & 57th Street	41.79165644	-87.59640718	172
14041	Woodlawn & 58th Street	41.78957392	-87.59635601	172
14043	Woodlawn & 55th Street	41.79494963	-87.59648318	172
14046	Lafayette & 75th Street	41.75792277	-87.62643796	75
14048	Brainard & Brandon	41.64853605	-87.54583513	30
14049	King Drive & 115th Street	41.6856022	-87.61308881	115
14050	King Drive & 113th Street	41.68903532	-87.61318556	4, 115, 111A
14051	King Drive & 112th Street	41.69087096	-87.61323073	4, 115, 111A
14052	King Drive & 111th Street	41.69264574	-87.61329559	4, 115, 111A
14056	Clark & Howard	42.01919304	-87.67633105	22, 97, 201, 206
14057	Clark & Rogers	42.0161249	-87.67533411	22
14058	LaSalle & Wacker/Lake	41.88639163	-87.63263154	134, 135, 136, 156
14059	LaSalle & Randolph/Washington	41.88402622	-87.63257736	134, 135, 136, 156
14060	LaSalle & Madison	41.88179773	-87.63246736	134, 135, 136, 156
14061	LaSalle & Quincy	41.87873232	-87.63217186	134, 135, 136, 156
14064	13600 S Avenue O (Senior Bldg)	41.64868384	-87.54006203	30
14065	13601 S Avenue O (Senior Bldg)	41.64840259	-87.53987565	30
14067	18th Street & Paulina (Pink Line)	41.85781796	-87.66910278	18
14069	Cermak & Damen	41.85211598	-87.67558411	21
14089	Homan & Maypole	41.8834932	-87.71100353	82
14090	Homan & Maypole	41.88366478	-87.71117412	82
14091	Clark & Birchwood	42.01799279	-87.67581244	22, 97, 201, 206
14093	Paulina & Howard Terminal	42.0182339	-87.67280422	201
14094	Paulina & Howard Terminal	42.01777517	-87.67280175	206
14095	Paulina & Howard Terminal	42.01804308	-87.67306558	147
14096	Paulina & Howard Terminal	42.01897342	-87.67316822	22
14097	Paulina & Howard Terminal	42.01875049	-87.67291177	97
14100	Avenue O & 134th Street	41.65190171	-87.53981168	30
14101	Jefferson Park Transit Center	41.96978541	-87.7617456	56
14102	Jefferson Park Transit Center	41.96985713	-87.76185604	81
14103	Jefferson Park Transit Center	41.96981557	-87.76178458	91
14104	Jefferson Park Transit Center	41.96975449	-87.76169645	81W
14105	Jefferson Park Transit Center	41.97033044	-87.76231427	85
14106	Jefferson Park Transit Center	41.97027842	-87.76236099	85
14107	Jefferson Park Transit Center	41.97023741	-87.76240229	85A
14108	Jefferson Park Transit Center	41.97045762	-87.76218193	92
14109	Jefferson Park Transit Center	41.96969213	-87.76158466	88
14110	Jefferson Park Transit Center	41.96972548	-87.76164351	68
14116	Midway Orange Line Station	41.78647285	-87.73882768	165, 63W
14118	Midway Orange Line Station	41.78655971	-87.73876889	63
14120	Midway Orange Line Station	41.78627385	-87.73897138	59
14121	Midway Orange Line Station	41.78655472	-87.73914725	55A, 55N
14122	Midway Orange Line Station	41.78637627	-87.73890144	55
14123	Midway Orange Line Station	41.78631758	-87.73836511	54B
14124	Pulaski Orange Line Station	41.8001454	-87.72432175	53
14125	Pulaski Orange Line Station	41.80019045	-87.72434849	53
14126	Kedzie Orange Line Station	41.80487369	-87.70446184	51
14127	Kedzie Orange Line Station	41.80487604	-87.70436248	52
14128	Kedzie Orange Line Station	41.80487538	-87.70426911	52, 52A
14129	Western Orange Line Station	41.80515503	-87.68414806	49, X49
14130	Western Orange Line Station	41.80515309	-87.68402584	94
14132	Western Orange Line Station	41.80496759	-87.68401122	48, 49, X49
14133	35th/Archer Orange Line Station	41.82869541	-87.68099506	39
14134	35th/Archer Orange Line Station	41.82877702	-87.68108497	35
14135	35th/Archer Orange Line Station	41.82882605	-87.68113248	50
14136	35th/Archer Orange Line Station	41.82886634	-87.68117663	62
14137	Halsted Orange Line Station	41.8467478	-87.64798277	62
14139	69th Red Line Station	41.76882756	-87.62585833	30, N5
14140	69th Red Line Station	41.76882714	-87.62642649	71
14143	Cumberland Blue Line Station	41.9836874	-87.83903363	81W
14144	Harlem Blue Line Station	41.98190948	-87.80845224	88
14145	Harlem Blue Line Station	41.98197007	-87.80841373	90
14150	Belmont & Halsted Terminal	41.94022698	-87.64877427	77, 156
14153	Devon & Kedzie Terminal	41.99779641	-87.70953453	155
14155	103rd Street & Stony Island Garage Terminal	41.70854102	-87.58117504	15, 28, 106, J14
14156	103rd Street & Stony Island Garage Terminal	41.70836067	-87.58092616	26, 111A
14161	Navy Pier Terminal	41.89230598	-87.61000141	66, 124
14162	Navy Pier Terminal	41.89266358	-87.61017342	65
14166	Skokie Yellow Line Station	42.04000287	-87.75229247	97
14170	Milwaukee & Imlay Terminal	41.99909554	-87.78868844	86
14171	North Ave & Narragansett Terminal	41.90961939	-87.78460027	72
14175	Harlem & 64th Place	41.77499016	-87.80090359	165, 63W
14176	Clark & Arthur Terminal	41.99973089	-87.67075332	36, 151
14178	111th Street & Harding Terminal	41.69108362	-87.71925887	112, 53A
14179	Grand & Latrobe Terminal	41.91735105	-87.75754652	73
14180	Western & 119th Street Terminal	41.6775569	-87.6799084	119
14182	Western & Berwyn Terminal	41.97852516	-87.68952651	49, X49
14193	54th/Cermak Pink Line Station	41.85170314	-87.75767231	21, 60, 54B
14203	Ogden & Taylor	41.86893982	-87.68085007	12
14204	Taylor & Damen	41.86904073	-87.67648676	12
14205	Taylor & Damen	41.86916856	-87.67683859	12
14206	Ogden & Taylor	41.86868264	-87.68147465	12
14207	Ogden & Roosevelt	41.86703597	-87.68344724	12
14219	Cicero & 16th Street	41.85847695	-87.74462623	54
14222	Wacker (Upper) & Columbus	41.88809797	-87.6208499	4, 134, 135, 136, X4
14223	Wacker (Upper) & State	41.88675423	-87.62762805	134, 135, 136
14224	Wacker (Upper) & Stetson	41.88833474	-87.62286036	4, 6, 134, 135, 136, X4
14225	Wacker & State	41.8870347	-87.62815016	2, 6, 10, 29, 36, 62, 134, 135, 136, 146
14226	North Blvd & Harlem (Green Line)	41.88707195	-87.80409467	90
14227	Washington & State	41.88313992	-87.62875331	22
14230	Central Street & Sherman	42.06419737	-87.68178776	201
14231	Central Street & Sherman	42.06402889	-87.68183801	201
14232	Central Street & McDaniel	42.0642533	-87.70774839	201, 206
14233	Central Street & Central Park	42.06436349	-87.71784974	201, 206
14234	Old Orchard Rd & Skokie Blvd	42.06260495	-87.74635028	201
14235	Old Orchard Rd & Skokie Blvd	42.06235346	-87.74683384	201
14236	Central Street & Central Park	42.06458822	-87.71769356	201, 206
14237	Central Street & McDaniel	42.06454367	-87.70752141	201, 206
14240	Ridge & Dempster	42.04101785	-87.68807903	201, 206
14254	Ridge & Oakton	42.02649427	-87.6851569	201, 206
14256	Ridge & Seward	42.02862821	-87.68537941	201, 206
14257	Ridge & Seward	42.02904688	-87.68582865	201, 206
14260	Ridge & Washington	42.0326642	-87.68621057	201, 206
14261	Ridge & Washington	42.03287501	-87.68669683	201, 206
14262	Ridge & Lee	42.03571093	-87.68687741	201, 206
14263	Ridge & Lee	42.03594755	-87.68732855	201, 206
14264	Ridge & Greenleaf	42.03748176	-87.68727812	201, 206
14265	Ridge & Greenleaf	42.03771837	-87.68772928	201, 206
14266	Ridge & Crain	42.03927859	-87.6876786	201, 206
14267	Ridge & Crain	42.039489	-87.68809515	201, 206
14268	Ridge & Greenwood	42.04258459	-87.68820339	201, 206
14269	Ridge & Greenwood	42.04282081	-87.68858481	201
14270	Ridge & Lake	42.04404176	-87.68832822	201
14271	Ridge & Lake	42.04430359	-87.6886396	201
14280	Central Street & Asbury	42.06428511	-87.68930562	201
14281	Central Street & Ashland	42.06438058	-87.69376607	201
14282	Central Street & Ashland	42.06421961	-87.69396082	201
14283	Central Street & Walnut	42.06448519	-87.70467029	201, 206
14284	Central Street & Walnut	42.0642372	-87.70473779	201, 206
14285	Central Street & Bennett	42.06455858	-87.71051751	201, 206
14286	Central Street & Bennett	42.06438443	-87.71080652	201, 206
14287	Central Street & Reese	42.06455244	-87.71378898	201, 206
14288	Central Street & Reese	42.0643655	-87.7139859	201, 206
14289	Central Street & Lawndale	42.06463359	-87.72059752	201, 206
14290	Central Street & Lawndale	42.06437435	-87.72047784	201, 206
14333	Ridge & Brummel	42.02113482	-87.68472082	201, 206
14334	Ridge & Brummel	42.02149176	-87.68494799	201, 206
14338	Ridge & Mulford	42.02359304	-87.68518392	201, 206
14340	Asbury & Dobson	42.02040774	-87.69026638	206
14341	Asbury & Brummel	42.02143905	-87.69004618	206
14342	Asbury & Brummel	42.02156503	-87.69019177	206
14343	Asbury & Harvard Terrace	42.02243991	-87.68997314	206
14344	Asbury & Mulford	42.02324675	-87.69023072	206
14345	Asbury & Mulford	42.02338211	-87.69001126	206
14346	Asbury & Hull Terrace	42.0244108	-87.68991131	206
14347	Asbury & Kirk	42.02494398	-87.69013674	206
14349	Oakton & Wesley	42.02669219	-87.6922174	206
14350	Oakton & Wesley	42.02655245	-87.69240765	206
14351	Oakton & Florence	42.02668941	-87.69452554	206
14352	Oakton & Florence	42.02653379	-87.69467398	206
14354	Oakton & Dewey	42.0267041	-87.69699287	206
14355	Oakton & Darrow	42.02653643	-87.69796826	206
14358	Dodge & Keeney	42.02820239	-87.69937725	93, 206
14359	Dodge & Keeney	42.02848295	-87.69947826	93, 206
14363	Dodge & Cleveland	42.03025191	-87.69935817	93, 206
14364	Dodge & Monroe	42.0305955	-87.69924983	93, 206
14367	Dodge & Washington	42.03257314	-87.69925527	93, 206
14368	Dodge & Lee	42.03558531	-87.6990953	93, 206
14369	Dodge & Lee	42.0357115	-87.69928292	93, 206
14370	Dodge & Greenleaf	42.03736836	-87.69901462	93, 206
14371	Dodge & Greenleaf	42.03747914	-87.69924437	93, 206
14372	Dodge & Crain	42.0391988	-87.6990174	93, 206
14373	Dodge & Crain	42.039325	-87.69920503	93, 206
14374	Dodge & Dempster	42.04095103	-87.69902096	93, 206
14376	Dodge & Greenwood	42.04260916	-87.69898348	93, 206
14377	Dodge & Greenwood	42.04285078	-87.69923293	93, 206
14378	Green Bay Rd & Lincoln	42.06205791	-87.69670513	206
14379	Green Bay Rd & Lincoln	42.06221959	-87.69719418	206
14381	Lake & Wesley	42.04428852	-87.69193634	206
14383	Lake & Ashland	42.04429873	-87.69352455	206
14385	Lake & Florence	42.04432045	-87.69503577	206
14387	Lake & Dewey	42.04429924	-87.69638081	206
14400	Touhy & McCormick	42.01174597	-87.71123049	96
14402	Central Street & Asbury	42.06407384	-87.68934711	201
14403	Chicago Avenue & Church	42.04785582	-87.67894774	201
14405	Davis & Benson	42.04710202	-87.68333309	201
14408	Maple & Clark	42.05007048	-87.68490069	93
14409	Davis Purple Line Station	42.04778238	-87.68347888	93
14426	Franklin & Madison	41.88204684	-87.63521863	37
14427	LaSalle & Erie	41.89393222	-87.6324947	156
14428	North Ave & Clybourn/Halsted (Red Line)	41.91099645	-87.64851025	9, 72
14429	Clark & Touhy	42.01245123	-87.6747024	22
14430	Clark & Pratt	42.00514619	-87.67313462	22
14431	Clark & Lawrence	41.96872737	-87.66756919	22
14432	Clark & Grace	41.95091678	-87.6596071	22
14435	Clark & Elmdale/Peterson	41.99100071	-87.66987149	22
14436	Clark & Pratt	42.00549105	-87.67306322	22
14437	Clark & Barry/Halsted	41.93866789	-87.64951162	22
14438	Clark & Grace	41.95127148	-87.65967721	22
14439	Clark & Southport	41.95720239	-87.66408775	22
14440	Foster & Glenwood	41.97631388	-87.66500854	92
14442	Broadway & Berwyn	41.97830669	-87.65981697	36
14443	Broadway & Rosemont	41.99621066	-87.66056498	36
14444	Broadway & Granville	41.99438838	-87.66051595	36
14449	Broadway & Berwyn	41.97802322	-87.66003602	36
14451	Broadway & Addison	41.94702196	-87.64715806	36
14452	Broadway & Addison	41.94764185	-87.64737396	36
14453	Broadway & Ainslie	41.97164302	-87.65961609	36
14454	Broadway & Argyle	41.97337616	-87.65965397	36
14456	Broadway & Bryn Mawr/Ridge	41.98384254	-87.65997	36
14459	Roosevelt & Halsted	41.8670786	-87.64633057	12, 18, 62
14460	State & Chicago (Red Line)	41.89644313	-87.62829256	36
14461	Jackson & Chicago River	41.87801246	-87.63831201	1, 7, 28, 37, 126, 130, 151, 156
14463	Clark & Touhy	42.01277266	-87.67456698	22
14466	16th Street & 47th Court Terminal	41.85826844	-87.74342826	18
14467	Madison & Halsted	41.88186075	-87.6475641	20
14469	Clarendon & Wilson	41.96573213	-87.6499598	148
14470	Clarendon & Leland	41.96728734	-87.64999836	148
14471	Marine Drive & Lawrence	41.96935771	-87.64960871	136, 146, 148
14476	Ashland Orange Line Station	41.839043	-87.66539215	9, X9
14477	Simonds & Wilson/Montrose	41.96489718	-87.63921876	78
14478	Exchange & 74th Street	41.76092937	-87.5621298	71
14479	Exchange & 74th Street	41.76112924	-87.56182693	71
14482	Randolph & Michigan	41.88429339	-87.62362601	4, 60, 124, X4
14483	1100 S Columbus (Pedestrian Underpass)	41.86936738	-87.62036045	2, 6, 10, 26, 28, J14
14484	Jackson & Clinton	41.87795898	-87.64115793	7, 37, 126
14485	Michigan & Ida B Wells Drive	41.87554805	-87.62413205	1, 3, 4, 6, 26, 28, J14, X4
14487	Halsted & Taylor	41.87010519	-87.64682433	8
14488	Michigan & Superior	41.89583088	-87.62442823	3, 10, 26, 125, 143, 146, 147, 148, 151
14489	Damen & Cermak	41.85231101	-87.67575719	50
14495	Halsted & 69th Street	41.76903555	-87.6444279	8
14496	Halsted & 69th Street	41.76840774	-87.64459542	8, 169
14497	Halsted & 103rd Street	41.70707977	-87.64271445	108, 8A
14499	Ashland & Cermak	41.85257542	-87.66587443	9, X9
14500	Madison & Keeler	41.88057633	-87.73046588	20
14501	Pershing & Morgan	41.82331858	-87.6505739	39
14502	47th Street & Pulaski	41.80782249	-87.72325465	47
14503	Kedzie & Archer	41.81452267	-87.70414311	52
14504	Archer & Throop	41.84341907	-87.65447575	62
14506	87th Street & Halsted	41.73598431	-87.64313687	24, 87
14507	87th Street & Halsted	41.73617708	-87.64406985	24, 87
14508	Dearborn & Jackson	41.87804332	-87.629207	22, 24, 36, 62
14510	Midway Plaisance & Cottage Grove	41.78636711	-87.60625913	2
14512	Chicago & Long	41.89485233	-87.76054028	66
14513	Chicago & Laramie	41.89487281	-87.75534104	66
14514	Chicago & Kostner	41.89511987	-87.73580375	66
14515	Chicago & Hamlin	41.89534765	-87.72092135	66
14516	Chicago & Central Park	41.89539266	-87.71615783	66
14517	Chicago & Homan	41.89544084	-87.71104826	66
14519	Chicago & Damen	41.89599086	-87.67732213	66
14520	Chicago & Leavitt	41.89590613	-87.68215918	66
14521	Chicago & Oakley	41.89586726	-87.68468148	66
14522	Chicago & Kedzie	41.89563745	-87.70674365	66
14523	Chicago & Hamlin	41.89549592	-87.72135562	66
14525	Chicago & Long	41.89493932	-87.76074754	66
14526	75th Street & Exchange	41.75929782	-87.55956776	71
14527	Western & Foster	41.97611365	-87.68902061	49, 49B, X49
14528	LaSalle & Kinzie	41.88938348	-87.63237443	156
14529	Western & Berwyn	41.977541	-87.68934162	49, 49B
14531	Western & 16th Street	41.85921424	-87.68597827	18, 49, X49
14536	Ashland & Augusta	41.89987845	-87.66727245	9
14537	Ashland & Blackhawk	41.90712143	-87.66748326	9
14538	Vincennes & 75th Street/Yale	41.75836143	-87.6311386	24
14540	87th Street & Racine	41.73603507	-87.65359521	87
14541	95th Street & Claremont	41.72086437	-87.6805913	95
14542	Commercial & 91st Street	41.72991808	-87.55133588	71, N5
14543	111th Street & Halsted	41.69230602	-87.64212972	111
14544	111th Street & King Drive	41.69282109	-87.61357547	111
14545	Halsted & 119th Street	41.67799935	-87.64179146	108, 8A
14546	Western & Madison	41.88101243	-87.68656175	49, X49
14548	Irving Park & Pulaski	41.95375785	-87.72796955	80
14549	Irving Park & Laramie	41.95340624	-87.75736068	80
14550	Irving Park & Central	41.95310184	-87.7666863	80
14551	Irving Park & California	41.95388325	-87.69803109	80
14552	Irving Park & Kilpatrick	41.95354666	-87.74486562	80, 54A
14553	Cottage Grove & 107th Street	41.7002115	-87.6080585	4, 115
14554	Western & Roosevelt	41.86630403	-87.6861623	49, 157, X49
14555	Western & Cermak	41.85183235	-87.68576149	49, X49
14556	Peterson & Damen	41.99060179	-87.67969423	84
14557	87th Street & Jeffery	41.73699945	-87.57550872	87
14558	Irving Park & Kedzie	41.95383334	-87.70763759	80
14559	McCormick Place	41.85154397	-87.61885453	3, 21
14560	47th Red Line Station	41.80923563	-87.63152757	47
14562	43rd Street & Lake Park	41.81690076	-87.59889917	43
14564	Milwaukee & Armitage	41.91773323	-87.68871804	56
14565	Division & Leavitt	41.90304285	-87.68197146	70
14568	Austin & Melrose	41.93943082	-87.7762022	91
14569	Division & Western	41.90308804	-87.68757232	70
14570	Division & Kedzie	41.90277443	-87.70666301	70
14571	Division & Homan	41.90287698	-87.71201392	70
14572	Cottage Grove & 75th Street	41.75887325	-87.60532335	4, X4
14573	Cottage Grove & 71st Street/South Chicago	41.76618084	-87.60547566	4, X4
14574	Cottage Grove & 47th Street	41.80975571	-87.60646765	4, X4
14575	Western & Pershing	41.82281846	-87.68496461	49
14576	Western & 63rd Street	41.77903725	-87.68378878	49, X49
14577	Western & 74th Street	41.75935458	-87.68299649	49, X49
14578	Western & 59th Street	41.78629687	-87.68396944	49, X49
14579	Western & 43rd Street	41.81579591	-87.68451934	49, X49
14580	Western & Archer	41.82648844	-87.6848306	49, X49
14581	Western & North Ave	41.91006582	-87.68734137	49, X49
14582	Lawrence & Sheridan	41.96915291	-87.65504366	81
14584	Western & Montrose	41.96150361	-87.68856197	49, X49
14585	Western & Elston/Diversey	41.9319451	-87.68804041	49, X49
14586	Western & Fullerton	41.92508304	-87.68752526	49, X49
14587	Chicago & Homan	41.89558841	-87.71182143	66
14588	Grand & Ogden	41.89099889	-87.65866861	65
14589	Fullerton & Milwaukee	41.92488039	-87.70087037	74
14590	Fullerton & Milwaukee	41.92470996	-87.69996577	74
14591	Western & Lawrence	41.9683641	-87.68907685	11, 49, 49B, X49
14592	Western & Lawrence	41.96886489	-87.68877468	11, 49, 49B, X49
14594	Western & Peterson	41.99083318	-87.68954235	49B
14595	Western & Bryn Mawr	41.98293747	-87.68956495	49B
14596	Division & Western	41.90294378	-87.68656709	70
14597	Division & California	41.90299603	-87.69718391	70
14598	Kedzie & Madison	41.88089659	-87.70624517	52
14599	Kedzie & Jackson	41.87724217	-87.70610637	52
14600	Kedzie & Fulton	41.88658701	-87.70621472	52
14601	Kedzie & Ohio	41.89213992	-87.70636645	52
14602	63rd Street & Keeler	41.77867178	-87.72794189	63
14603	63rd Street & Pulaski	41.77860633	-87.7224161	63
14604	63rd Street & Lawndale	41.77870154	-87.71524848	63
14606	California & Cermak	41.85210526	-87.69537607	94
14607	California Pink Line Station	41.85381611	-87.69541498	94
14609	California & Jackson	41.87766586	-87.69611529	94
14611	California & Madison	41.88127115	-87.69621149	94
14612	California & Madison	41.88089886	-87.69638038	94
14613	Clark & Ainslie	41.97166195	-87.66788951	22
14615	California & Jackson	41.87726621	-87.69629035	94
14616	California & Roosevelt	41.86622541	-87.69599972	94
14617	Milwaukee & Montrose	41.96042711	-87.75438525	56
14618	Ashland & Wellington	41.93596577	-87.66863545	9
14619	Ashland & Blackhawk	41.90693734	-87.66769058	9
14620	Pulaski & Belmont	41.9389651	-87.72728802	53
14621	Pulaski & Wellington	41.93527274	-87.72721231	53
14622	Pulaski & Diversey	41.93164465	-87.72707722	53
14623	Pulaski & Schubert	41.92985271	-87.72702475	53
14624	Pulaski & Fullerton	41.92427527	-87.72689852	53
14626	Pulaski & Augusta	41.89893187	-87.72629384	53
14627	Pulaski & Chicago	41.89516205	-87.72618394	53
14628	Pulaski & Madison	41.88049871	-87.72576563	53
14630	Pulaski & Jackson	41.8772252	-87.72545392	53
14632	Pulaski & Washington	41.88211813	-87.7256168	53
14634	Belmont & Cicero	41.93877242	-87.74657113	77
14635	Belmont & Keeler	41.93893342	-87.73175406	77
14637	Belmont & Pulaski	41.93917641	-87.72738976	77
14638	Belmont & Keeler	41.93910939	-87.7323026	77
14639	Belmont & Cicero	41.93890003	-87.74720434	77
14640	Higgins & Austin	41.97303488	-87.77793545	88
14641	Cicero & Armitage	41.91710223	-87.74599514	54
14642	73rd Street & Exchange	41.76272524	-87.56385589	71
14645	Balbo & State	41.87305687	-87.6272907	2, 6, 10
14646	Cermak & Canal	41.85286716	-87.63875632	21
14647	Madison & Morgan	41.88165954	-87.6519181	20
14668	Berwyn & Broadway	41.9781011	-87.65930987	146
14669	Berwyn & Kenmore	41.97815626	-87.65632745	92, 146
14671	Howard & Ashland	42.01928949	-87.67059285	147
14672	Howard & Bosworth	42.01932034	-87.66932854	147
14674	Dempster & Dewey	42.04109536	-87.69612645	206
14675	Dempster & Florence	42.0411459	-87.69460682	206
14676	Dempster & Wesley	42.04119129	-87.69216943	206
14677	Dempster & Asbury	42.04120461	-87.69033368	206
14678	Dempster & Ridge	42.04120575	-87.68843476	206
14681	Central Street & Ridge	42.06417788	-87.68329578	201
14682	Central Street & Hartrey	42.06444533	-87.70328021	201, 206
14683	Central Street & Ewing	42.06458001	-87.71243067	201, 206
14684	Central Street & Lincolnwood	42.06458217	-87.71501741	201, 206
14685	Gross Point & Harrison	42.06254788	-87.7305958	201
14686	Central Street & Prospect	42.06453788	-87.7257658	201, 206
14687	Central Street & Lincolnwood	42.06439788	-87.71557579	201, 206
14688	Central Street & Hartrey	42.0642728	-87.70356436	201, 206
14689	Central Street & Eastwood	42.06422281	-87.69582436	201
14690	Central Street & Ridge	42.06411282	-87.68371436	201
14692	Chicago Avenue & Davis	42.0463185	-87.67968372	201
14693	Davis & Orrington	42.04674965	-87.68143844	201
14696	Old Orchard Rd & Lavergne	42.06244537	-87.75158979	54A
14709	Church & Chicago Avenue	42.04769403	-87.67905879	201
14726	Ashland & Payne Street	42.05711788	-87.69424579	206
14727	Simpson & Darrow	42.05568788	-87.69713579	206
14728	Dodge & Lyons	42.05027788	-87.69899579	206
14729	Dodge & Evanston Township HS	42.04548347	-87.69916153	93, 206
14730	Dodge & Davis	42.04692788	-87.69894579	93, 206
14732	California/Dodge & Howard	42.01920787	-87.69952578	93
14734	Emerson & Ashland	42.05212944	-87.69366001	93
14735	Emerson & Asbury	42.05211665	-87.6903365	93
14737	Emerson & Asbury	42.05232788	-87.68993578	93
14738	Dodge & Oakton	42.02666702	-87.69961478	93
14739	Dodge/California & Howard	42.01944262	-87.69968463	93
14747	Kedzie & Jarvis	42.01544566	-87.7086443	11
14748	Kedzie & Birchwood	42.01724564	-87.70860391	11
14749	Kedzie & Birchwood	42.01734871	-87.70881926	11
14750	Kedzie & Jarvis	42.01561653	-87.70883621	11
14751	Touhy & Kedzie	42.01179043	-87.70874184	96
14752	Touhy & Kedzie	42.01193637	-87.70942413	96
14755	Irving Park & Pacific	41.95223224	-87.8270572	80
14756	Oak & Church	42.04844679	-87.68663839	93
14757	E Hyde Park & Drexel	41.80234123	-87.60454914	15
14760	Michigan & 16th Street	41.8605098	-87.62388583	1, 3, 4, 12, X4
14761	State & 18th Street	41.85815324	-87.62707729	29, 62
14762	Orleans & Grand	41.89175	-87.63693478	37, 66, 125
14763	LaSalle & Maple	41.90191321	-87.6329994	156
14764	Madison & Homan	41.88084848	-87.71073627	20
14765	Madison & Racine	41.88166233	-87.65733803	20
14766	Madison & Homan	41.88100147	-87.71124348	20
14767	Dearborn & Grand	41.89183481	-87.62956083	22
14769	Western & Harrison	41.87371436	-87.68637339	49, X49
14770	Western & Jackson	41.87769803	-87.68621673	49
14771	Cicero & Belmont	41.93863919	-87.74703019	54
14772	Cicero & Madison	41.88023963	-87.74537688	54
14773	Cicero & Fullerton	41.92445327	-87.74615548	54
14774	Grand & Milwaukee (Blue Line)	41.89125837	-87.6481529	65
14775	Illinois & State	41.8908267	-87.6277504	29, 65
14776	Division & Damen	41.90311947	-87.67697214	70
14777	Halsted & Roosevelt	41.86765298	-87.64675089	8
14778	87th Street & Racine	41.73585195	-87.65305159	24, 87
14779	Ashland & Augusta	41.89954076	-87.66752242	9
14781	Ashland & 91st Street	41.72867678	-87.66272955	9, X9
14782	Ashland & 33rd Street	41.83440617	-87.66552521	9
14783	Ashland & Lake (Green Line)	41.88522775	-87.66677825	9, X9
14784	47th Red Line Station	41.80922651	-87.6321876	15, 51
14785	Clark & Morse	42.00801426	-87.67364964	22
14786	Clark & Bryn Mawr	41.98334676	-87.66881799	22
14787	Clark & Balmoral	41.9796899	-87.66836678	22
14788	Clark & Armitage	41.9185452	-87.63630153	22, 36
14789	Clark & Winnemac	41.97353467	-87.6680315	22
14790	Clark & Winnemac	41.97321908	-87.6681305	22
14791	Clark & Balmoral	41.98002404	-87.66820573	22
14792	Clark & Bryn Mawr	41.98370205	-87.66871601	22
14794	Western & 61st Street	41.78302674	-87.68363676	49
14795	Western & 59th Street	41.78673615	-87.68371773	49, X49
14797	Western & Sunnyside	41.96331345	-87.68861726	49
14800	Madison & Austin	41.88020586	-87.77449408	20
14801	Lincolnwood Town Center	42.00936681	-87.71446802	82, 96
14804	Rogers & Greenview	42.01909667	-87.66898917	147
14805	Rogers & Ashland	42.01809649	-87.67104436	147
14806	Foster & Kostner	41.97549093	-87.73821726	92
14807	Foster & Central Park	41.97572218	-87.71857444	92
14808	Central & Irving Park	41.95341474	-87.76692326	85
14809	Grand & Oak Park	41.92367415	-87.79544125	65, 74
14810	Grand & Narragansett	41.92245386	-87.78504633	65
14811	Broadway & Belmont	41.93981657	-87.64446606	36
14812	Fullerton & Central	41.92388175	-87.7657474	74
14813	Montrose & California	41.96120261	-87.69801667	78
14814	63rd Street & Kostner	41.77860949	-87.7328811	63
14815	63rd Street & Kedzie	41.77905324	-87.70347448	63
14816	Kedzie & 63rd Street	41.77914765	-87.70305552	52, 52A
14817	Halsted & 87th Street	41.73558071	-87.64374012	8A
14818	Halsted & 74th Street	41.75957754	-87.64436345	8
14819	Stony Island & 71st Street	41.76640673	-87.58585092	28
14820	63rd Street & Dorchester	41.780646	-87.59162594	63
14821	63rd Street & Woodlawn	41.7805861	-87.59652154	63
14822	63rd Street & Stewart	41.77987258	-87.63478678	63
14823	Western & Marquette Rd	41.77179863	-87.68357391	49, X49
14824	Cicero & Diversey	41.93180644	-87.74647103	54
14826	Kimball & Addison	41.94635502	-87.71280406	82
14827	Montrose & Lincoln	41.96144885	-87.68431675	78
14828	Montrose & Ashland	41.96166339	-87.66959351	78
14829	Kimball & Armitage	41.91719017	-87.71199672	82
14830	Armitage & Kimball	41.91740296	-87.71218756	73
14831	North Ave & Kimball/Homan	41.90994053	-87.71146177	72
14832	North Ave & Kimball/Homan	41.91016277	-87.71232033	72
14833	California & Division	41.90321347	-87.69679951	94
14834	18th Street & Damen	41.85761386	-87.67564573	18
14835	16th Street & Kedzie	41.8590503	-87.7052467	18
14837	Congress & Pulaski	41.8744107	-87.72573558	7
14838	Harrison & Kedzie	41.87362054	-87.70579776	7
14839	Wallace & 31st Street	41.83837851	-87.64135157	44
14840	Madison & Kedzie	41.88103154	-87.70638116	20
14841	Madison & California	41.88114929	-87.69662647	20
14842	Central & Jackson	41.87671128	-87.76464814	85
14843	Central & Madison	41.87996928	-87.764956	85
14844	Central & Madison	41.88047798	-87.76476811	85
14845	Cermak & Pulaski	41.8517075	-87.72527781	21
14846	Kedzie & Pershing	41.82230062	-87.70462605	52
14847	26th Street & Kostner	41.84418517	-87.73462644	60
14848	26th Street & Pulaski	41.84432912	-87.72482933	60
14849	26th Street & Lawndale	41.84441023	-87.71744406	60
14850	State & 51st Street	41.80178281	-87.62600841	29
14851	State & 43rd Street	41.81670465	-87.62616431	29
14852	State & 26th Street	41.84580336	-87.62671972	29
14854	California & 63rd Street	41.77928397	-87.69333232	94
14855	63rd Street & California	41.77905134	-87.69317284	63
14856	Halsted & 59th Street	41.78723287	-87.64488314	8
14857	Western & 65th Street	41.77544733	-87.68363571	49
14858	State & 59th Street	41.78726997	-87.62562046	29
14859	47th Street & State	41.80931	-87.62640969	47
14860	State & 47th Street	41.80906818	-87.62620025	29
14861	Wallace & Pershing	41.82334938	-87.6411344	44
14862	Pershing & Halsted	41.82354773	-87.64635024	39
14863	Halsted & Pershing	41.82314268	-87.64600936	8
14864	Ashland & 69th Street	41.76871193	-87.66379638	9, X9
14880	Broadway & W. Sheridan (3900 N)	41.95251154	-87.64974388	36
14884	75th Street & Coles	41.75995544	-87.55857726	71, 75, N5
14886	Ellis & 53rd Street	41.79937599	-87.60134159	172
14888	Pulaski Pink Line Station	41.85369383	-87.72460534	157
14891	Cermak & Central	41.85111262	-87.76375211	21
14892	Cermak & Cicero (Pink Line)	41.85141146	-87.74454396	21, 60, 54B
14893	75th Street & South Shore	41.76050316	-87.55750518	71, 75, N5
14894	Ashland & Addison	41.94722721	-87.66872093	9, X9
14895	Clark & Barry/Halsted	41.93761034	-87.64892418	22
14896	Diversey & Mildred	41.93275376	-87.65132026	76
14897	Diversey & Cambridge	41.93290325	-87.64261294	76
14898	Diversey & Hampden Court	41.93280074	-87.64262923	76
14899	Broadway & Surf	41.93495298	-87.64416518	36
14901	Halsted & Addison	41.94714449	-87.64957792	8
14903	Addison & Racine	41.94707839	-87.65871927	152
14904	Addison & Fremont	41.94723006	-87.65166708	152
14906	Halsted & Belmont	41.93974395	-87.6493573	8
14907	Halsted & Diversey	41.93255084	-87.64910865	8
14908	Halsted & Clark/Barry	41.93797288	-87.64930407	8
14909	Halsted & Diversey	41.93292524	-87.64893076	8
14910	Halsted & Wellington	41.93661283	-87.64905755	8
14911	Halsted & Clark/Barry	41.93831966	-87.64910461	8
14912	Belmont & Lincoln/Ashland	41.93965062	-87.66826154	77
14913	Belmont & Clark	41.93991836	-87.65029829	77
14914	Belmont & Broadway	41.93999866	-87.64406545	77, 156
14915	Belmont & Clark	41.94002921	-87.65108108	77
14916	Belmont & Racine	41.93990784	-87.65923187	77
14917	Belmont & Southport	41.93983703	-87.6641252	77
14918	Belmont & Lincoln/Ashland	41.93975373	-87.66913293	77
14919	Clark & Wellington	41.93660899	-87.64787107	22
14920	Belmont & Greenview	41.93982267	-87.6664128	77
14940	Kedzie & 83rd Street	41.74259543	-87.70212849	52A
14941	Kedzie & 71st Street	41.76455667	-87.70270973	52A
14943	Ewing & 106th Street	41.70298798	-87.53519907	30
14945	Torrence & 106th Street	41.70312636	-87.55951172	71
14946	Commercial & 100th Street	41.71316923	-87.5511224	71
14947	79th Street & South Shore	41.7520299	-87.54861928	79
14948	Stony Island & 67th Street	41.77357318	-87.58607191	28
14949	Halsted & 119th Street	41.67761813	-87.64203008	108, 8A
14950	Michigan & 111th Street	41.69275458	-87.6209768	34, 119
14951	Michigan & 111th Street	41.69240853	-87.62112582	34, 119
14952	Cottage Grove & 81st Street	41.74794459	-87.6050282	4
14953	35th Street & State (Green Line)	41.83096031	-87.62617743	35
14954	Roosevelt & Pulaski	41.86608994	-87.72491618	12
14955	Roosevelt & Kedzie	41.86633076	-87.70543603	12
14956	Madison & Central	41.88014884	-87.76461767	20
14958	Madison & Laramie	41.8804754	-87.75533989	20
14959	Madison & Cicero	41.88040022	-87.74497359	20
14961	Damen & Blue Island	41.84811604	-87.67583464	50
14962	Damen & Lake (Green Line)	41.88477234	-87.67681582	50
14963	Damen & Division	41.90302997	-87.67733398	50
14964	Western & Irving Park	41.95373914	-87.68859425	49, X49
14965	Lincoln & Foster	41.97560575	-87.69243776	11
14966	Peterson & Kostner	41.98993	-87.73776535	84
14967	Nagle & Higgins	41.97647827	-87.78776823	86
14968	Nagle & Northwest Hwy	41.98577076	-87.78775905	86
14969	26th Street & Kedzie	41.84457307	-87.70522725	60
14970	26th Street & Kedzie	41.84446651	-87.70478639	60
14971	Lake Shore Drive & Barry	41.9378548	-87.63741078	77
14973	California & North Ave	41.90996198	-87.69714678	94
14974	Cicero & Fullerton	41.92396819	-87.7464413	54
14975	Damen & Division	41.90342966	-87.67717022	50
14976	Roosevelt & Ashland	41.86674138	-87.66588465	12
14977	Halsted & 103rd Street	41.70674588	-87.64295744	108, 8A
14978	Halsted & 107th Street	41.69936024	-87.64274882	108, 8A
14979	Jackson & Homan	41.877216	-87.71065246	126
14980	Ogden & California	41.86139336	-87.69607527	18, 157
14981	Roosevelt & California	41.86661383	-87.69621523	12
14982	Roosevelt & California	41.86641298	-87.69565105	12
14990	Central & Orrington	42.06420699	-87.67940849	201
14991	Central & Orrington	42.06397372	-87.67963041	201
14998	McCormick & Pratt	42.00471256	-87.71173198	82, 96
14999	McCormick & Pratt	42.00456685	-87.71156514	82, 96
15001	Devon & Kedzie Terminal	41.99787399	-87.70953242	96
15008	Halsted & Madison	41.88159334	-87.64746376	8
15009	Wacker (Upper) & Orleans/Franklin	41.88688388	-87.635546	125
15011	North Ave & Central	41.90927943	-87.76547104	72
15012	Laramie & North Ave	41.90911519	-87.75599409	57
15013	Laramie & Lake (Green Line)	41.88695549	-87.7553796	57
15014	Division & California	41.90286843	-87.69674888	70
15015	Irving Park & Narragansett	41.95285544	-87.78625486	80
15016	Milwaukee & Addison	41.94647534	-87.73576409	56
15018	California & Peterson	41.99023134	-87.69949244	93
15019	75th Street & King Drive	41.75835259	-87.61485327	75
15020	Franklin & Lake/W Wacker	41.88625114	-87.63535569	37, 125
15021	Broadway & Diversey	41.93308239	-87.64475007	36
15022	Pulaski & 16th Street	41.85905437	-87.72488024	53
15023	Halsted & 51st Street	41.80134717	-87.64543518	8
15024	51st Street & Ashland	41.80126111	-87.66448413	51
15025	87th Street & Cottage Grove	41.73671837	-87.60521361	87
15026	95th Street & Halsted	41.7213629	-87.64280691	9, 95, 112
15027	95th Street & Loomis	41.72122124	-87.65756957	9, 95
15028	95th Street & Damen	41.720983	-87.67199186	95
15029	Archer & Pope John Paul II/43rd St	41.81565769	-87.70154506	62
15030	Archer & Pope John Paul II/43rd St	41.81520614	-87.70261269	62
15031	S. Shore Drive & 79th Street	41.75208692	-87.54830885	6, 26, 71, N5
15032	106th Street & Ewing	41.70280491	-87.53557208	100
15033	Cottage Grove & 103rd Street	41.70782579	-87.60634234	4, 115
15034	Halsted & 115th Street	41.68524248	-87.64203277	108, 8A
15036	Higgins & Nordica	41.97998566	-87.80211272	88
15037	Higgins & Nagle	41.97613215	-87.78758442	88
15038	Higgins & Austin	41.97339081	-87.77863895	88
15039	Narragansett & Diversey	41.93083844	-87.78578186	86
15040	Narragansett & Fullerton	41.92394065	-87.78536579	86
15041	Milwaukee & Fullerton	41.92461538	-87.70030899	56
15042	Division & Grand/Monticello	41.90282056	-87.71860348	70
15043	Chicago & Rockwell	41.89562469	-87.69156269	66
15044	Chicago & Rockwell	41.89577046	-87.69199847	66
15045	Milwaukee & Fullerton	41.92503134	-87.70043073	56
15046	Kedzie & Touhy	42.01205756	-87.7089743	11
15047	Kedzie & Arthur	41.99926936	-87.70944863	11
15048	Kedzie & Arthur	41.99914064	-87.70926855	11
15049	Wacker & Randolph	41.88452104	-87.63711781	125
15050	75th Street & Indiana	41.75838935	-87.61984921	75
15051	75th Street & Indiana	41.75827011	-87.62002679	75
15052	State & Harrison/Ida B Wells Drive	41.87489071	-87.62745857	2, 10, 29, 130, 146, 148
15053	Western & Lake	41.88484242	-87.68640823	49
15054	Pulaski & 26th Street	41.8444296	-87.72448471	53
15055	Pulaski & 25th Street	41.84629015	-87.72454122	53
15057	Pulaski & 25th Street	41.8459368	-87.7246992	53
15058	Pulaski & 28th Street	41.84048143	-87.72452715	53
15059	Western Pink Line Station	41.85432749	-87.6857971	49, X49
15063	Van Buren & Financial Place	41.87692881	-87.63260855	36
15077	Oakton & Lacrosse	42.0262276	-87.74893206	97
15078	Oakton & Lacrosse	42.02632845	-87.74873262	97
15079	Michigan & 113th Street	41.689179	-87.62093936	34, 119
15080	Michigan & 109th Street	41.69648599	-87.62074601	34, 119
15081	Michigan & 107th Street	41.69967958	-87.62100785	34, 119
15082	Michigan & 100th Street	41.71249509	-87.62023679	34, 103, 106, 119
15083	Stony Island & 73rd Street	41.76265324	-87.58571153	28
15084	Ewing & 98th Street	41.71788851	-87.53513792	26, 30
15085	Halsted & 77th Street	41.75438216	-87.64405711	8
15086	Halsted & 77th Street	41.75415386	-87.64422382	8
15088	63rd Street & Damen	41.77939534	-87.67413561	63
15089	63rd Street & California	41.77919423	-87.69361595	63
15090	Madison & Wood	41.8814699	-87.67192851	20
15091	Western & 16th Street	41.85982542	-87.68572938	18, 49, X49
15092	Harlem & Irving Park	41.95300719	-87.80718892	90
15107	King Drive & 114th Street	41.68720152	-87.61311594	115, 111A
15108	Ontario & State	41.89335073	-87.62838355	125
15109	Ohio & State	41.89240808	-87.62784637	125
15111	87th Street & 200 West	41.73621366	-87.62780798	87
15112	87th Street & Anthony	41.73723142	-87.56871839	87
15113	Beverly Country Club	41.73562831	-87.68439108	87
15117	Green Bay Rd & McCormick Blvd	42.05976072	-87.69521128	206
15118	Archer & Normal	41.8496058	-87.64072668	44, 62
15120	Foster & Pulaski (Jewel)	41.97544154	-87.72934349	92
15121	Foster & Jewel Prking Ent	41.97560797	-87.72935163	92
15122	Foster & Troy	41.97587651	-87.70726751	92, 93
15124	Western & Thomas	41.90115099	-87.68687132	49
15125	Cicero & Jarlath	42.01276028	-87.74802788	54A
15126	Lexington & Laramie	41.87095766	-87.75461786	57
15129	95th Street & Hoyne	41.72118163	-87.67426412	95
15130	Armitage & Lawndale	41.91731878	-87.71910708	73
15132	Ashland & Gregory	41.98261532	-87.66986571	50
15133	Chicago & Lawndale	41.89537118	-87.7184943	66
15134	Chicago & Lawndale	41.89551894	-87.71892096	66
15135	Grand & Racine	41.89102127	-87.65713418	65
15136	Madison & Pulaski	41.88084079	-87.72595905	20
15137	16th Street & Homan	41.85913592	-87.71049977	18
15138	Congress & Central Park	41.87455629	-87.71580256	7, 126
15139	Congress & Keeler	41.87439405	-87.73061987	7
15140	Cermak & Keeler	41.85166209	-87.72989591	21
15141	Western & 76th Street	41.75584422	-87.68290873	49
15142	Western & 57th Street	41.79031737	-87.68382593	49
15143	Western & 57th Street	41.7901405	-87.68406212	49
15144	Damen & 79th Street	41.75010305	-87.67323165	48
15145	Ashland & 53rd Street	41.79749163	-87.6648123	9
15147	67th Street & Paxton	41.77356143	-87.57185019	6, 26, 67
15148	Cottage Grove & 55th Street	41.79523892	-87.606154	2, 4, X4
15149	North Ave & Pulaski	41.90978737	-87.72596678	72
15150	Central & Berteau	41.95695797	-87.76701215	85
15151	Halsted & Division	41.90385353	-87.64801541	8
15156	Cottage Grove & 113th Street	41.68899189	-87.61080495	4, 115, 111A
15157	Cottage Grove & 109th Street	41.69651587	-87.60890511	4, 115
15158	103rd Street & King Drive	41.70726294	-87.61338998	106
15159	103rd Street & Wentworth	41.70717154	-87.62868158	103
15160	95th Street & Wentworth	41.72176327	-87.62918487	9, 95, 108, 112
15161	75th Street & South Chicago	41.7587621	-87.59639653	75
15162	71st Street & Jeffery	41.76603048	-87.57562893	71
15163	61st Street & Woodlawn	41.7842273	-87.59665744	59
15164	Cottage Grove & 57th Street	41.79163955	-87.6060732	2, 4, 192
15165	Damen & 53rd Street	41.79770937	-87.67427861	48
15167	Austin & Chicago	41.89481097	-87.77525051	91
15168	Kedzie & Ogden	41.85831809	-87.70536579	52
15169	Kedzie & 16th Street	41.85921939	-87.70538626	52
15170	Harrison & Central Park	41.87348221	-87.71556222	7
15171	16th Street & Hamlin	41.85887382	-87.71992127	18
15172	16th Street & Hamlin	41.85899357	-87.72036674	18
15173	16th Street & Keeler	41.85886205	-87.73010702	18
15174	Grand & Morgan	41.89119884	-87.65242453	65
15175	Grand & Kedzie	41.89810247	-87.70628137	65
15179	35th Street & Leavitt	41.83040062	-87.6805046	35
15180	35th Street & Oakley	41.83039016	-87.68254429	35
15181	35th Street & Western	41.83036412	-87.68489283	35
15182	36th Street & Albany	41.82818657	-87.70221086	35
15183	36th Street & Kedzie	41.82814737	-87.70437092	35
15185	Madison & Sacramento	41.88096188	-87.70088661	20
15187	Foster & Elston	41.97523782	-87.75136359	92
15188	Higgins & Menard	41.97174152	-87.77312824	88
15189	Cicero & Berteau	41.95689994	-87.74751503	54, 54A
15190	Armitage & Avers	41.91727145	-87.72318867	73
15191	Division & Cicero	41.90228179	-87.7455452	70
15193	55th Street & Ellis	41.79493545	-87.60097894	55
15194	State & 87th Street	41.73658154	-87.62407766	29
15195	71st Street & Sacramento	41.76441163	-87.69743169	67
15196	55th Street & Laramie	41.79283124	-87.75214472	55A, 55N
15198	Milwaukee & Berteau	41.95681373	-87.75127037	56
15199	Damen Pink Line Station	41.85420841	-87.67582603	50
15200	Damen Pink Line Station	41.85445412	-87.67597095	50
15201	Chicago & Paulina	41.89611241	-87.67008411	66
15202	Chicago & Wood	41.89608207	-87.67251337	66
15203	Chicago & Western	41.89581951	-87.68731659	66
15204	Chicago & Oakley	41.89572062	-87.68418883	66
15205	Chicago & Wood	41.89592816	-87.67185445	66
15206	Chicago & Paulina	41.89595971	-87.66941268	66
15207	Fullerton & Cicero	41.92435611	-87.74660509	74
15208	Peterson & Pulaski	41.99026007	-87.72904466	84
15209	79th Street & Wentworth	41.75093894	-87.6298359	24, 79, 8A
15210	63rd Street & Western	41.77909238	-87.68316702	63
15211	95th Street & Ashland	41.72112602	-87.66232084	9
15213	Milwaukee & Pulaski	41.94084945	-87.72685295	56
15214	Milwaukee & Pulaski	41.9414586	-87.72752623	56
15215	Milwaukee & Central Park	41.93476609	-87.71689109	56
15216	Milwaukee & Central Park	41.93547207	-87.71773855	56
15218	California & Diversey	41.93240453	-87.69753576	93, 94
15219	Kimball & Elston	41.94905105	-87.71285164	82
15220	Armitage & Damen	41.91770111	-87.6773204	73
15221	Armitage & Kostner	41.91699835	-87.73601225	73
15222	Cicero & Cortland	41.91523739	-87.7459192	54
15225	Pulaski & 43rd Street	41.81497506	-87.7240292	53
15226	Damen & Lawrence	41.96853094	-87.67928413	50
15227	Lincoln & California	41.98590184	-87.69962109	11
15228	4700 W Diversey	41.93152518	-87.7432665	76
15229	Central & Wellington	41.93478855	-87.76645028	85, 91
15231	California & North Ave	41.91050287	-87.69692022	94
15232	Fullerton & Ashland	41.92523606	-87.66854258	74
15233	Milwaukee & Leavitt	41.91330433	-87.68209912	56
15234	35th Street & Racine	41.83057503	-87.65544405	35
15235	Halsted & Summit	41.73994396	-87.64364605	8A
15236	Halsted & 93rd Street	41.72533826	-87.64319339	8A
15237	Burley & 92nd Street	41.72848982	-87.54555464	95
15238	91st Street & Houston	41.73003403	-87.55001469	26
15239	106th Street & Avenue M	41.7026874	-87.53782478	26, 100
15240	106th Street & Avenue M	41.70281812	-87.53757662	26, 100
15241	Michigan & Monroe	41.88067237	-87.62419229	3, 4, 6, 26, 143, J14, X4
15242	Cicero & Wellington	41.93487059	-87.74687181	54
15243	Ashland & Diversey	41.93271079	-87.66826281	9, X9
15244	California & 24th Boulevard	41.84818299	-87.69526476	94
15245	Pershing & Damen	41.82304518	-87.67473147	39
15246	47th Street & Damen	41.80856948	-87.67535681	47, 48
15247	State & 73rd Street	41.76212548	-87.62472204	29
15248	State & 77th Street	41.75486817	-87.62457667	29, 75
15249	Ashland & 87th Street	41.73549049	-87.66321007	9, X9
15252	Cottage Grove & 91st Street	41.72912788	-87.60477324	4, X4
15253	Commercial & 85th Street	41.74125142	-87.55143048	26, 71, N5
15254	Armitage & Kedzie	41.91735629	-87.70649367	73
15255	Cicero & Palmer	41.92042508	-87.74635215	54
15256	Grand & Menard	41.91952217	-87.77025501	65
15257	Fullerton & Narragansett	41.92357382	-87.7855991	74
15258	Clark & Elmdale/Peterson	41.99053941	-87.67020901	22
15260	59th Street & Sacramento	41.78628311	-87.69817803	59
15261	63rd Street & Lorel	41.77812035	-87.75536142	63W
15262	63rd Street & Lavergne	41.77828118	-87.74692388	63W
15263	63rd Street & Knox	41.77842031	-87.7382645	63
15264	63rd Street & Kilbourn	41.77846567	-87.73468028	63
15265	111th Street & Wentworth	41.69248701	-87.62753696	111
15266	63rd Street & Kostner	41.77849318	-87.73214732	63
15268	63rd Street & Knox	41.77854367	-87.73846256	63
15270	Grand & Natchez	41.92314155	-87.78749769	65
15272	Harlem & 63rd Street	41.77796338	-87.80078644	62H
15275	Irving Park & Southport	41.95442592	-87.66467643	80
15276	North Ave & LaSalle	41.91109254	-87.63280464	9, 72, 73
15278	Indiana & 15th Place	41.86125821	-87.62254704	12
15279	Madison & Laflin	41.88144143	-87.66419447	20
15280	Pulaski & Maypole	41.88394365	-87.72567295	53
15282	Chicago & Mies Van Der Rohe	41.89667923	-87.6219641	3, 26, 66
15283	North Ave & Central	41.90949073	-87.7661311	72
15284	Broadway & Montrose	41.96224057	-87.65533475	36
15290	Sheridan & Broadway	41.95269758	-87.64981013	151
15292	Racine & Taylor	41.86917442	-87.65684043	60
15293	Chicago & Noble	41.89608394	-87.66201738	66
15295	Chicago & Kostner	41.89526508	-87.73624124	66
15296	Chicago & Cicero	41.89510362	-87.74620513	66
15297	Chicago & Lavergne	41.89487915	-87.75038308	66
15298	Chicago & Central	41.89492072	-87.765729	66
15299	Cicero & Chicago	41.89473745	-87.74589328	54
15300	Homan & Fillmore	41.86792931	-87.71067722	82
15301	Kedzie & 16th Street	41.85889002	-87.70553964	52
15302	California & Lake (Green Line)	41.88403468	-87.69641919	94
15303	California & Harrison	41.87359459	-87.69618673	94
15304	California Pink Line Station	41.85410895	-87.69559854	94
15305	Cermak & Western	41.8521121	-87.68616674	21
15306	Cermak & Leavitt	41.85216759	-87.68115923	21
15307	Cermak & Leavitt	41.85204699	-87.68044301	21
15308	Chicago & Hoyne	41.89594543	-87.67992573	66
15309	67th Street & Chappel	41.77341113	-87.57535032	6, 26, 67
15312	Michigan & Cermak	41.8531941	-87.62371448	1, 3, 4, X4
15313	Michigan & 24th Street	41.84946926	-87.62360839	1, 4
15314	Indiana & 35th Street	41.83132429	-87.62168256	1, 4, X4
15315	35th Street & Indiana	41.83113038	-87.62212665	35
15316	35th Street & Michigan	41.83110757	-87.62370567	35
15318	Chicago & Clark	42.0495527	-87.67816356	201
15319	Rogers & Paulina	42.01745538	-87.67242718	147
15323	Western & 53rd Street	41.7976821	-87.68403545	49
15324	47th Street & Wood	41.80851187	-87.66951656	47
15326	63rd Street & Central	41.77799888	-87.76131669	63W
15327	79th Street & Loomis	41.75036976	-87.65834573	79
15329	79th Street & Racine	41.75057147	-87.65399327	79
15330	79th Street & Morgan	41.75051481	-87.64862007	79
15331	Cicero & Peterson	41.98961301	-87.74847973	54A
15332	Belmont & Lavergne	41.93871586	-87.75151027	77
15333	Armitage & Drake	41.91725517	-87.714944	73
15334	Grand & Melvina	41.92136121	-87.78026408	65
15335	Grand & Melvina	41.92157015	-87.78073087	65
15336	Grand & Meade	41.92091189	-87.77781496	65
15337	Grand & Menard	41.9197645	-87.77091888	65
15338	Grand & Campbell	41.89156821	-87.68952056	65
15340	Grand & Western	41.89071226	-87.68706062	65
15341	Milwaukee & Grand/Halsted (Blue Line)	41.89154744	-87.64799454	8, 56, 66
15343	Broadway & Leland	41.9673689	-87.65861429	36
15344	Western & Hubbard	41.88934752	-87.68677916	49
15345	Western & Taylor	41.86917876	-87.68623638	49
15350	Halsted & Lake	41.88552958	-87.64754019	8
15351	Halsted & Randolph/Washington	41.88380516	-87.647516	8
15352	Halsted & Monroe	41.88031947	-87.64740181	8
15354	Halsted & Cermak	41.85246715	-87.64658276	8, 62
15356	Halsted & Lake	41.88582677	-87.64741702	8
15357	State & 16th Street	41.85997989	-87.62740152	29, 62
15358	State & Cullerton	41.85526832	-87.62726128	29
15359	State & 24th Street	41.84900299	-87.62711126	29
15360	State & 24th Street	41.84945615	-87.62690479	29
15362	Roosevelt & Michigan/Indiana	41.86734672	-87.62326307	12, 130, 146
15364	Madison & Western	41.88110678	-87.68608228	20
15366	55th Street & Kostner	41.79319596	-87.73276559	55
15367	Pershing & Wallace	41.82346563	-87.6408614	39
15368	Division & Hooker	41.9036892	-87.65127027	8, 70
15369	Division & North Branch	41.90360774	-87.65583895	8, 70
15372	Division & Cleaver	41.90330486	-87.66361858	70
15374	Division & Hooker	41.90353235	-87.65114468	8, 70
15375	North Ave & Elston	41.91065828	-87.66165912	9, 72, 73
15376	North Ave & Fremont	41.91081917	-87.65084675	9, 72
15377	Roosevelt & Clark	41.86749762	-87.63084353	12, 18, 62
15381	Foster & California	41.97575788	-87.6987452	92
15383	Harlem & Diversey	41.93100232	-87.8064159	90
15384	Madison & Leavitt	41.88118188	-87.68122825	20
15388	Archer & Mulligan	41.79260534	-87.78052183	62, 62H
15390	Armitage & Rockwell	41.91760007	-87.6921768	73
15391	67th Street & Oglesby	41.77360405	-87.56820983	6, 26, 67
15394	Pulaski & Palmer	41.92102494	-87.72658898	53
15395	Cicero & Barry	41.93679259	-87.74695105	54
15396	Cicero & Altgeld	41.92583552	-87.7465046	54
15397	North Ave & Elston	41.9107774	-87.66252845	9, 72
15399	Dearborn & Hubbard	41.88994544	-87.62950604	22, 36
15401	Racine & Lexington	41.87235066	-87.65693125	60
15402	Racine & Cabrini	41.87118333	-87.65688967	60
15403	Racine & Roosevelt	41.86679685	-87.6567733	60
15404	Racine & Roosevelt	41.86727096	-87.65660413	60
15406	Halsted & Blackhawk	41.90905417	-87.64813448	8
15407	Halsted & North Ave (Red Line)	41.91076733	-87.64836685	8
15413	35th Street & Wallace	41.83075878	-87.64097429	35
15414	V.A. Medical Center	41.86901313	-87.67927101	12
15415	V.A. Medical Center	41.86913198	-87.67925413	12
15416	Harbor Drive & Randolph	41.88470828	-87.61567532	60
15417	Clark & North	41.9114542	-87.63167277	22, 36, 72, 73
15418	Chicago & Elizabeth	41.89626927	-87.66021963	66
15421	Pulaski & 24th Street	41.84815525	-87.72458858	53
15423	4700 W Old Orchard Rd	42.06232329	-87.74473546	201
15424	Old Orchard Rd & Beverly	42.06261173	-87.74443879	201
15426	Soldier Field & Field Museum	41.86513375	-87.61452153	130, 146
15427	79th Street & Karlov	41.74957592	-87.72453177	79
15428	60th Street & Kimbark	41.78611611	-87.59406311	2
15429	60th Street & Woodlawn	41.78608613	-87.59622006	2
15431	60th Street & Cottage Grove	41.78593871	-87.60592066	2
15432	60th Street & Cottage Grove	41.7858486	-87.60556218	2
15433	60th Street & Woodlawn	41.78595865	-87.59645483	2, 171, 172
15434	36th Place & Francisco	41.82739168	-87.69704975	35
15435	36th Place & Sacramento	41.82732377	-87.69955199	35
15436	36th Place & Albany	41.82728175	-87.7019585	35
15437	Orleans & Division	41.90356813	-87.63753806	37
15445	Kedzie & Touhy	42.0119801	-87.7091478	11
15446	Cicero & Ohio	41.89163347	-87.74560322	54
15447	Pulaski & Carroll	41.8867713	-87.72575367	53
15449	Damen & Jackson	41.87714948	-87.67663169	50
15450	Grand & Long	41.91804342	-87.76155686	65
15452	Rogers & Hermitage	42.01666146	-87.67381561	22, 97, 201, 206
15454	Archer & Melvina	41.79344626	-87.77660386	62, 62H
15455	Ashland & 85th Street	41.73964803	-87.66304159	9
15456	Ashland & 81st Street	41.74693258	-87.66322235	9
15457	47th Street & Halsted	41.80895666	-87.64596321	44, 47
15459	59th Street & Western	41.78662508	-87.68416719	59
15460	59th Street & Western	41.78646082	-87.68334447	59
15461	Lawrence & Kenmore	41.96913007	-87.65654779	81
15462	Fullerton & Menard	41.92399179	-87.77112894	74, 91
15463	Division & Lavergne	41.90225418	-87.75062121	70
15464	Central & Grand	41.91914142	-87.7656666	85
15465	Central & Grand	41.91910485	-87.76589642	85
15466	Jackson & Central	41.8764706	-87.7648733	126
15467	State & 41st Street	41.82033534	-87.62626021	29
15469	State & 45th Street	41.81330548	-87.62607959	29
15470	47th Street & Kilbourn	41.80766556	-87.73561752	47
15471	63rd Street & Springfield	41.77864503	-87.72010883	63
15472	Vincennes & 107th Street	41.69923345	-87.65891863	112
15475	2700 S Ashland	41.84311484	-87.6660208	9
15478	Foster & Tripp	41.97553106	-87.7346181	92
15479	Cicero & Roscoe	41.94266876	-87.74685866	54
15480	Belmont & Menard	41.93846168	-87.77113316	77, 91
15481	Central & Wrightwood	41.92748304	-87.76619497	85, 91
15482	Balbo & State	41.87315849	-87.62737141	2, 10
15483	North Ave & Karlov	41.90975637	-87.72868325	72
15484	North Ave & Lamon	41.90949221	-87.74898208	72
15485	Chicago & Lavergne	41.89506467	-87.75104658	66
15486	King Drive & 57th Street	41.7912915	-87.61582579	3
15487	61st Street & King Drive	41.78383476	-87.61554235	59
15488	63rd Street & Ellis	41.78053403	-87.6012937	63
15495	Jeffery & 87th Street	41.73696839	-87.57563137	15, J14
15496	1132 W Pershing	41.82330383	-87.65381028	39
15498	87th Street & Western	41.73543102	-87.68187225	87
15499	Western & 90th Street	41.73033652	-87.68223389	95
15504	Monterey & Homewood	41.69166405	-87.66986396	112
15507	Archer & New England	41.79203235	-87.79376721	62, 62H
15508	63rd Street & Lamon	41.77833404	-87.74451048	63W
15509	79th Street & Tripp	41.74930371	-87.72739784	79
15510	71st Street & Indiana	41.76566529	-87.62051678	71
15511	61st Street & King Drive	41.78394442	-87.61601484	59
15512	State & 53rd Street	41.79835834	-87.6256894	29
15514	Diversey & Melvina	41.9310223	-87.78066132	76
15515	Central & Jackson	41.87636468	-87.76481177	85
15516	Fullerton & Grand	41.92358065	-87.79074103	65, 74
15517	Fullerton & Grand	41.92370963	-87.79031349	65, 74
15518	Clark & Montrose	41.96183032	-87.66591446	22, 78
15519	Clark & Wilson	41.96503652	-87.66677939	22, 78
15520	35th Street & Indiana	41.83100593	-87.62150853	4, 35, X4
15521	Kedzie & 80th Street	41.74824001	-87.70227352	52A
15526	LaSalle & Ontario	41.89304564	-87.63277068	156
15527	Lincoln & Catalpa	41.98118121	-87.69292103	11
15530	79th Street & Kostner	41.74923417	-87.73127005	79
15533	Howard & Kedzie	42.01904222	-87.70898233	11
15534	Howard & Kedzie	42.01919982	-87.70926273	11
15535	Irving Park & Keystone Terminal	41.9538825	-87.73016254	53, 54A
15537	King Drive & 63rd Street (Green Line)	41.78047308	-87.61569717	3
15539	Austin & Wellington	41.9350686	-87.77603251	91
15540	Kedzie-Homan Blue Line Station	41.87405216	-87.71069698	82
15543	Dodge & Emerson	42.05197479	-87.69899547	93, 206
15552	Pulaski & Carroll	41.8869237	-87.72594736	53
15553	Pulaski & Fifth Avenue	41.87272635	-87.72551052	53
15554	Pulaski & Fillmore	41.86773547	-87.72534615	53
15555	Pulaski & 15th Street	41.86049543	-87.7250987	53
15556	Pulaski & 15th Street	41.8609124	-87.72493978	53
15557	Grand & Hamlin	41.90440446	-87.72182688	65
15559	Grand & Keeler	41.90798701	-87.73115339	65
15560	Grand & Division	41.90252771	-87.71744156	65
15561	Ellis & Oakwood	41.82309091	-87.60459565	39
15563	State & 11th Street	41.8690664	-87.62761295	29, 62, 130, 146
15564	Wright College (West Entrance)	41.95926793	-87.79055714	86
15567	Sacramento & Chicago	41.89544647	-87.70211563	94
15568	Kedzie & Grand	41.89773421	-87.70671094	52
15569	830 N Kedzie	41.8967669	-87.70668214	52
15671	East Hyde Park & Blackstone	41.80250294	-87.59034241	2, 15, 172
15672	Grand & Desplaines	41.8913083	-87.64467603	65, 66
15673	Homan & Monroe	41.8793895	-87.71104494	82
15674	Homan & Roosevelt	41.86602469	-87.71063148	82
15676	Division & Wells	41.90392476	-87.63492607	70
15678	Commercial & 89th Street	41.73395384	-87.55127497	26, 71, 87, N5
15679	Kedzie & Lake (Green Line)	41.88414692	-87.70629935	52
15680	Kedzie & 73rd Street	41.7610331	-87.70262392	52A
15681	75th Street & Normal	41.75991282	-87.63742977	75
15683	35th/Archer Orange Line Station	41.82891287	-87.68122218	62
15684	Pulaski Orange Line Station	41.80023391	-87.72437907	53A
15685	79th Street & Western Terminal	41.7509229	-87.68209784	79
15688	Montrose & Cicero	41.9608024	-87.74791479	78
15690	Pershing & Halsted	41.82339886	-87.64564983	39
15692	Cermak & Carpenter	41.8526178	-87.65340802	21
15693	Pershing & Union	41.82342977	-87.64322954	39
15694	Pershing & Union	41.82356901	-87.64377155	39
15697	61st Street & Cottage Grove	41.78401818	-87.6057292	59
15698	Addison & Narragansett	41.9456111	-87.78595695	152
15700	Harlem & Lake	41.88883602	-87.80495072	90
15701	Harlem & Superior	41.89288698	-87.80499969	90
15702	Harlem & Chicago	41.89416143	-87.80507894	90
15703	Harlem & Schneider	41.89619569	-87.80512201	90
15705	Harlem & Thomas	41.89959394	-87.80527352	90
15706	Harlem & Division	41.90142704	-87.80531826	90
15707	Harlem & Berkshire	41.90321529	-87.80533344	90
15708	Harlem & Greenfield	41.90509309	-87.80537782	90
15709	Harlem & Lemoyne	41.90694881	-87.80548222	90
15710	Harlem & Bloomingdale	41.91241966	-87.80580902	90
15711	Harlem & Cortland	41.91416905	-87.80587028	90
15712	Harlem & Armitage	41.91612076	-87.8059237	90
15713	Harlem & Dickens	41.91794804	-87.80590035	90
15714	Harlem & Palmer	41.91971407	-87.80594567	90
15715	Harlem & Belden	41.92101449	-87.80607228	90
15716	Harlem & Medill	41.92225854	-87.80612384	90
15717	Harlem & Grand	41.92422057	-87.80618464	90
15719	Harlem & Belden	41.92179638	-87.80639272	90
15720	Harlem & Palmer	41.91993455	-87.80638924	90
15721	Harlem & Dickens	41.91817139	-87.80630807	90
15723	Harlem & Cortland	41.91450313	-87.80602944	90
15725	Harlem & Wabansia	41.91086752	-87.80591462	90
15726	Harlem & North Ave	41.90902252	-87.80600064	90
15727	Harlem & Lemoyne	41.90714039	-87.80595235	90
15728	Harlem & Greenfield	41.90532929	-87.80580782	90
15729	Harlem & Berkshire	41.90347114	-87.80579122	90
15730	Harlem & Division	41.90166018	-87.80567858	90
15731	Harlem & Thomas	41.89989731	-87.80566121	90
15732	Harlem & Augusta	41.89800298	-87.80554927	90
15733	Harlem & Iowa	41.89624039	-87.80559566	90
15734	Harlem & Chicago	41.89431004	-87.80542026	90
15735	Harlem & Oak	41.89237614	-87.80526542	90
15736	Harlem & Quick	41.89025032	-87.80524023	90
15737	Harlem & Lake	41.88868748	-87.80527527	90
15738	Vincennes & 110th Street	41.69388644	-87.66203133	112
15739	25th Street & Michigan	41.84742694	-87.62198799	3, 21
15742	Western & 45th Street	41.81231071	-87.68443667	49
15743	Western & 45th Street	41.81175356	-87.68462657	49
15752	55th Street & Woodlawn	41.79498444	-87.59611747	55, 171
15753	55th Street & University	41.79514649	-87.59835297	55
15756	4900 S State	41.80581533	-87.62588186	29
15757	Kedzie & 103rd Street	41.70678655	-87.70122615	52A
15758	Cicero & Palmer	41.9208424	-87.74606519	54
15759	71st Street & Crandon	41.76610212	-87.568601	71
15761	Midway Orange Line Station	41.78660716	-87.73872132	62, 54B
15762	Pulaski & Cortland	41.91507608	-87.72660163	53
15763	Nagle & Gunnison	41.96870132	-87.78792505	86
15764	Nagle & Gunnison	41.9684755	-87.78813614	86
15765	Narragansett & Montrose	41.9599221	-87.78688894	86
15766	Narragansett & Wright College	41.95830209	-87.78686839	86
15767	Narragansett & Berteau	41.95646431	-87.78658778	86
15768	103rd Street & Halsted	41.70698689	-87.64320846	103
15769	115th Street & Halsted	41.6851613	-87.64256801	115
15770	119th Street & Halsted	41.67788492	-87.6422611	119, 8A
15773	Addison & Kilbourn	41.94617148	-87.73938059	152
15774	Foster & Central Park	41.97559057	-87.71792805	92
15778	Cermak & Washtenaw	41.85201817	-87.69323745	21
15779	Cermak & Washtenaw	41.85186938	-87.69266622	21
15780	Cermak & Rockwell	41.8519043	-87.69019411	21
15781	Racine & 69th Street	41.76892842	-87.65410556	44
15782	47th Street & Racine	41.8088141	-87.65565512	47
15783	Western & 73rd Street	41.76085669	-87.68329569	49
15784	Harlem/Lake Green Line Station	41.88676715	-87.80320063	90
15785	Wood & Harrison	41.87394308	-87.67163531	7
15787	87th Street & Ashland	41.73568335	-87.66256775	87
15788	87th Street & Loomis	41.73578404	-87.65777681	87
15789	87th Street & Morgan	41.73589233	-87.64809086	24, 87
15790	87th Street & Morgan	41.73610866	-87.64884351	24, 87
15793	Ashland & Polk	41.8719224	-87.66639154	9
15794	115th Street & Spaulding	41.68417712	-87.70262683	52A
15795	Ashland & Diversey	41.93218015	-87.66853283	9, X9
15796	Narragansett & Montrose	41.96052738	-87.78671286	86
15797	Cermak & California	41.85197085	-87.6956885	21
15800	Harlem & Grand	41.92379026	-87.80634415	90
15803	Racine & 79th Street	41.75076764	-87.65365982	44
15804	Stony Island & 65th Place	41.77616876	-87.58647917	28
15805	Division & Keeler	41.90252826	-87.73101199	70
15811	Taylor & Racine	41.86948573	-87.6570132	157
15812	79th Street & Aberdeen	41.75048507	-87.65112281	79
15813	Cicero & 87th Street	41.73423688	-87.74090797	87
15814	Montrose & Sheridan	41.96184946	-87.65463638	78
15816	University & 55th Street	41.7949206	-87.5981054	171
15817	Woodlawn & Hyde Park Blvd	41.80216761	-87.59678162	172
15818	Woodlawn & Hyde Park Blvd	41.80225803	-87.59665334	172
15819	119th Street & Western	41.67714851	-87.68031243	119
15826	Monterey & Hermosa	41.69075691	-87.6670359	112
15827	Cermak & Springfield	41.85151597	-87.72203834	21
15828	Austin & Thomas	41.90029589	-87.77538498	91
15829	Division & Humboldt	41.90280725	-87.70248596	70
15830	Chicago & Menard	41.89485777	-87.77061497	66
15832	Cicero & Lake (Green Line)	41.88692121	-87.74539209	54
15834	Cicero & 74th Place	41.75746537	-87.7418079	54B
15839	Damen & 71st Street	41.76465991	-87.67363224	48, 94
15842	Ashland & Chicago	41.89591705	-87.66743444	9, X9
15843	Ashland & Chicago	41.89628703	-87.66715321	9, X9
15844	Fullerton & Long	41.92397346	-87.76086193	74
15845	Milwaukee & Wolcott/Wood	41.90748872	-87.67281126	56
15846	Milwaukee & Wolcott/Wood	41.90717368	-87.67257358	56
15847	Milwaukee & North Ave/Damen	41.91066346	-87.67778053	56
15848	Madison & Kostner	41.88051183	-87.73522208	20
15850	Madison & Kildare	41.8805408	-87.73277863	20
15851	Madison & Kildare	41.88075584	-87.73333912	20
15852	Madison & Karlov	41.88059843	-87.72786579	20
15856	Archer & 49th Street/Avers	41.80438603	-87.71990624	62
15857	Cicero & Irving Park/Milwaukee	41.95386268	-87.74720634	54, 54A
15858	Wentworth & 57th Street	41.79108691	-87.6303597	24, 59
15860	Jackson & Western	41.87761831	-87.6866272	126
15861	California & Walton	41.89818211	-87.69685353	94
15862	Cermak & Oak Park	41.85061403	-87.79355744	21
15863	Cermak & Oak Park	41.85047252	-87.79300457	21
15864	Van Buren & Franklin	41.87688267	-87.63548638	37
15866	Cottage Grove & 38th Street	41.82623431	-87.60797112	4
15867	State & 79th Street	41.75146466	-87.62449289	29, 75
15869	Illinois Medical District Blue Line Station	41.87564256	-87.67630955	50, 126
15870	Nagle & Narragansett/Forest Preserve Dr	41.96371274	-87.78726548	86
15871	Nagle & Narragansett/Forest Preserve Dr	41.96332862	-87.78717393	86
15872	Halsted & 63rd Parkway	41.78189727	-87.64473313	8
15873	Halsted & 63rd Parkway	41.7818696	-87.64496054	8
15874	Halsted & 63rd Street	41.78009876	-87.64465148	8
15875	Halsted & 63rd Street (Green Line)	41.77945952	-87.64487511	8
15876	Halsted & 65th Street	41.77583884	-87.64479669	8
15877	63rd Street & Lowe	41.77975934	-87.64047053	63
15878	63rd Street & Union	41.77984901	-87.64287444	63
15879	63rd Street & Halsted (Green Line)	41.7797262	-87.64458869	63
15880	63rd Street & Halsted (Green Line)	41.77979068	-87.64501981	63
15881	63rd Street & Morgan	41.77961971	-87.64940172	63
15882	63rd Street & Morgan	41.77974886	-87.64995956	63
15883	Higgins & Melvina	41.97487421	-87.78328167	88
15884	Pulaski & 83rd Street	41.74190738	-87.72182365	53A
15885	Montrose & Central	41.96055771	-87.76755739	78
15886	87th Street Red Line Station	41.73641903	-87.62477147	87
15887	4251 N Marine Drive	41.96013235	-87.64669775	136, 146
15894	Clark & Polk	41.87201408	-87.63069732	24
15895	Clark & Harrison	41.87430296	-87.63075961	22
15902	Damen & Grand	41.89061832	-87.67699707	50
15904	LaSalle & Wacker/Lake	41.88630975	-87.63230534	134, 135, 136, 156
15907	Wentworth & 51st Street	41.80224895	-87.63067175	15, 24, 51
15908	59th Street & Stewart	41.78712627	-87.63592954	59
15910	87th Street & Utica	41.73537006	-87.69839909	87
15912	55th Street & Springfield	41.79318164	-87.72085249	55
15915	Lake Park & 47th Street Terminal	41.80936295	-87.59165093	28, 47
15918	Indiana & 13th Street	41.86566453	-87.62271009	12
15919	Shoreland Dorm	41.7964428	-87.58101297	171
15920	Brainard & Baltimore	41.64945642	-87.54704273	30
15921	1440 S Indiana	41.86266474	-87.62259624	12
15924	Central & Sheridan	42.06395434	-87.67727625	201
15926	63rd Street & Archer Terminal	41.77696625	-87.81455998	62H, 63W
15927	Harlem & Berwyn	41.97703602	-87.80692998	90
15930	Irving Park & Fremont	41.9546071	-87.65200944	80, X9
15931	Lawrence & California	41.96860908	-87.69888969	81
15932	Cottage Grove & 46th Street	41.81152956	-87.60650112	4
15933	76th Street & Ford City Movie Theatre	41.75423237	-87.7337244	79, 54B
15934	Kostner & 74th Street (Solo Cup)	41.75782461	-87.73257519	79, 54B
15935	76th Street & Ford City Movie Theatre	41.75434927	-87.7339332	79, 54B
15936	35th Street & Wood	41.83051537	-87.67062511	35
15938	Roosevelt & Central Park	41.86637736	-87.7157809	12
15939	18th Street & Wolcott	41.85775891	-87.67377463	18
15940	Pulaski Pink Line Station	41.85388777	-87.72490746	53
15941	Kedzie & 24th Street	41.84832053	-87.70507569	52
15942	47th Street & Archer	41.80805461	-87.71456181	47
15943	47th Street & Kildare	41.80784739	-87.73128764	47
15944	Ashland & 69th Street	41.76836488	-87.6640177	9, X9
15945	Clark & 11th Place	41.86866324	-87.63058533	24
15948	Lawrence & Sacramento	41.96855604	-87.70387379	81
15949	Montrose & Central Park	41.96113292	-87.71831895	78
15952	Pershing & Damen	41.82319209	-87.67534441	39
15953	Kedzie & 57th Street	41.79003757	-87.703387	52, 52A
15954	Blue Island & Wood	41.85042494	-87.6706266	60
15955	Blue Island & Leavitt	41.84667922	-87.68085292	60
15958	North Ave & Rockwell	41.91018314	-87.69175374	72
15959	Irving Park & Harlem	41.95269829	-87.80687368	80
15960	Addison & Panama	41.94490875	-87.82884262	152
15962	Division & Kilbourn	41.90254703	-87.73883367	70
15963	63rd Street & Rockwell	41.77912514	-87.68831502	63
15964	63rd Street & Rockwell	41.77927053	-87.68871801	63
15965	Cermak & Michigan	41.8529963	-87.62410854	21
15967	South Chicago & Elliott	41.74730183	-87.57994449	30
15968	South Chicago & Constance	41.74782305	-87.58025401	30
15970	Ashland & 37th Street	41.8270409	-87.66535954	9
15971	Ashland & 37th Street	41.82671171	-87.66561401	9
15972	Kedzie & Fillmore	41.86809048	-87.70580416	52
15973	Kedzie Pink Line Station	41.85411848	-87.7052452	52
15974	69th Street & Ashland	41.76849868	-87.66359742	67
15982	State & Marquette Rd	41.77346633	-87.62535867	29
15983	Roosevelt & Western	41.86652029	-87.68572045	12
15986	Fullerton & Lavergne	41.92427871	-87.75160271	74
15989	Kedzie & Fulton	41.88625746	-87.70635964	52
15992	Jackson & Campbell	41.87746178	-87.68887127	126
15993	Racine & Lexington	41.87232639	-87.6567449	60
15999	State & 95th Street	41.72143838	-87.6236348	3, X4
16001	King Drive & 95th Street	41.72224226	-87.61407243	3
16006	Austin & Cornelia	41.94381728	-87.77650414	91
16007	Cicero & 74th Place	41.75716703	-87.74146954	54B
16012	Kedzie & 25th Street	41.84651487	-87.70502829	52
16014	Michigan & 23rd Street	41.85128359	-87.62387116	1, 4
16015	Irving Park & Lavergne	41.95327463	-87.7520221	80
16018	Beverly Country Club	41.73538625	-87.68465618	87
16019	Blue Island & Wood	41.8503609	-87.67127784	60
16028	Grand & Rush	41.89178325	-87.62563585	29, 65
16030	Carver High School	41.65628664	-87.59098233	34
16031	Cicero & Roosevelt	41.86619375	-87.74466177	54
16032	1900 N Central	41.91539077	-87.76560241	85
16033	1900 N Central	41.91532504	-87.76589989	85
16034	Nagle & Northwest Hwy	41.98621125	-87.78761194	86
16035	North Ave & Austin	41.90916462	-87.77517773	72
16036	University & 57th Street	41.79134022	-87.59801475	171
16038	Wacker (Upper) & Adams	41.87953168	-87.63700242	121
16044	Harrison & Lotus	41.8729276	-87.76178137	7
16045	Damen & Augusta	41.89935009	-87.67723511	50
16048	87th Street & Dauphin/Ingleside	41.73676939	-87.60141109	87
16049	Madison & Loomis	41.88147666	-87.6620206	20
16050	Halsted & 31st Street	41.83822572	-87.64619498	8
16051	Jackson & Throop	41.87769285	-87.65959278	126
16053	Halsted & 81st Street	41.74731333	-87.64385613	8A
16057	Wentworth & 43rd Street	41.81623743	-87.63125602	24, 43
16062	115th Street & Pulaski	41.6839246	-87.71963262	53A
16063	South Blvd & Harlem	41.88672335	-87.8045024	90
16064	Kedzie & 40th Street	41.82089857	-87.70455646	52
16065	43rd Street & Berkeley	41.8168343	-87.60044569	43
16067	47th Street & Homan	41.80801211	-87.70850386	47
16068	Cicero & Pershing	41.82233508	-87.74337214	54B
16069	Cicero & Pershing	41.82180337	-87.74369905	54B
16070	Pulaski & 44th Street	41.81323301	-87.7239523	53
16071	Pulaski & 45th Street	41.81139519	-87.72386932	53
16073	Pulaski & 46th Street	41.80990259	-87.72351277	53
16074	Pulaski & 45th Street	41.81177499	-87.72357996	53
16075	Pulaski & 43rd Street	41.81542749	-87.72373841	53
16077	63rd Street & Cottage Grove (Green Line)	41.78047315	-87.60617947	63
16078	Jackson & Leavitt	41.8776804	-87.68168576	126
16079	Jackson & Oakley	41.87764594	-87.68413736	126
16080	63rd Street & Peoria	41.77976644	-87.64744076	63
16081	Division & Milwaukee (Blue Line)	41.90326894	-87.66595723	70
16082	63rd Street & Lawndale	41.7788531	-87.715597	63
16083	Grand & Central	41.91865388	-87.76553496	65
16084	Western & 24th Street	41.84861368	-87.68541723	49
16085	Western & Archer	41.82554224	-87.68499245	49, X49
16087	Madison & Campbell	41.88122184	-87.68874669	20
16088	Madison & Talman	41.88104087	-87.69229941	20
16095	Division & Cicero	41.9024407	-87.74631888	70
16096	Garfield & LaSalle	41.7941578	-87.62970253	55
16098	California & Taylor	41.86941147	-87.69590737	94
16100	California & Fillmore	41.86814021	-87.69602708	94
16101	North Ave & Kildare	41.90990044	-87.73391833	72
16102	North Ave & Natchez	41.9092072	-87.78844127	72
16103	Roosevelt & Loomis	41.86681865	-87.66133918	12
16104	Roosevelt & Loomis	41.86702534	-87.6618901	12
16105	California & Washington	41.88270364	-87.69641242	94
16109	Montrose & Central	41.96042463	-87.76688031	78
16110	Madison & Francisco	41.88100673	-87.6985678	20
16111	Blackstone & 63rd Street	41.78020999	-87.58889061	63
16112	North Riverside & Cermak	41.85011402	-87.80831293	21
16113	Cermak & East	41.85073501	-87.78871114	21
16114	Blue Island & Damen	41.84858015	-87.67540302	60
16116	E Hyde Park & Lake Shore Drive	41.80259104	-87.58400631	172
16119	Indiana & 33rd Boulevard	41.83495645	-87.62175813	1, 4
16120	State & 37th Street	41.82755188	-87.6263738	29
16121	75th Street & Vincennes	41.75819938	-87.63166966	75
16122	Western & Berwyn	41.97787505	-87.68912389	49B
16127	Halsted & 47th Street	41.80869911	-87.64564911	8
16138	Kedzie & 63rd Street	41.77887597	-87.70323539	52, 52A
16139	Roosevelt & State	41.86754348	-87.62783339	12, 18
16140	Roosevelt Orange/Red/Green Line Station	41.86755947	-87.6266697	12, 18, 130, 146, 192
16142	North Ave & Orchard	41.9110334	-87.64572013	9, 72
16166	Lexington & Leamington	41.87103443	-87.75296475	57
16173	Addison & Kimball	41.94663979	-87.71294158	152
16174	Addison & Pulaski	41.94631754	-87.72708016	152
16175	Irving Park & Kilbourn	41.95340506	-87.74079283	80, 54A
16186	Loomis & Cermak	41.85254084	-87.66126363	60
16192	Lawrence & Sheridan	41.96904143	-87.65459664	81
16193	Cermak & Halsted	41.85271015	-87.64729427	21
16194	Broadway & Wilson	41.96559911	-87.65748119	36
16195	Cermak & Loomis	41.8525014	-87.66139157	21
16196	63rd Street & Racine	41.77968376	-87.6547389	63
16197	State & 36th Street	41.82871854	-87.62663822	29
16198	State & 36th Street	41.82859281	-87.62638361	29
16199	43rd Street & Calumet (Green Line)	41.81655817	-87.61846673	43
17000	North Ave & Ashland	41.91070614	-87.66799535	72
17003	Roosevelt & May	41.86698756	-87.65496906	12
17011	Milwaukee & Honore	41.90880337	-87.67487182	56
17013	Milwaukee & California	41.9226677	-87.69709593	56
17014	Milwaukee & Prindiville	41.9215344	-87.6952511	56
17015	Milwaukee & Honore	41.90886301	-87.67520995	56
17017	Belmont & Central	41.93851878	-87.76624933	77
17018	Central & Belmont	41.93873324	-87.7664171	85
17019	Belmont & Central	41.93864775	-87.76678245	77, 91
17020	Central & Belmont	41.93843997	-87.76658363	85, 91
17022	55th Street & Spaulding	41.79353828	-87.70586206	55
17023	State & 37th Street	41.82723408	-87.62658725	29
17030	55th Street & Kilpatrick	41.79317275	-87.73999384	55
17031	Vincennes & 103rd Street	41.70657408	-87.6562158	103
17033	Garfield & Princeton	41.79410253	-87.63311547	55
17034	47th Street & Cottage Grove	41.80947471	-87.60630991	47
17037	Jefferson Park Transit Center North Drop Off	41.97008412	-87.76184828	85, 92, 85A
17038	Jefferson Park Transit Center South Drop Off	41.96983313	-87.76113466	56, 68, 81, 88, 91, 81W
17039	Jeffery & 77th Street	41.75515703	-87.57598505	15, J14
17041	Van Buren & Loomis	41.87650631	-87.66222754	126
17042	California & Fullerton	41.92460227	-87.69750142	94
17043	Ewing & Indianapolis	41.71258096	-87.53537251	26, 30
17045	Montrose & Hazel	41.96187773	-87.65221551	78
17046	Adams & Clark	41.87948005	-87.63111025	1, 7, 28, 126, 130, 151
17057	1111 East 60th Street	41.78590627	-87.5995088	2, 171, 172
17059	Roosevelt & Central	41.86554475	-87.76400471	12
17060	Halsted & 43rd Street	41.81601065	-87.64581883	8, 44
17061	Ashland & Taylor	41.86955203	-87.66632615	9, X9
17063	Ashland & Taylor	41.86900107	-87.66660483	9, X9
17064	Milwaukee & Ainslie	41.96836529	-87.76103222	91, 81W
17065	Racine & 69th Street	41.76850202	-87.65429019	44
17067	Paulina & Harrison	41.87394231	-87.66918891	7
17070	87th & California	41.73547267	-87.69251698	87
17071	Illinois (Lower) & St. Clair	41.89095625	-87.62212943	29, 65
17072	Vincennes & 74th Street	41.75973154	-87.63077126	24
17074	Harrison & Ogden	41.8740081	-87.67454887	7, 126
17075	Harrison & Wood	41.87419511	-87.67181114	7, 126
17076	Ashland & Madison	41.88162116	-87.66667244	9, X9
17077	Ashland & Madison	41.88132127	-87.66694556	9, X9
17078	95th Street & Vanderpoel	41.72127836	-87.66618886	95
17081	95th Street & Stony Island	41.72243637	-87.58571902	100
17082	7150 S Cicero	41.76325644	-87.74204097	54B
17084	Roosevelt & Michigan	41.86760108	-87.62450901	12, 130, 146
17089	Ogden & Washtenaw	41.86216968	-87.69348765	18, 157
17090	71st Street & Eberhart	41.76580688	-87.61323895	71
17093	1916 W 119th Street	41.67748341	-87.66844939	119
17094	119th & Division	41.67734708	-87.66899827	119
17096	Pulaski & Belmont	41.93932614	-87.72710505	53
17097	79th Red Line Station	41.75090636	-87.62494668	79
17098	87th Street & Avalon	41.73687511	-87.59373298	87
17099	87th Street & Wolcott	41.73560316	-87.67044295	87
17103	Cottage Grove & 77th Street	41.75488533	-87.60544367	4
17104	Cottage Grove & 83rd Street	41.74381869	-87.60515529	4, X4
17105	Kedzie & 53rd Street	41.79706795	-87.70374652	52, 52A
17106	63rd Street & Melvina	41.777836	-87.77657231	63W
17107	63rd Street & Mobile	41.77778389	-87.77891256	63W
17108	63rd Street & St. Louis	41.77878885	-87.71010753	63
17109	Archer & Homan	41.81127919	-87.70898647	62
17110	55th Street & Laramie	41.79296227	-87.75270734	55A, 55N
17111	55th Street & Linder	41.79283944	-87.76010685	55A, 55N
17112	55th Street & Central	41.79281208	-87.76281878	55A, 55N
17114	Jeffery & 76th Street	41.75688604	-87.57618	15
17115	Blue Island & Oakley	41.84577713	-87.68274625	60
17116	Blue Island & Hoyne	41.8476302	-87.67787301	60
17117	Taylor & Ashland	41.8693353	-87.6667838	157
17119	103rd Street & Cottage Grove	41.70738775	-87.60615409	106
17122	Roosevelt & Campbell	41.86646628	-87.68874095	12
17123	Halsted & 32nd Street	41.83625884	-87.64631291	8
17125	North Ave & Kedzie	41.91002318	-87.70665015	72
17126	North Ave & Throop	41.91067908	-87.66017384	9, 72, 73
17127	North Ave & Throop	41.91080525	-87.66062473	9, 72, 73
17128	North Ave & California	41.91034496	-87.69727481	72
17129	North Ave & Humboldt	41.91028711	-87.70245188	72
17130	North Ave & Kedzie	41.91022889	-87.70726105	72
17131	Division & Wood	41.90320275	-87.67209771	70
17132	Lawrence & Central Park	41.96828994	-87.71804563	81
17133	Lawrence & Kilpatrick	41.9681304	-87.74554394	81
17135	Milwaukee & Hubbard/Union	41.89032267	-87.64609666	56
17136	Milwaukee & Racine	41.89765446	-87.65745278	56
17138	Irving Park & Kildare	41.95367662	-87.73566725	80, 54A
17139	Sedgwick & North Ave	41.91091063	-87.63866755	37
17140	Sedgwick & Blackhawk	41.90910821	-87.63860893	37
17141	47th Street & St. Lawrence	41.80952722	-87.61165944	47
17142	47th Street & St. Lawrence	41.80940276	-87.61126856	47
17143	47th Street & Ellis	41.80952143	-87.60150922	47
17144	47th Street & Michigan	41.80935903	-87.62310107	47
17145	Addison & Oak Park	41.94542846	-87.79578387	152
17146	Addison & Cicero	41.94606621	-87.74680154	152
17147	Addison & Cicero	41.94619088	-87.74740253	152
17148	71st Street & Eberhart	41.76570317	-87.61265277	71
17149	Root & Union	41.81890199	-87.64318761	43, 44
17150	Ridge & Austin	42.02545466	-87.68516812	201, 206
17152	Clark & 18th Street	41.85761272	-87.63033335	24
17153	California & Walton	41.89819502	-87.69668825	94
17154	California & Augusta	41.89943246	-87.69671262	94
17156	Clark & Thorndale	41.98832034	-87.67002216	22
17157	Halsted & 31st Street	41.83790504	-87.64636375	8
17158	Halsted & 45th Street	41.81229848	-87.64575499	8, 44
17159	Grand & Pulaski	41.90599784	-87.72617101	65
17160	Madison & Lockwood	41.88044894	-87.75784207	20
17161	Madison & Lotus	41.88040399	-87.761771	20
17162	Madison & Lavergne	41.88034299	-87.74914248	20
17163	Madison & Kilbourn	41.88049285	-87.7376863	20
17164	Madison & Karlov	41.88081339	-87.72841865	20
17165	Madison & Keeler	41.88078936	-87.73094797	20
17166	Madison & Kostner	41.88072838	-87.73574431	20
17167	Madison & Kilbourn	41.8807002	-87.73823325	20
17169	Madison & Leclaire	41.88030469	-87.75222118	20
17170	Halsted & 43rd Place	41.81471687	-87.64579353	8, 44
17173	7100 S Cicero	41.76445344	-87.74211788	54B
17175	Milwaukee & Lawrence	41.96772417	-87.76069646	56
17177	Ashland & Adams	41.87910802	-87.66658905	9
17179	Ashland & Grand	41.89118427	-87.66703231	9, X9
17180	Ashland & North Ave	41.91080054	-87.66754589	9, X9
17181	Ashland & Erie	41.89323655	-87.66733631	9
17183	Ashland & Polk	41.87148294	-87.66668088	9
17184	Division & Halsted	41.90358058	-87.64772427	70
17185	Division & Laramie	41.90232547	-87.75599622	70
17186	Division & Laramie	41.90219592	-87.75556426	70
17187	Cermak & Central Park	41.85159665	-87.71479518	21
17188	Cermak & Central Park	41.85175439	-87.71526006	21
17189	Cermak & Kedzie	41.85170634	-87.70503182	21
17190	Pulaski & Roosevelt	41.86603262	-87.72526441	53
17191	Pulaski & 14th Street	41.86239309	-87.72514108	53
17192	Narragansett & Grand	41.92276601	-87.78533182	86
17193	Devon & Sacramento	41.99742472	-87.70432581	155
17194	Devon & Rockwell	41.99760488	-87.69458016	155
17195	Devon & Leavitt	41.99775632	-87.68484755	155
17196	Devon & Ridge	41.99790266	-87.6765643	155
17197	Devon & Ridge	41.99803915	-87.67706727	155
17198	Devon & Leavitt	41.99788926	-87.68516394	155
17199	Devon & California	41.99762703	-87.6998667	155
17200	Devon & Sacramento	41.99754238	-87.70470318	155
17201	Cicero & 43rd Street	41.8150457	-87.74320787	54B
17202	Pulaski & 44th Street	41.81356684	-87.72365634	53
17203	Pulaski & 41st Street	41.81828475	-87.72409006	53
17204	47th Street & Pulaski	41.80795837	-87.72389001	47
17205	Cermak & Kedzie	41.85184622	-87.70550652	21
17206	Roosevelt & Laramie	41.86582771	-87.75505283	12
17208	Narragansett & Diversey	41.93116798	-87.785605	86
17209	Narragansett & Berteau	41.95645818	-87.78680443	86
17212	Pulaski & 19th Street	41.8551698	-87.72476631	53
17213	Pulaski & 14th Street	41.86269675	-87.72498152	53
17214	Pulaski & Ferdinand	41.89005365	-87.72583946	53
17218	Clark & Granville	41.99469006	-87.67000295	22
17219	Clark & Greenleaf	42.01048673	-87.67421331	22
17221	Addison & Long	41.946	-87.76226483	152
17222	Addison & Austin	41.94583713	-87.77705205	152
17223	Central & Fillmore	41.86733978	-87.76412138	12
17224	Central & Fillmore	41.86716778	-87.76448437	12
17226	Ashland & 14th Street	41.86312845	-87.66643266	9
17227	Ashland & 18th Street	41.85760264	-87.66627313	9, X9
17229	Ashland & 18th Street	41.85807394	-87.66600735	9, X9
17231	Halsted & 76th Street	41.75638631	-87.64411211	8
17232	Michigan & 112th Street	41.69103898	-87.62095367	34, 119
17233	Michigan & 115th Street	41.68509668	-87.62086291	34, 119
17234	Solidarity Dr & Lynn White Drive	41.86618156	-87.60977362	130, 146
17236	55th Street & Central Park	41.79342331	-87.71284736	55
17241	Cottage Grove & 86th Street	41.73833469	-87.6049856	4
17242	Cottage Grove & 43rd Street	41.81658482	-87.60680602	4, X4
17243	Michigan & 24th Street	41.84939085	-87.62383012	1, 4
17244	Irving Park & Leavitt	41.95400617	-87.68340873	80
17245	Lawrence & Rockwell	41.96865099	-87.69408254	81
17246	Lawrence & Oakley	41.96873763	-87.68671723	81
17247	Lawrence & Ashland	41.96896631	-87.66971881	81
17248	Lawrence & Ashland	41.9688116	-87.6691977	81
17249	Lawrence & Leavitt	41.96861135	-87.68384152	81
17251	Lawrence & Rockwell	41.96851533	-87.6935559	81
17252	Ashland & Addison	41.94682798	-87.66900526	9, X9
17253	Fullerton & Southport	41.92528883	-87.6635251	74
17254	Fullerton & Ashland	41.92509117	-87.66784132	74
17256	Ashland & 47th Street	41.80900898	-87.66484324	9, X9
17257	Ashland & 45th Street	41.81245167	-87.66494095	9
17260	Ashland & 47th Street	41.8083993	-87.66510826	9, X9
17261	103rd Street & Seeley	41.70660165	-87.67199623	103
17262	Devon & Canfield	41.9968129	-87.82110517	88
17264	47th Street & Homan	41.80812078	-87.70876473	47
17266	Clark & Arlington	41.92698048	-87.64121788	22, 36
17267	Damen & Madison	41.88109709	-87.67674219	50
17268	Loomis & Cermak	41.85265654	-87.66110016	60
17269	Loomis & Cullerton	41.85525253	-87.66132491	60
17270	Loomis & Cullerton	41.85507448	-87.6611763	60
17271	Loomis & 18th Street	41.85726886	-87.66134776	60
17272	Damen & Washington	41.88294253	-87.67678237	50
17273	Damen & Adams	41.87857769	-87.6766733	50
17274	Damen & Adams	41.87894412	-87.67649874	50
17275	Taylor & Jefferson	41.86979447	-87.64270113	157
17277	Taylor & Halsted	41.86969006	-87.64762079	157
17279	Harrison & California	41.87374113	-87.6958802	7
17287	Pulaski & 71st Street	41.76379712	-87.72249817	67
17288	76th Street & Daley College	41.75512218	-87.72429947	53, 67
17290	76th Street & Kostner	41.75486913	-87.73166134	53, 67
17291	76th Street & Daley College	41.75493718	-87.72410429	53, 67
17292	Pulaski & 74th Street	41.75777531	-87.72200032	53, 67, 53A
17293	Pulaski & 36th Street	41.82900711	-87.7242959	53
17294	McCormick & Devon	41.99777931	-87.71163618	82, 96
17295	Sheridan & Foster	42.05373164	-87.67734542	201
17296	Sheridan & Foster	42.05405245	-87.67709309	201
17298	Addison & Halsted	41.94724309	-87.64921185	152
17299	Wentworth & Marquette Rd	41.77244677	-87.63007286	24
17300	King Drive & 33rd Street	41.83494895	-87.61749686	3
17301	Sheridan & Lincoln	42.06137784	-87.67730221	201
17302	Chicago & Sheridan	42.05089467	-87.67759664	201
17306	Archer & 33rd Street	41.83387908	-87.67215505	62
17309	111th Street & Western	41.69170551	-87.68065275	112
17312	Western & Polk	41.87102695	-87.68629503	49
17313	Belmont & Leavitt	41.93957847	-87.68354686	77
17314	Belmont & Leavitt	41.93947141	-87.68289447	77
17315	Belmont & Damen	41.93951776	-87.67800424	77
17316	Northwest Hwy & Nagle	41.98620373	-87.78797472	68
17317	Pulaski & Polk	41.87088854	-87.72524482	53
17318	Pulaski & Irving Park	41.9539276	-87.72755047	53
17319	Pulaski & Berteau	41.95749864	-87.72764746	53
17320	Pulaski & Elston	41.95985741	-87.72771766	53
17321	Pulaski & Wilson	41.96480042	-87.72783811	53
17322	Pulaski & Argyle	41.97212245	-87.72806322	53
17323	Pulaski & Bryn Mawr	41.98306071	-87.72835569	53
17324	Pulaski & Bryn Mawr	41.98267183	-87.72853386	53
17325	Pulaski & Wilson	41.96451068	-87.72802067	53
17326	Pulaski & Berteau	41.9571961	-87.72781787	53
17327	Pulaski & Irving Park	41.95349595	-87.72771555	53
17328	Pulaski & Arthington	41.86991422	-87.7254249	53
17329	Belmont & Damen	41.93964701	-87.67870854	77
17334	California & Diversey	41.93194605	-87.69771708	94
17337	California & Fullerton	41.92499097	-87.69733592	94
17338	Kedzie & Archer	41.81382917	-87.70430102	52
17339	Kedzie & 59th Street	41.78607781	-87.70343398	52, 52A
17341	Kedzie & Pershing	41.82275435	-87.7043143	52
17342	Belmont & Western/Clybourn	41.93939541	-87.68764413	77
17343	Western & Le Moyne	41.90837488	-87.68730682	49
17344	Western & Hirsch	41.90681961	-87.686998	49
17345	Western & Bloomingdale	41.91410411	-87.6871895	49
17346	Western & Belmont/Clybourn	41.93964789	-87.68789644	49, X49
17347	79th Street & Muskegon	41.75193489	-87.55567513	79
17348	79th Street & Yates	41.75180068	-87.56642041	79
17349	79th Street & Halsted	41.7507089	-87.64430821	79
17351	79th Street & Wood	41.75037105	-87.66848297	79
17352	79th Street & Union	41.75063402	-87.64141573	79, 8A
17354	79th Street & Colfax	41.75174854	-87.56119864	79
17355	79th Street & Burnham	41.75182265	-87.55637131	79
17356	Addison & Narragansett	41.94573156	-87.78666439	152
17357	Addison & Harlem	41.94533227	-87.80732118	152
17358	Addison & Harlem	41.94520834	-87.80683001	152
17359	Narragansett & Belmont	41.93817971	-87.78612585	86
17360	Narragansett & Fullerton	41.92346068	-87.78553278	86
17361	Narragansett & Grand	41.92249391	-87.78550567	86
17363	King Drive & 79th Street	41.75092864	-87.61504468	3
17365	Pershing & Washtenaw	41.82279134	-87.69206078	39
17366	Halsted & Roosevelt	41.86675847	-87.647084	8, 18, 62
17367	Belmont & Overhill (77th Avenue)	41.93800703	-87.81920755	77
17368	Central & Chicago	41.89502407	-87.7652998	85
17369	111th Street & Halsted	41.69241606	-87.64273966	111
17373	Halsted & 61st Street	41.78315867	-87.64495605	8
17378	Halsted & 49th Street	41.80567736	-87.64536035	8
17379	Belmont Red/Brown/Purple Line Station	41.93987796	-87.65306818	77
17380	Belmont Red/Brown/Purple Line Station	41.93997516	-87.65337745	77
17381	King Drive & 73rd Street	41.76194999	-87.61512512	3
17383	Harlem & 60th Street	41.7829448	-87.8010201	62H
17384	Pershing & State	41.82379356	-87.62670912	39
17387	79th Street & Honore	41.75021413	-87.6696141	79
17388	Belmont & Karlov	41.93913616	-87.72980176	77
17389	Harlem & Ontario	41.89096485	-87.80500425	90
17390	Halsted & Waveland	41.94924931	-87.64945474	8
17392	Ashland & Fullerton	41.92531647	-87.66801338	9, X9
17393	Broadway & Sunnyside	41.96405422	-87.65649226	36, 78
17394	Lawrence & Clark	41.96898059	-87.66778554	81
17395	Clark & Lawrence	41.96910854	-87.66743173	22
17396	Roosevelt & Halsted	41.86725853	-87.64746	12
17397	King Drive & 25th Street	41.84766556	-87.61729773	3, 21
17398	Broadway & Ainslie	41.97133602	-87.65984834	36
17399	Damen & 51st Street	41.80109201	-87.6745959	48
17400	Halsted & 57th Street	41.79081488	-87.64498867	8
17401	Harlem & Bloomingdale	41.91232108	-87.80597001	90
17402	Harlem & Armitage	41.91607333	-87.80609458	90
17403	Fullerton & Central	41.92409923	-87.76630322	74
17404	Western & North Ave	41.91048474	-87.68710241	49, X49
17405	Addison & Central	41.94582382	-87.76653116	152
17406	Devon & Rockwell	41.99770865	-87.69499169	155
17409	Canal & 23rd Place	41.84955809	-87.63854957	44
17413	Milwaukee & Diversey/Kimball	41.93172422	-87.7118721	56, 76
17415	Kedzie & Cermak	41.85193636	-87.70517847	52
17416	Kedzie & Cermak	41.85162753	-87.70534383	52
17417	Kedzie & Arthington	41.86989991	-87.70588076	52
17419	Kedzie & Lexington	41.87180224	-87.70577441	52
17420	Kedzie & Lexington	41.87194725	-87.70594716	52
17423	Dorchester & 60th Street	41.78624299	-87.59140417	2, 171, 172
17425	Roosevelt & Cicero	41.86598343	-87.74521941	12
17427	Roosevelt & Kostner	41.86597857	-87.73466797	12
17428	Pulaski & Division	41.90288333	-87.72622261	53
17429	Pulaski & Division	41.90246161	-87.72637428	53
17430	Irving Park & Laramie	41.95322315	-87.75688658	80
17431	95th & Stony Island Plaza	41.72231113	-87.58175527	100
17432	Van Buren & Clark	41.87694685	-87.63098101	36
17433	95th Street & Halsted	41.72156727	-87.64355915	9, 95, 112
17434	Kedzie Orange Line Station	41.80487488	-87.70459325	47
17435	35th/Archer Orange Line Station	41.82866236	-87.68096076	39
17436	Randolph & Field Blvd	41.884327	-87.61780015	60
17439	North Ave & Pulaski	41.90999648	-87.72670832	72
17440	Roosevelt & Keeler	41.86604005	-87.72982512	12
17441	Roosevelt & Cicero	41.86583351	-87.74440412	12
17442	Wentworth & Archer	41.85400146	-87.63189273	24
17443	Archer & Red Line Station	41.85445789	-87.6313061	24, 62
17444	Wentworth & Cermak	41.85319163	-87.63172129	24
17446	Pulaski & 83rd Street	41.74236747	-87.72154312	53A
17448	Kedzie & 31st Street	41.83693005	-87.70490591	35, 52
17449	Kedzie & 26th Street	41.84468949	-87.7049611	52
17450	Kedzie & 28th Street	41.84105176	-87.70486546	52
17451	Kedzie & 38th Street	41.82425484	-87.70453523	52
17452	Kedzie & 38th Street	41.82460505	-87.70437227	52
17453	Kedzie & 61st Street	41.78248008	-87.70331755	52, 52A
17454	47th Street & Kildare	41.80772857	-87.73072261	47
17457	Belmont & Austin	41.93839317	-87.77598844	77, 91
17458	Pulaski & Armitage	41.9169965	-87.72663995	53
17459	Belmont & Laramie	41.93865446	-87.75637528	77
17461	Pulaski & Addison	41.94659517	-87.72732367	53
17462	Pulaski & Addison	41.94619545	-87.72749795	53
17463	Pulaski & Wellington	41.93563962	-87.72699382	53
17464	Pulaski & Diversey	41.93203243	-87.72689925	53
17465	Pulaski & Fullerton	41.92474152	-87.72668858	53
17466	Pulaski & Wrightwood	41.92840158	-87.72679076	53
17467	Pulaski & Armitage	41.91737985	-87.72648284	53
17468	Belmont & Mason	41.9384145	-87.77471635	77, 91
17469	Belmont & Lamon	41.9387461	-87.74904912	77
17470	Belmont & Kenosha	41.93893887	-87.73416732	77
17472	Halsted & 79th Street Terminal	41.74981196	-87.64370758	8, 8A
17473	California & Roscoe	41.94325433	-87.69783378	93
17474	California & Belmont	41.93964331	-87.69775182	93
17475	Lawrence & Elston	41.96805164	-87.73951093	81
17476	Lawrence & Kostner	41.96807703	-87.73770067	81
17477	Milwaukee & Springfield	41.93999603	-87.72520476	56
17478	Belmont & Sacramento	41.93930365	-87.70244747	77
17479	Belmont & Sacramento	41.93944131	-87.70307547	77
17480	Belmont & Sayre	41.9380302	-87.80084869	77
17481	Belmont & Narragansett	41.93825919	-87.78565831	77
17482	Belmont & Narragansett	41.93838926	-87.78630223	77
17483	Belmont & Sayre	41.93813911	-87.80158376	77
17484	Cicero & Lawrence	41.96823673	-87.74755359	54A
17487	Halsted & Lincoln/Fullerton	41.92572663	-87.6486827	8
17488	Ashland & Montrose	41.96191119	-87.66914105	9
17489	Ashland & Wilson	41.96500945	-87.66948527	9
17492	Halsted & 99th Street	41.71376629	-87.64318752	108, 8A
17493	Irving Park & Western	41.95393272	-87.68817296	80
17496	Foster & Kimball	41.97563606	-87.71324945	92
17497	Kedzie & Ainslie	41.97038046	-87.70860866	93
17498	Kedzie & Argyle	41.97220269	-87.70865961	93
17499	Kedzie & Carmen	41.97405223	-87.70870943	93
17500	Kedzie & Lawrence	41.96857586	-87.70856896	93
17501	Kedzie & Foster	41.97539109	-87.70878254	93
17502	Kedzie Brown Line Station	41.96627108	-87.70848903	93
17506	Archer & Kolmar	41.79956606	-87.7370741	62
17507	Archer & Knox	41.79939635	-87.73909684	62
17508	Pulaski Orange Line Station	41.79991644	-87.7247044	53, 62, 53A
17509	35th/Archer Orange Line Station	41.82927466	-87.68053272	35, 39, 50, 62
17510	Halsted & 79th Street	41.75083561	-87.64395362	8, 169
17511	Central Street & Eastwood	42.06440574	-87.69550562	201
17512	Halsted & 98th Place	41.71525239	-87.64288439	108, 8A
17516	Roosevelt & Delano	41.86727145	-87.63218404	12, 18, 62
17517	Roosevelt & Delano	41.86751019	-87.63288273	12, 18, 62
17519	Kimball & Fullerton	41.92495937	-87.71202242	82
17520	Wentworth & 44th Place	41.81379348	-87.63119611	24, 43
17521	Ashland & 63rd Street	41.77925711	-87.6643695	9, X9
17523	Montrose & Narragansett	41.96015946	-87.78700751	78
17528	Diversey & Western/Elston	41.93211834	-87.6872599	76
17529	Diversey & Western/Elston	41.93224507	-87.68838751	76
17530	Diversey & Rockwell	41.93220629	-87.69309997	76
17533	59th Street & Hoyne	41.78665627	-87.67688614	59
17535	Central & School	41.94077023	-87.76652113	85
17538	Kedzie Orange Line Station	41.80455576	-87.70462634	47, 51, 52, 52A
17542	43rd Street & Indiana	41.81644752	-87.62121505	43
17543	43rd Street & State	41.81657314	-87.62651534	43
17545	Exchange & 83rd Street	41.74418643	-87.55227598	26, 71, N5
17547	King Drive & 96th Street	41.72021227	-87.61426319	111
17548	King Drive & 97th Street	41.71835072	-87.61421244	111
17549	King Drive & 97th Street	41.71817232	-87.61397195	111
17550	King Drive & 96th Street	41.71992208	-87.61401922	111
17551	43rd Street & Michigan	41.81643546	-87.62281162	43
17552	43rd Street & Michigan	41.81663007	-87.62339397	43
17558	Avenue O & 126th Street	41.66571505	-87.53946726	30
17559	Avenue O & 126th Street	41.66590035	-87.53916664	30
17560	McCormick & Lincoln	41.99521511	-87.71318936	11, 82
17562	55th Street & Kildare	41.79320734	-87.73084417	55
17563	55th Street & Kenwood	41.79504262	-87.59302328	55, 171
17564	Jeffery & 71st Street	41.76634433	-87.57638842	15, J14, N5
17566	St. Louis & 38th Place	41.82346462	-87.71184301	39
17567	Grand & Normandy	41.92355606	-87.79219364	65, 74
17568	Dempster & Darrow	42.04110444	-87.69773557	206
17570	69th Street & Lafayette	41.76933879	-87.62699656	67
17572	Cottage Grove & 63rd Street (Green Line)	41.78057559	-87.60582442	4, X4
17573	Archer & Linder	41.79612376	-87.76037025	62, 62H
17574	Archer & Mayfield	41.79464473	-87.77001747	62, 62H
17575	Archer & Austin	41.79426282	-87.77253069	62, 62H
17576	Archer & Mulligan	41.79269038	-87.78092641	62, 62H
17577	Archer & Meade	41.79382568	-87.77414768	62, 62H
17578	Financial Place & Ida B Wells Drive (LaSalle St Station)	41.87538242	-87.63302496	36
17582	Foster & Damen	41.97610306	-87.67983611	92
17583	Foster & Western	41.975966	-87.68951427	92
17584	Foster & Lincoln	41.9758036	-87.69203189	92
17585	Lincoln & Foster	41.97618023	-87.6922702	11
17586	55th Street & Merrimac	41.79249322	-87.77843186	55N
17590	State & Polk	41.87206431	-87.62767144	29, 62, 130, 146
17592	State & 9th Street	41.87033616	-87.62763223	29, 62, 130, 146
17593	Kedzie & Washington	41.88256863	-87.70626705	52
17594	Kedzie & Adams	41.87865031	-87.70598667	52
17595	Halsted & 37th Street	41.82748827	-87.64612971	8
17596	Madison & Talman	41.8811818	-87.69231444	20
17597	Madison & Washtenaw	41.88117317	-87.69417183	20
17599	Madison & Leavitt	41.88130345	-87.68187629	20
17600	Madison & Oakley	41.88126918	-87.68425539	20
17601	Van Buren & Paulina	41.87638048	-87.66949943	126
17603	Lawrence & Wolcott	41.96888263	-87.67652423	81
17604	Lawrence & Damen	41.96884905	-87.67946939	81
17606	Lawrence & Wolcott	41.96872816	-87.67596388	81
17607	Western & Sunnyside	41.96296071	-87.68886822	49
17609	Montrose & Western	41.96126836	-87.68831734	78
17610	Montrose & Damen	41.96154194	-87.67924302	78
17613	Damen & 66th Street	41.77371233	-87.67383267	48
17626	61st Street & Woodlawn	41.78412617	-87.5959965	59
17628	Kimball & Fullerton	41.92440774	-87.71221064	82
17629	Van Buren & Morgan	41.87665541	-87.6521725	126
17632	Kedzie & Roosevelt	41.86671941	-87.70559304	52
17633	Central Park & 16th Street	41.8591902	-87.7151294	82
17634	Central Park & 16th Street	41.85878438	-87.71529929	82
17636	Roosevelt & Homan	41.86628151	-87.71023167	12
17637	Roosevelt & Spaulding	41.86630699	-87.70778518	12
17638	Clark & North Shore	42.00332203	-87.67248237	22
17639	Halsted & 123rd Street	41.67075796	-87.64155217	108, 8A
17640	Halsted & 120th Street	41.67565121	-87.64196687	108, 8A
17642	South Chicago & 85th Street	41.74120722	-87.57147257	30
17643	Halsted & 120th Street	41.67620639	-87.64175257	108, 8A
17644	Homan & Division	41.90257418	-87.71174013	82
17646	Lake Park & 53rd Street	41.79926881	-87.5874083	15, 28, 192
17651	Irving Park & Lockwood	41.95319363	-87.75927997	80
17654	North Ave & Washtenaw	41.91036948	-87.69476063	72
17655	Belmont & Octavia	41.93790505	-87.8089434	77
17656	Stony Island & 68th Street	41.77139499	-87.58639435	28
17659	115th Street & Ashland	41.6847685	-87.66117652	115
17660	South Chicago & Ingleside	41.76337284	-87.60228964	30
17661	79th Street & Phillips	41.75171601	-87.56485732	79
17662	79th Street & Phillips	41.7518319	-87.56494368	79
17663	83rd Street & Vincennes	41.74399526	-87.63567613	24
17664	83rd Street & Holland	41.74348552	-87.632345	24
17665	8400 S Holland	41.74144987	-87.63212433	24
17666	8500 S Holland	41.73910639	-87.63208124	24
17667	8501 S Holland	41.73934805	-87.63183582	24
17669	83rd Street & Holland	41.74361075	-87.63251781	24
17673	Paulina & Howard Terminal	42.01851339	-87.6728196	22
17675	Oakton Yellow Line Station	42.02834031	-87.74757007	54A
17676	Cottage Grove & 111th Street	41.69310885	-87.60967137	4, 115
17678	18th Street & Racine	41.85801078	-87.6566664	18
17679	Indiana & 41st Street	41.82032807	-87.62138033	39
17686	Cermak & Loomis	41.85234347	-87.66090633	21
17687	Cermak & Throop	41.85237821	-87.6584773	21
17690	31st Street & Kildare	41.83687895	-87.73150509	35
17691	31st Street & Kostner	41.83685593	-87.73433325	35
17692	Cicero & 31st Street	41.83660379	-87.743234	35
17693	31st Street & Kostner	41.83670905	-87.73433804	35
17694	31st Street & Central Park	41.83699307	-87.71441683	35
17695	31st Street & St. Louis	41.83703442	-87.7122933	35
17696	31st Street & Kedzie	41.83730149	-87.7050442	35
17697	79th Street & Jeffery	41.75154049	-87.57579027	79
17698	Cicero & 31st Street	41.83728227	-87.74361981	35, 54B
17706	100th Street & Paxton	41.7134032	-87.56963877	15, J14
17712	Webster & Bissell	41.92183211	-87.65211388	37
17713	Clarendon & Montrose	41.96222606	-87.64984112	135, 148
17717	Clarendon & Leland	41.96747957	-87.6501643	148
17718	Clarendon & Wilson	41.96563328	-87.65008473	148
17719	Avenue O & 118th Street	41.68088968	-87.53963338	30
17720	King Drive & 99th Place	41.71421951	-87.61412012	111
17721	King Drive & 101st Street	41.71103204	-87.61400346	111
17722	King Drive & 103rd Street	41.70745093	-87.61386706	111
17723	King Drive & 105th Street	41.7037837	-87.6138456	111
17724	King Drive & 107th Street	41.70006759	-87.61376016	111
17725	King Drive & 109th Street	41.69650297	-87.61361609	111
17727	King Drive & 111th Street	41.69301969	-87.61324211	111
17728	King Drive & 109th Street	41.69632457	-87.61337569	111
17729	King Drive & 107th Street	41.6998892	-87.61351975	111
17730	King Drive & 105th Street	41.70360531	-87.61360517	111
17731	King Drive & 103rd Street	41.70727253	-87.61362662	111
17732	King Drive & 101st Street	41.71085364	-87.613763	111
17733	King Drive & 99th Place	41.7146541	-87.61384653	111
17734	115th Street & Marshfield	41.68469838	-87.66282294	111
17735	Marshfield & 116th Street	41.68358949	-87.66275709	111, 115
17736	Marshfield & 117th Street	41.68039993	-87.66256315	111, 115
17737	Ashland & 119th Street	41.6780562	-87.66122238	111, 115
17738	Ashland & 117th Street	41.68110614	-87.66122746	111, 115
17739	115th Street & Marshfield	41.68487031	-87.66305676	111
17741	79th Street & Cornell	41.7515848	-87.58467106	79
17742	McClurg & Huron	41.89496865	-87.61768009	120, 121
17743	McClurg & Ontario	41.89338824	-87.61765567	120, 121
17747	103rd Street & Stony Island Garage Terminal	41.70874838	-87.58093291	106
17748	111th Street & Lawndale	41.69145345	-87.71355327	112
17751	Clark & Orchard	41.93464433	-87.64646005	22
17754	95th Street & King Drive	41.72199609	-87.61445396	3, 4, 111, X4
17766	Marine Drive & Montrose	41.96216993	-87.64683551	136, 146
17767	Pulaski & Sunnyside	41.96297713	-87.72779049	53
17768	31st Street & St. Louis	41.83718853	-87.71231973	35
17769	31st Street & Karlov	41.83691607	-87.72701327	35
17770	31st Street & Keeler	41.83691089	-87.72946913	35
17771	Desplaines & Kinzie/Milwaukee	41.88870891	-87.64443489	56
17772	Desplaines & Lake	41.88553313	-87.64432714	56
17773	Desplaines & Fulton/Milwaukee/Kinzie	41.88810155	-87.64416217	56
17779	115th Street & Halsted	41.68503482	-87.64173652	115
17785	Armitage Station (Brown Line)	41.91804401	-87.65257729	73
17786	Rockwell & Addison	41.94599458	-87.69396457	94
17787	California & Addison	41.94631996	-87.69813758	93, 94
17790	95th Street Red Line Station	41.72184183	-87.62438973	95, N5
17815	47th Street & Calumet	41.80926711	-87.61828154	47
17816	47th Street & Prairie	41.80940727	-87.61954108	47
17817	47th Street & Indiana	41.80938767	-87.62133249	47
17831	Addison & Central	41.94594293	-87.7672011	152
17832	Addison & Kimball	41.9465142	-87.71237609	152
17833	Belmont & Greenview	41.93968346	-87.66589632	77
17834	Milwaukee & Carpenter	41.89485168	-87.65339275	8, 56, 66
17841	Madison & Hamlin	41.88075138	-87.72046437	20
17845	Belmont & Linder	41.93855275	-87.76387296	77
17846	Ellis & Midway Plaisance 	41.7873842	-87.60130831	171, 172
17848	Diversey & Neva Terminal	41.93087788	-87.80570067	76
17850	Avenue O & 130th Street	41.6593306	-87.53977904	30
17851	Niles Center & Greenleaf	42.03741254	-87.74928379	97
17852	Commercial & 102nd Street	41.70981519	-87.55251657	71
17856	10700 S. Doty	41.69758782	-87.59592239	111A
17857	Doty & Walmart	41.69509949	-87.59870406	111A
17858	Doty & Walmart	41.69522616	-87.59829072	111A
17859	Western & 92nd Place	41.72517949	-87.68210242	95
17860	Western & 92nd Place	41.72510949	-87.68229242	95
17864	North Ave & Linder	41.90951872	-87.762835	72
17865	Irving Park & Kostner	41.95363247	-87.7383574	80, 54A
17866	Old Orchard Rd & Woods	42.06248721	-87.76065383	54A
17868	79th Street & Lake Shore Drive	41.75188284	-87.54491571	6, 79
17870	Stony Island & 91st Street	41.72939043	-87.58556514	28
17871	65th Street & Melvina	41.77404209	-87.77605405	165
17872	Austin & Belmont	41.9382996	-87.77629409	91
17873	Austin & Dickens	41.9180594	-87.77566697	91
17878	75th Street & Bennett	41.75877306	-87.57926986	75
17879	Archer & Kilbourn	41.79976111	-87.73543613	62
17880	Archer & Kildare	41.80053809	-87.73052784	62
17881	Cicero & Schubert	41.92982797	-87.74665986	54
17882	Laramie & Chicago	41.89470475	-87.75568293	57
17883	Laramie & Chicago	41.89512434	-87.75552397	57
17884	Laramie & Jackson	41.8768256	-87.75484044	57
17889	Western & Schubert	41.93014597	-87.68797043	49
17890	Western & Van Buren (Blue Line)	41.87628815	-87.68609468	49, X49
17891	Cottage Grove & 111th Street	41.69246949	-87.61008406	111A
17892	Clark & 16th/17th	41.85952262	-87.63015709	24
17893	Clark & 16th/17th	41.85952791	-87.63034718	24
17895	69th Red Line Station	41.76911045	-87.62565383	30
17896	Kostner & 74th Street (Solo Cup)	41.75843525	-87.73241568	79, 54B
17897	Torrence & 101st Street	41.71186945	-87.55965602	100
17898	51st Street & Wentworth	41.80172985	-87.63035902	15
17899	Jeffery & 83rd Street/South Chicago	41.74517493	-87.57607366	15, J14
17900	Milwaukee & Belle Plaine	41.95534633	-87.74973268	56
17901	Belmont & Orchard	41.94011361	-87.64702261	77, 156
17902	60th Street & Kenwood	41.7860584	-87.59324202	2, 171, 172
17903	60th Street & University	41.7860168	-87.59805812	2
17904	Halsted & 18th Street	41.85748519	-87.64669922	8, 62
17905	Halsted & 26th Street	41.84525884	-87.64651093	8
17906	Lake Shore & Hawthorne	41.94491802	-87.64125348	135, 146, 151
17907	Sheridan & Buena	41.95819641	-87.65453361	151
17908	Dodge & Washington	42.03280123	-87.69942115	93, 206
17910	Central Street & Cowper	42.06451781	-87.72405354	201, 206
17911	Dodge & Lake	42.04398029	-87.69922396	93, 206
17914	Western Blue Line Station	41.91588601	-87.68727718	49, X49
17917	Milwaukee & Western	41.9165241	-87.68706245	56
17921	North Ave & Mayfield	41.90917957	-87.77333862	72
17922	Fullerton & Seminary	41.92542	-87.65586909	74
17923	Fullerton & Lakewood	41.92517326	-87.6610923	74
17924	71st Street & California	41.76448632	-87.69284834	67, 94
17925	69th Street & Damen	41.76851985	-87.67387598	67, 94
17926	McClurg & Grand	41.89171857	-87.61761293	120, 121
17943	7100 W Forest Preserve Avenue	41.95421034	-87.80635336	78
17944	Montrose & Ashland	41.96153391	-87.66895908	78
17945	Montrose & Sacramento	41.96128005	-87.70363412	78, 93
17947	Irving Park & Natchez	41.95281169	-87.7893529	80
17948	Irving Park & Pacific	41.95240613	-87.82678224	80
17949	87th Street & Wood	41.73582515	-87.66819823	87
17950	Halsted & 53rd Street	41.79772007	-87.64536379	8
17951	Halsted & 53rd Street	41.79801506	-87.64514097	8
17953	Halsted & Marquette Rd	41.77234534	-87.64471675	8
17957	75th Street & King Drive	41.75847659	-87.6153709	75
17961	31st Street Beach	41.83904446	-87.60770969	35
17966	63rd Street & Latrobe	41.77828855	-87.75335718	63W
17967	Cottage Grove & 67th Street	41.77291338	-87.60589981	4, X4
17968	71st Street & Jeffery	41.76626841	-87.5766342	71
17975	Division & Central	41.90209004	-87.76536845	70
17976	Division & Central Park	41.9026894	-87.71631425	70
17977	Division & Homan	41.90272034	-87.71142828	70
17978	Division & Hamlin	41.90278824	-87.72164417	70
17979	Division & Keeler	41.90266778	-87.73145641	70
17980	Division & Kostner	41.90258774	-87.73643928	70
17981	Division & Long	41.90224828	-87.7612158	70
17982	Division & Central	41.90221166	-87.76590027	70
17984	Austin & Van Buren	41.87471438	-87.77455244	91
17992	Cicero & 23rd Street	41.84916543	-87.74411263	54, 60, 54B
17993	Central & Wilson	41.96387462	-87.76743477	85
17994	Diversey & Meade	41.93105982	-87.77812538	76
17997	Ashland & 45th Street	41.81203439	-87.66519234	9
17998	Ashland & 48th Street	41.80651959	-87.66504894	9
18000	Ashland & 61st Street	41.78285964	-87.66443398	9
18001	Ashland & 59th Street	41.78703374	-87.66426391	9, X9
18002	Ashland & 51st Street	41.8015747	-87.66464405	9, X9
18004	Ashland & 48th Street	41.8069386	-87.6648044	9
18005	Cottage Grove & 67th Street	41.77332199	-87.60564409	4, X4
18006	Cottage Grove & 65th Street	41.77701987	-87.60575071	4
18007	Cottage Grove & 64th Street	41.778787	-87.60579406	4
18008	Cottage Grove & 64th Street	41.77835209	-87.60599871	4
18009	Halsted & Jackson	41.87816221	-87.64717194	8
18010	Broadway & Foster	41.97612594	-87.65997557	36
18011	Halsted & Randolph	41.88473282	-87.64735865	8
18012	5800 S Ellis	41.78941611	-87.60132429	171, 172
18015	Dodge & Dempster	42.0409693	-87.69924332	93, 206
18016	State & 94th Street	41.72389059	-87.62373381	29
18018	55th Street & University	41.79496965	-87.59791458	55
18019	Pershing & Ashland	41.82306857	-87.66435953	39
18020	Ashland & Pershing	41.8224284	-87.66559049	9, X9
18022	51st Street & Loomis	41.80132523	-87.65962034	51
18023	51st Street & Racine	41.80139625	-87.65473361	51
18024	51st Street & Morgan	41.80158788	-87.65058454	51
18025	51st Street & Loomis	41.80145545	-87.66022384	51
18026	51st Street & Ashland	41.80138989	-87.66513218	51
18027	75th Street & Dorchester	41.7587986	-87.59111804	75
18029	59th Street & Kedzie	41.78619206	-87.70308098	59
18030	59th Street & Kedzie	41.78632201	-87.70361233	59
18031	59th Street & Pulaski	41.78600664	-87.72327684	59
18032	Garfield & LaSalle	41.79465578	-87.62917362	55
18033	Clark & Waveland	41.94939278	-87.65818715	22
18043	State & 51st Street	41.80208289	-87.62577243	29
18044	Harlem & Altgeld	41.92518424	-87.80644143	90
18045	Emerson & Dewey	42.05208278	-87.69615276	93
18046	Emerson & Dewey	42.05222164	-87.69561485	93
18047	Madison & Springfield	41.88071113	-87.72286655	20
18050	915 E. 60th Street 	41.78587188	-87.60383716	2
18051	Cermak-McCormick Place Green Line Station	41.85292581	-87.62637364	21
18052	Cermak-McCormick Place Green Line Station	41.85280346	-87.62637317	21
18064	Armitage Station (Brown Line)	41.91821104	-87.65258704	73
18066	Forest Preserve Avenue & Oak Park	41.95870974	-87.79752706	78
18067	Forest Preserve Avenue & Oak Park	41.95843865	-87.79734576	78
18079	Beverly & 99th Street	41.71359705	-87.65952899	9
18084	69th Street & Damen	41.76837986	-87.67337373	67
18086	Fullerton & Western	41.92499797	-87.68802922	74
18088	Fullerton & Rockwell	41.92478096	-87.6924083	74
18090	Vincennes & 81st Street	41.74689236	-87.63536761	24
18091	Central & Division	41.90190617	-87.76574148	85
18092	Central & Division	41.90245843	-87.76558502	85
18093	Sacramento & Ohio	41.89203214	-87.70210361	94
18094	Cicero & Division	41.90204692	-87.74607893	54
18095	Cicero & Augusta	41.89849924	-87.7459834	54
18096	Cicero & Ohio	41.89118997	-87.74576803	54
18097	Cicero & Maypole	41.88422985	-87.74551414	54
18098	Cicero & Washington	41.88162612	-87.74544243	54
18099	Cicero & Jackson	41.87704269	-87.74505661	54
18100	Cicero & Washington	41.88202278	-87.74524957	54
18101	Cicero & Division	41.90270771	-87.74588815	54
18102	Cicero & Adams	41.87855594	-87.74510954	54
18103	Damen & 87th Street	41.73609836	-87.67250547	95
18106	Lawrence & Pulaski	41.96818452	-87.72781062	81
18107	Lawrence & Central Park	41.96842466	-87.71846311	81
18109	Lawrence & Central	41.96772377	-87.76723747	91, 81W
18110	Lawrence & Long	41.96758818	-87.76229953	91, 81W
18111	Lawrence & Long	41.96776079	-87.76289799	91, 81W
18112	Lawrence & Central	41.96785539	-87.76776033	91, 81W
18113	Northwest Hwy & Monitor	41.97846483	-87.77442853	68
18116	Jackson & Francisco	41.87734422	-87.69877421	126
18117	Jackson & Francisco	41.87748684	-87.69841808	126
18118	Jackson & Washtenaw	41.8773956	-87.69392517	126
18119	Jackson & Spaulding	41.87737722	-87.70826384	126
18121	Yates & 95th Street	41.72243332	-87.56464231	100
18122	Washington & Clark/Dearborn	41.88315492	-87.63020179	2, 6, 10, 20, 29, 56, 60, 62, 124, 146, 157, J14
18123	Madison & LaSalle	41.88201942	-87.63265794	20, 56, 60, 124, 157, J14
18124	Madison & Franklin	41.88200766	-87.63564298	20, 56, 60, 124, 157, J14
18125	Clinton & Madison	41.88174698	-87.64128562	60, 124, 125, 130, 157
18126	Madison & Dearborn/State	41.8820588	-87.62856462	20, 56, 60, 124, 157, J14
18127	Sheridan & Birchwood	42.0180307	-87.66551883	147
18129	Harrison & Damen	41.87398411	-87.6762271	7
18130	Harrison & Western	41.87395154	-87.68667859	7
18131	Harrison & California	41.8738753	-87.69634549	7
18132	Irving Park & Forest Preserve	41.95263017	-87.81048717	80
18152	Central Street & Jackson	42.06417739	-87.69225311	201
18153	Central Street & Jackson	42.06433837	-87.69205836	201
18154	State & Washington	41.88308401	-87.6277524	4, 66
18156	Division & Clybourn	41.90364816	-87.63948429	70
18162	Division & Oakley	41.90300131	-87.68428783	70
18163	Division & Oakley	41.90312972	-87.68504454	70
18164	California & Archer	41.81958307	-87.69463714	94
18165	Division & Leavitt	41.9031823	-87.68240405	70
18173	Clark & Diversey	41.93256809	-87.64496192	22, 36
18174	Roosevelt & Jefferson	41.86732985	-87.64253866	12, 18, 62
18175	Homan & Chicago	41.89525507	-87.71152304	82
18176	Homan & Chicago	41.89574549	-87.71135851	82
18179	133rd Place & Langley	41.65249518	-87.60477147	34
18180	Ashland & Marquette Rd	41.77199001	-87.66416413	9
18181	Ashland & 71st Street	41.76465647	-87.66393461	9
18184	UIC-Halsted Blue Line Station	41.87551166	-87.64708245	8
18185	Cicero & 55th Street	41.79349788	-87.74211573	47, 62, 54B, 62H
18204	35th Street & Ashland	41.83044441	-87.66522869	35
18205	35th Street & Morgan	41.83062995	-87.65069405	35
18206	35th Street & Halsted	41.83081903	-87.6463656	35
18208	95th Street & Clyde	41.72246358	-87.57153438	100
18209	95th Street & Paxton	41.72259464	-87.57074522	100
18210	Pulaski & 86th Street	41.73690339	-87.72136116	53A
18211	Pulaski & 87th Street	41.73555801	-87.72131543	53A
18212	Halsted & 30th Street	41.84009922	-87.6461946	8
18213	Halsted & 29th Street	41.84143162	-87.64646005	8
18214	Wentworth & 26th Street	41.84522387	-87.63191889	24
18215	Halsted & 29th Street	41.84188445	-87.64628656	8
18222	Chicago & Clark	41.89657516	-87.63091219	66
18223	Chicago & State (Red Line)	41.89662136	-87.62792219	66
18224	Mies Van Der Rohe & Pearson	41.8974886	-87.62178451	10, 125, 157
18226	Archer & Menard	41.79491175	-87.76708974	62, 62H
18229	Exchange & 74th Place	41.759881	-87.560698	71
18230	75th Street & Colfax	41.75900038	-87.56131273	75, N5
18231	75th Street & Colfax	41.75912042	-87.56148861	75, N5
18232	31st Street & Wells	41.8381353	-87.63304341	31
18233	31st Street & Wells	41.83828537	-87.63271212	31
18234	31st Street & Morgan	41.83803169	-87.65123688	31
18235	31st Street & Lock	41.83799688	-87.6591667	31
18236	Archer & Lock	41.84009849	-87.66139548	31, 62
18237	33rd Place & Rhodes	41.83368067	-87.61539378	31
18238	State & 35th Street	41.83118231	-87.62642223	29, 31
18239	State & 31st Street	41.8381261	-87.62683697	31
18240	Halsted & Dickens	41.92017996	-87.64848148	8
18241	115th Street Metra Station	41.68560486	-87.61233205	4
18242	31st Street & Rhodes	41.83842131	-87.61361705	31
18243	31st Street & Michigan	41.83829453	-87.62312487	31
18244	31st Street & Michigan	41.8384159	-87.62358327	31
18245	31st Street & Canal	41.83811493	-87.63760975	31
18246	31st Street & Union	41.83801546	-87.64370282	31
18247	31st Street & Wallace	41.83816657	-87.64164062	31
18248	31st Street & Union	41.83813219	-87.64414865	31
18250	Union Station Transit Center	41.87765493	-87.63985748	156
18251	Union Station Transit Center	41.87775325	-87.63987518	151
18252	Union Station Transit Center	41.87785369	-87.63988467	28, 121
18255	Clark & Huron	41.89473689	-87.63129354	22
18257	47th Street & Ashland	41.80867674	-87.66523454	47
18258	47th Street & Ashland	41.80854579	-87.66467716	47
18260	Belmont & Long	41.93858873	-87.7613608	77
18261	Kimball & Wrightwood	41.92813325	-87.71228769	82
18262	Kimball & Palmer	41.92120307	-87.71192628	82
18263	Belmont & Wolcott	41.93955596	-87.67564664	77
18264	Ridge & Ardmore	41.9883343	-87.66763066	84
18285	Sheridan & Gunnison	41.97024927	-87.65492897	151
18286	79th Street & Langley	41.75130506	-87.60787575	79
18287	Archer & Kedzie	41.81414565	-87.70399791	62
18288	Archer & St. Louis	41.80977899	-87.71145508	62
18289	Central Park & Cermak	41.85146819	-87.71509033	82
18290	43rd Street & Indiana	41.81663768	-87.62163993	43
18291	Pershing & State	41.82365881	-87.62605171	39
18292	Pershing & Vincennes	41.82396749	-87.61292535	39
18294	Ford City	41.75580503	-87.7331949	79
18295	Ford City	41.75614745	-87.73296534	67, 54B
18296	California & 63rd Street	41.77899242	-87.69346909	94
18297	Western & Adams	41.87836641	-87.68649414	49
18298	Western & Jackson	41.8773778	-87.68649553	49, X49
18299	Western & Fulton	41.88636441	-87.68670729	49
18300	Broadway & Thorndale	41.9897546	-87.66037531	36
18301	Polk & Damen	41.87144696	-87.67547119	157
18302	Western & 62nd Street	41.7806798	-87.68381184	49
18303	Western & 62nd Street	41.78160504	-87.68358492	49
18304	Lake & Ridge	42.04429705	-87.68886898	206
18305	Fullerton & Southport	41.92515962	-87.66294977	74
18306	Fullerton & Greenview	41.92512113	-87.66557485	74
18308	Western & Devon	41.99788613	-87.68974826	49B
18309	Western & Devon	41.99754139	-87.69002872	49B
18310	Western & Touhy	42.01248377	-87.69010546	49B
18311	Western & Foster	41.97571515	-87.68929258	49, 49B, X49
18312	Western & 77th Street	41.75400511	-87.68282524	49
18313	Western & Hirsch	41.90651952	-87.68725807	49
18314	South Chicago & 73rd Street/Ellis	41.76208336	-87.60049253	30
18315	Van Buren & Throop	41.87653544	-87.65970406	126
18316	Blue Island & Leavitt	41.84674018	-87.68022857	60
18318	Michigan & 14th Street	41.86451556	-87.62396506	1, 3, 4, 12
18319	Fullerton & Greenview	41.92525995	-87.66609808	74
18320	Kedzie & Pratt	42.00486561	-87.70944941	11
18321	Damen & Fullerton	41.92528355	-87.6777872	50
18322	Ridge & Mulford	42.02325039	-87.68501035	201, 206
18323	Grand & Chicago	41.89533334	-87.6993613	65
18329	Diversey & Clark/Broadway	41.93274705	-87.64503729	76
18330	Western & Elston/Diversey	41.93240289	-87.68778627	49, X49
18331	Western & Belmont	41.93918071	-87.68820736	49, X49
18333	79th Street & King Drive	41.7510622	-87.61465256	79
18334	Harrison & Ashland	41.87427182	-87.66720788	7
18335	Harrison & Loomis	41.87426785	-87.66192607	7
18336	Harrison & Loomis	41.87414943	-87.66159397	7
18337	Diversey & Austin	41.93108495	-87.77563099	76
18338	Ashland & Grace	41.95039915	-87.66908624	9
18339	Harrison & Throop	41.87411301	-87.65943967	7
18340	Harrison & Throop	41.87433651	-87.6596553	7
18342	7061 N. Kedzie	42.01044319	-87.70929844	11
18345	Maple & Emerson	42.05198151	-87.68486226	93
18346	Western & Roscoe	41.9428857	-87.68829322	49
18347	Fullerton & Elston	41.92515979	-87.67612442	74
18348	Fullerton & Damen	41.92495772	-87.67751498	74
18352	Lawrence & Washtenaw	41.96864615	-87.69649441	81
18353	Cermak & Prairie	41.85303433	-87.62083918	3, 21
18354	Sheridan & Emerson	42.05220797	-87.67713095	201
18355	Sheridan & Haven	42.05742796	-87.67698945	201
18356	Sheridan & Lincoln	42.06182245	-87.67688989	201
18357	Sheridan & Haven	42.0574355	-87.67730701	201
18358	Milwaukee & Caton	41.91181704	-87.67980123	56
18359	Milwaukee & Paulina	41.9058569	-87.6702702	56
18363	Cicero & 19th Street	41.8548705	-87.7444847	54
18364	Cicero & 23rd Street	41.84916234	-87.74434394	54, 60, 54B
18365	Cicero & 24th Place	41.84652072	-87.74424665	60, 54B
18366	Cicero & 19th Street	41.85502271	-87.74430969	54
18367	Cicero & 29th Street	41.8401542	-87.74407837	35, 54B
18368	3700 S. Cicero	41.826203	-87.74373279	54B
18369	3700 S. Cicero	41.82388074	-87.74337589	54B
18370	Cicero & 24th Place	41.84683821	-87.74398703	60, 54B
18374	Grand & Homan	41.9000851	-87.71149313	65
18375	Grand & Augusta	41.89893972	-87.70842299	65
18376	Grand & Augusta	41.89938189	-87.70892991	65
18377	Grand & Homan	41.90026235	-87.7117183	65
18379	Harlem & Augusta	41.89800145	-87.80521328	90
18382	Meade & 64th Place	41.77517051	-87.773895	55A
18383	26th Street & Homan	41.84440592	-87.70969188	60
18384	95th Red Line Station	41.72093283	-87.62396573	115
18386	Broadway & Roscoe	41.94318439	-87.64480859	36
18387	South Chicago & 69th Street	41.76907223	-87.61022751	30
18388	Central & Lawrence	41.96759585	-87.7675703	85
18389	Central & Lawrence	41.96795175	-87.76739884	85
18390	95th Red Line Station	41.72159783	-87.62413073	9
18393	Broadway & Lawrence	41.96887405	-87.65977346	36
18394	Kimball & Belmont (Blue Line)	41.93910066	-87.71257087	77
18395	Roosevelt & Ashland	41.86696864	-87.66672821	12
18396	Michigan & Monroe	41.88063279	-87.62452219	3, 4, 26, 143, 147, 148, 151, J14, X4
18400	47th Street & Hoyne	41.80857851	-87.67740708	47, 48
18401	Ashland & Farwell	42.00651875	-87.66991976	155
18402	Orleans & Oak	41.90072162	-87.63724585	37
18403	Harlem & 61st Place	41.78013215	-87.8012431	62H
18404	State & 57th Street	41.79122247	-87.62549818	29
18412	Walton & Clark	41.89987463	-87.63100838	22, 70
18414	Vincennes & 77th Street	41.75427117	-87.63335268	24
18415	8401 S Holland	41.74149925	-87.63190324	24
18417	47th Street & Laflin	41.8085923	-87.66235523	47
18418	South Chicago & Dante	41.75486615	-87.59005882	30
18419	Racine & 51st Street	41.80175395	-87.65496721	44
18420	Racine & 51st Street	41.80109689	-87.65515568	44
18421	Kedzie & 107th Street	41.69898188	-87.70100542	52A
18422	Kedzie & 107th Street	41.69876872	-87.70119954	52A
18424	Milwaukee & Belmont	41.93900114	-87.72385349	56
18425	Milwaukee & Keeler	41.9444076	-87.73243192	56
18428	Ogden & Western	41.86451551	-87.68623133	18
18429	Ogden & Washtenaw	41.86208557	-87.69311772	18, 157
18430	Cottage Grove & 45th Street	41.81297846	-87.6067692	4
18431	Western & Irving Park	41.95427097	-87.68834054	49, X49
18432	King Drive & 89th Street	41.73267647	-87.61424941	3
18433	Pullman Community Center	41.7040931	-87.59402663	111A
18434	75th Street & Prairie	41.75843022	-87.61841096	75
18435	Midway Orange Line Station	41.78622765	-87.7390293	47
18436	Halsted & Lincoln/Fullerton	41.92507243	-87.64886547	8
18437	Western & Belle Plaine	41.9555772	-87.68863514	49
18439	Foster & Leclaire	41.97532807	-87.75547956	92
18441	Cermak & Wood	41.85232899	-87.6711622	21
18442	Cermak & Wood	41.85219463	-87.67066844	21
18443	Cermak & Damen	41.85226971	-87.67609124	21
18444	Cermak & Marshall Boulevard	41.85193262	-87.69916382	21
18445	Cermak & Western	41.85196364	-87.68552686	21
18447	Dearborn & Chicago	41.89702836	-87.62967852	22
18448	55th Street & Kenneth	41.79304814	-87.73433645	55
18449	Dodge & Main	42.03406625	-87.69914231	93, 206
18450	Dodge & Oakton	42.02677531	-87.69937938	93, 206
18451	Pullman Community Center	41.70374746	-87.59438148	111A
18453	Montrose & Lincoln	41.96134154	-87.68350937	78
18454	Broadway & Cullom	41.96018046	-87.6541382	36
18455	Broadway & Cullom	41.96066262	-87.6545347	36
18468	Halsted & Armitage	41.91809253	-87.64859722	8
18469	Halsted & Armitage	41.91831023	-87.64844107	8
18471	Harlem & Talcott	41.98557018	-87.8070648	88
18472	Austin & Irving Park	41.95316343	-87.77670603	91
18473	Ashland & 70th Street	41.76685058	-87.66372453	9
18475	North Ave & Kolmar	41.90962297	-87.73962464	72
18476	North Ave & Keeler	41.9097266	-87.73104543	72
18477	North Ave & Kolmar	41.90981966	-87.73983714	72
18478	Vincennes & 79th Street	41.75098609	-87.63402873	24
18479	Vincennes & 76th Street	41.75619158	-87.63245461	24
18480	Vincennes & 79th Street	41.75059865	-87.6345015	24
18481	North Ave & Central Park	41.91008016	-87.71687698	72
18482	Armitage & Western	41.91750741	-87.68717495	73
18483	Armitage & Western	41.91763882	-87.68769472	73
18484	Kedzie & 19th Street	41.85526576	-87.70543476	52
18485	Kedzie & 19th Street	41.85557076	-87.70529322	52
18486	Harrison & Paulina	41.8741009	-87.66880334	7, 126
18487	Chicago & Clark	41.89673355	-87.63153883	66
18488	State & 33rd Street	41.83492706	-87.6264372	29, 31
18489	State & 33rd Street	41.83443974	-87.62675673	29, 31
18491	North Ave & Lockwood	41.90958609	-87.75796589	72
18492	North Ave & Laramie	41.90958722	-87.7561198	72
18493	North Ave & Laramie	41.90940319	-87.75553937	72
18494	North Ave & Long	41.90939918	-87.76039076	72
18495	Illinois & Wells	41.89073093	-87.63388462	65
18498	Jefferson & Van Buren	41.87691184	-87.64242129	1, 7, 37, 60, 124, 125, 157
18500	Diversey & Cicero	41.93161518	-87.74690668	76
18501	Ogden & Lawndale	41.85354697	-87.7171925	157
18504	Devon & Damen	41.99796777	-87.68042952	155
18505	Devon & Damen	41.99784695	-87.67972789	155
18506	Kedzie & Roosevelt	41.86626646	-87.70576912	52
18507	Kedzie & Arthington	41.87029021	-87.7057081	52
18508	Damen & Schiller	41.90746183	-87.67727639	50
18510	Wacker (Upper) & Michigan	41.88814029	-87.62402944	134, 135, 136
18511	115th Street & Indiana	41.68543699	-87.61832006	115
18512	115th Street & Michigan	41.68541801	-87.62112075	115
18513	115th Street & Michigan	41.68528995	-87.62045703	115
18514	115th Street & Perry	41.6854004	-87.62553029	115
18560	4720 W Foster	41.97543966	-87.74630162	92
18568	18th Street & Racine	41.85788438	-87.65616754	18
18570	North Ave & Oakley	41.91045505	-87.68491426	72
18571	Halsted & Cermak	41.85296119	-87.64639826	8, 62
18573	Western & Touhy	42.0120911	-87.6904167	49B
18576	Pulaski & 13th Street	41.8644467	-87.72501003	53
18577	Pulaski & Roosevelt	41.86629858	-87.72507191	53
18578	Milwaukee & Irving Park/Cicero	41.95362142	-87.74745272	56
18580	Wilson & Broadway (Red Line)	41.96533444	-87.65781334	78
18581	Damen & 65th Street	41.77553807	-87.67391781	48
18582	Damen & Marquette Rd	41.77185583	-87.67382017	48
18588	Damen & 62nd Street	41.78131325	-87.67387212	48
18589	Damen & 57th Street	41.79040725	-87.67411358	48
18590	Damen & 56th Street	41.79226859	-87.67416905	48
18591	Damen & 57th Street	41.79015355	-87.67428166	48
18592	Damen & 63rd Street	41.7790884	-87.67401995	48
18593	Damen & 69th Street	41.76825552	-87.6737382	48
18595	Damen & 71st Street	41.76490586	-87.67345257	48, 94
18596	Damen & 74th Street	41.75910676	-87.67350199	48, 75
18597	Damen & 74th Street	41.75951894	-87.67331947	48
18599	111th Street & Kedzie	41.69164688	-87.70107425	112
18600	111th Street & Kedzie	41.69152111	-87.70057733	112
18601	111th Street & Central Park	41.69148175	-87.71078896	112
18602	111th Street & Central Park	41.69136524	-87.71037598	112
18604	71st Street & Woodlawn	41.76609458	-87.59543958	71
18605	State & 93rd Street	41.72558381	-87.62378312	29
18606	State & 83rd Street	41.74389757	-87.62427787	29
18607	Lawrence & Keeler	41.96811493	-87.73279996	81
18608	Cicero & Belden	41.92231714	-87.74642811	54
18609	Howard & Bell	42.01946598	-87.68661131	97, 206
18612	Foster & Avers	41.97563149	-87.72495417	92
18613	State & Chicago (Red Line)	41.89695179	-87.62812088	36
18616	Irving Park & Rockwell	41.95391482	-87.69315886	80
18617	Irving Park & Leavitt	41.95421455	-87.68380051	80
18618	Irving Park & Campbell	41.95410141	-87.69107282	80
18620	Navy Pier Terminal	41.89266187	-87.61110415	2
18621	Ashland & Cullerton	41.85516297	-87.6659101	9
18622	North Ave & Cleveland	41.91099355	-87.64082837	9, 72
18625	Ashland & Grand	41.89073521	-87.66727294	9, X9
18626	Montrose & Damen	41.96138538	-87.67881044	78
18627	Montrose & Hermitage	41.96149687	-87.67228593	78
18630	Michigan & 95th Street	41.7215306	-87.62067708	3, X4
18632	Ashland & Belmont/Lincoln	41.9393663	-87.66879706	9, X9
18635	Sheridan & Sunnyside	41.96350619	-87.65468823	151
18636	Ashland & Belmont/Lincoln	41.94002983	-87.66855039	9, X9
18637	Ashland & Roscoe	41.94313248	-87.66890298	9
18638	Diversey & Central Park	41.93185179	-87.71688412	76
18639	Diversey & Milwaukee/Kimball	41.93203708	-87.7128435	76
18640	Montrose & Rockwell	41.96123071	-87.69336387	78
18641	Montrose & Rockwell	41.96134648	-87.69392849	78
18642	Grand & California	41.8940919	-87.69632699	65
18644	Grand & Rockwell	41.89215792	-87.69142178	65
18645	Grand & Western	41.8905938	-87.68637066	65
18646	Grand & Oakley	41.89064511	-87.68397879	65
18648	Belmont & Southport	41.93969143	-87.66367767	77
18649	Cermak & Lumber	41.85279349	-87.64230045	21
18650	Taylor & Racine	41.86938246	-87.65661859	157
18651	Addison & Oakley	41.94672018	-87.68529959	152
18652	Addison & Oakley	41.9468096	-87.68605902	152
18656	Diversey & Leavitt	41.93221743	-87.68061143	76
18657	Diversey & Leavitt	41.93226826	-87.68075643	76
18662	Jefferson & Jackson	41.87813299	-87.64241107	60, 124, 125, 157, 192
18665	Jefferson & Taylor	41.86985899	-87.64217784	157
18666	Jefferson & Polk	41.87213066	-87.64230243	157
18667	Stony Island & 62nd Street	41.7833376	-87.58637484	6, 10, 15, 28
18668	Chicago & Western	41.89572846	-87.68646772	66
18669	Grand & Damen	41.89091853	-87.67719797	65
18674	Belmont & Spaulding	41.93940386	-87.70987637	77
18675	Belmont & Albany	41.93940362	-87.70531267	77
18676	Ashland & 46th Street	41.81060612	-87.66488695	9
18678	Belmont & Oakley	41.93943541	-87.68530361	77
18679	Belmont & Hoyne	41.93948351	-87.68044691	77
18680	Belmont & Hoyne	41.93962406	-87.68102384	77
18681	Commercial & 91st Street	41.7303934	-87.55118485	26, 71, 87, N5
18683	Ashland & 43rd Street	41.81617101	-87.66498326	9, X9
18684	Ashland & 46th Street	41.81027968	-87.66513865	9
18686	Commercial & 92nd Street	41.72801724	-87.5512858	71
18687	92nd Street & Commercial	41.7281839	-87.55086174	30, 95
18688	Clark & Irving Park	41.95424739	-87.66219737	22
18689	Chicago & Waller	41.89490739	-87.76823652	66
18690	Chicago & Mayfield	41.89481903	-87.77256842	66
18691	Grand & Campbell	41.89119188	-87.68898388	65
18692	Armitage & California	41.91744098	-87.69696682	73
18693	Armitage & California	41.91755366	-87.69738099	73
18694	Fullerton & Marmora	41.92390936	-87.77353714	74
18695	Fullerton & Melvina	41.92381489	-87.78086394	74
18696	Fullerton & Mobile	41.92382556	-87.78285847	74
18697	Fullerton & Melvina	41.92371336	-87.78038377	74
18698	Fullerton & Meade	41.92376883	-87.77796736	74
18699	Fullerton & Austin	41.92378149	-87.77542517	74
18700	Clark & Glenlake	41.99244272	-87.67025687	22
18701	Clark & Glenlake	41.99308441	-87.66995311	22
18702	Belmont & Seminary	41.93980797	-87.65636199	77
18703	Belmont & Seminary	41.93994193	-87.65668798	77
18704	Irving Park & Hermitage	41.95435975	-87.67250371	80
18706	63rd Street Beach	41.78002886	-87.57521205	63
18707	Milwaukee & Wabansia	41.91213733	-87.68003899	56
18708	Addison & Kilbourn	41.94627356	-87.73965109	152
18709	Ridge & Dempster	42.0410374	-87.68844711	201
18710	Chicago & Mayfield	41.89471841	-87.7719597	66
18711	Howard & Bell	42.01960412	-87.68641863	97, 206
18712	Ravenswood (west Leg) & Leland	41.96756365	-87.67411645	9
18713	Harlem & Barry	41.93623769	-87.80675243	90
18714	Lawrence & California	41.9684631	-87.69825654	81
18715	Milwaukee & Lawndale	41.9369331	-87.72016913	56
18717	Milwaukee & Lawndale	41.93640108	-87.71947016	56
18719	Belmont & Kostner	41.93889686	-87.73647062	77
18720	Chicago & Menard	41.89473449	-87.76974181	66
18721	Chicago & Waller	41.89478266	-87.76751868	66
18722	Pulaski & 93rd Street	41.72392995	-87.72161895	53A
18723	Pulaski & 93rd Street	41.72436971	-87.72140111	53A
18724	Lincoln & Berwyn	41.97737018	-87.69260305	11
18725	Ashland & Irving Park	41.9547264	-87.66891188	9
18726	Ashland & Berteau	41.95825532	-87.669034	9
18727	Wilson & Hermitage	41.96528377	-87.67224362	9
18729	Ashland & Montrose	41.96119907	-87.66938228	9
18730	Ashland & Berteau	41.95761116	-87.66926322	9
18732	Clark & Oak	41.90090172	-87.63125799	22, 70
18733	Cermak & Harlem	41.85046381	-87.80461959	21
18734	Logan Square Blue Line Station	41.92988691	-87.70772579	76, 93
18736	Fullerton & Major	41.92388697	-87.76804264	74, 91
18738	Milwaukee & Wolfram	41.93294976	-87.71391406	56
18739	Milwaukee & Armitage	41.91799604	-87.68937591	56
18741	43rd Street & Berkeley	41.81694397	-87.60102113	43
18742	Milwaukee & Diversey/Kimball	41.93242582	-87.71274293	56
18743	Milwaukee & Wisner	41.93358755	-87.71467242	56
18744	Laramie & Potomac	41.90382568	-87.75586862	57
18745	Laramie & Ohio	41.89096071	-87.755517	57
18746	Laramie & Ohio	41.89158739	-87.75538603	57
18749	79th Street & Eberhart	41.75119715	-87.61276898	79
18750	79th Street & Michigan	41.75105431	-87.62172151	79
18751	47th Street & Langley	41.80954504	-87.60941701	47
18752	47th Street & Vincennes	41.8094776	-87.61428898	47
18754	47th Street & Langley	41.80947188	-87.60850551	47
18755	Damen & Argyle	41.97272657	-87.6791782	50
18756	Western & Roscoe	41.94344227	-87.68801673	49
18757	Belmont & St. Louis	41.93930384	-87.71521203	77
18758	Belmont & Central Park	41.93927613	-87.71787146	77
18759	Belmont & Ridgeway	41.93923372	-87.72097635	77
18760	Belmont & Ridgeway	41.93911577	-87.72026836	77
18761	Damen & Lawrence	41.96907124	-87.67907973	50
18762	Western & Division	41.9026943	-87.68715584	49, X49
18763	Fairbanks & Ohio	41.89289758	-87.6201456	120, 121
18764	Western Brown Line Station	41.96560718	-87.68869881	49, X49
18765	Lawrence Red Line Station	41.96910324	-87.65903582	81
18768	Commercial & 92nd Street	41.72856052	-87.55113966	71, N5
18770	Irving Park & Ashland	41.95421013	-87.66826298	80, X9
18771	Taylor & Paulina	41.86916344	-87.6684578	157
18772	Taylor & Ashland	41.86919727	-87.66574737	157
18773	Taylor & Loomis	41.86928281	-87.66107833	157
18774	59th Street & Racine	41.78681806	-87.65420804	59
18775	59th Street & Union	41.78700447	-87.64204298	59
18776	59th Street & Normal	41.78707833	-87.63709498	59
18777	59th Street & Normal	41.78721194	-87.63805586	59
18778	59th Street & Union	41.78712534	-87.64280421	59
18781	Damen & 48th Street	41.80635679	-87.67472665	48
18782	Ford City	41.75564953	-87.73292114	53
18783	41st Street & Emerald	41.82019531	-87.64483775	43
18784	111th Street & Campbell	41.69183566	-87.68400536	112
18785	Lawndale & 31st Street	41.83737384	-87.71695164	82
18786	Halsted & Milwaukee/Grand (Blue Line)	41.89083806	-87.64768433	8
18788	Pulaski & 31st Street	41.83651501	-87.72442854	53
18789	31st Street & Lawndale	41.83691938	-87.71776861	35, 82
18790	31st Street & Lawndale	41.8370714	-87.71748715	35, 82
18791	Michigan & South Water	41.88715327	-87.62438066	146, 148
18794	Chicago & Milwaukee (Blue Line)	41.89633203	-87.65610466	66
18795	Taylor & Morgan	41.86944489	-87.65056226	157
18796	State & 29th Street	41.84228175	-87.62659399	29
18797	State & 53rd Street	41.79785871	-87.62589346	29
18798	Lincoln & Carmen	41.97372649	-87.69196104	11
18799	Western & Ainslie	41.97003873	-87.68910208	11
18800	Lincoln & Carmen	41.97436186	-87.69203715	11
18801	Belmont & Racine	41.93977668	-87.65854232	77
18802	Chicago & Noble	41.89621628	-87.66283301	66
18803	Wells & Chicago	41.89618196	-87.63428596	66
18804	79th Street & Damen	41.75029857	-87.67367688	75, 79
18805	Damen & 79th Street	41.75056564	-87.67304339	48, 75
18806	Kedzie & Sunnyside	41.96326948	-87.7083804	93
18807	Montrose & Kedzie	41.96112662	-87.70779364	78, 93
18808	Montrose & Mozart	41.96118313	-87.69931655	93
18809	California & Cullom	41.95955799	-87.6984996	93
18810	California & Berteau	41.95776101	-87.69843347	93
18811	California & Belle Plaine	41.95591413	-87.69839164	93
18812	California & Irving Park	41.95362161	-87.69834069	93
18813	California & Byron	41.9523003	-87.69827858	93
18814	California & Grace	41.95040753	-87.69826938	93
18815	California & Waveland	41.94861285	-87.69816852	93
18816	California & Addison	41.94702382	-87.69800357	93
18817	California & Waveland	41.94884145	-87.69801951	93
18818	California & Grace	41.95021712	-87.69805132	93
18819	California & Byron	41.95203895	-87.69808281	93
18820	California & Irving Park	41.95381353	-87.69812578	93
18821	California & Belle Plaine	41.95567957	-87.69819389	93
18822	California & Berteau	41.95748525	-87.69825781	93
18823	California & Cullom	41.95929088	-87.6983294	93
18824	Montrose & California	41.96130646	-87.69887358	78, 93
18825	Kedzie & Sunnyside	41.96289766	-87.7082229	93
18826	Kedzie Brown Line Station	41.96644887	-87.7083521	93
18827	Pershing & Morgan	41.82347341	-87.65146958	39
18828	McClurg & Ontario	41.89362342	-87.61782242	120, 121
18830	Clybourn & Cortland	41.916886	-87.65798577	73
18831	Archer & California	41.81947772	-87.69565398	62
18832	Elston & Cortland	41.91572975	-87.66576902	73
18833	71st Street & Washtenaw	41.76464207	-87.69101345	67, 94
18834	Ashland & Catalpa	41.98144558	-87.66988478	50
18835	Ashland & Catalpa	41.98185323	-87.66964491	50
18836	Ashland & Hollywood	41.98500033	-87.66972378	50
18837	Oakton & Hartrey	42.02658097	-87.70468175	97
18838	Ridge & Monroe	42.03105432	-87.68597874	201, 206
18839	Central Street & Green Bay Rd	42.06440096	-87.6997067	201, 206
18840	Central Street & Green Bay Rd	42.06428053	-87.69990056	201
18841	Central Street & Broadway/Poplar	42.06424772	-87.69762043	201
18842	Ridge & Monroe	42.03056215	-87.68603596	201, 206
18843	Ridge & Oakton	42.02624854	-87.68547531	201, 206
18844	North Ave & Taylor	41.9091143	-87.77779973	72
18845	Midway Plaisance & Stony Island	41.78629706	-87.58740255	2, 59
18846	5200 S Pulaski	41.79822822	-87.72344424	53, 53A
18847	Pulaski & 53rd Street	41.79650272	-87.72338269	53, 53A
18848	Pulaski & 59th Street	41.78633758	-87.72280919	53, 53A
18849	Pulaski & 48th Street	41.80627277	-87.72339968	53
18850	Commercial & 87th Street	41.73709647	-87.5514996	26, 71, N5
18851	71st Street & Lawndale	41.76425337	-87.71546467	67
